ISO-10303-21;
HEADER;
/* Generated by software containing ST-Developer
 * from STEP Tools, Inc. (www.steptools.com) 
 */
/* OPTION: using custom schema-name function */

FILE_DESCRIPTION(
/* description */ (''),
/* implementation_level */ '2;1');

FILE_NAME(
/* name */ 'Sliger - CX3702 - Fan Mod',
/* time_stamp */ '2026-09-16T14:06:17-07:00',
/* author */ (''),
/* organization */ (''),
/* preprocessor_version */ 'ST-DEVELOPER v19.2',
/* originating_system */ 'Rhino 8.35',
/* authorisation */ '');

FILE_SCHEMA (('CONFIG_CONTROL_DESIGN'));
ENDSEC;

DATA;
#10=SHAPE_REPRESENTATION_RELATIONSHIP('','',#6094,#880);
#11=B_SPLINE_SURFACE_WITH_KNOTS('',3,1,((#7386,#7387),(#7388,#7389),(#7390,
#7391),(#7392,#7393),(#7394,#7395)),.UNSPECIFIED.,.F.,.F.,.F.,(4,1,4),(2,
2),(0.,1.77552028028437,3.55099959214901),(30.5,31.5),.UNSPECIFIED.);
#12=B_SPLINE_SURFACE_WITH_KNOTS('',3,1,((#7396,#7397),(#7398,#7399),(#7400,
#7401),(#7402,#7403),(#7404,#7405)),.UNSPECIFIED.,.F.,.F.,.F.,(4,1,4),(2,
2),(0.,1.77548127761656,3.55096255523312),(30.5,31.5),.UNSPECIFIED.);
#13=B_SPLINE_SURFACE_WITH_KNOTS('',3,1,((#7406,#7407),(#7408,#7409),(#7410,
#7411),(#7412,#7413),(#7414,#7415)),.UNSPECIFIED.,.F.,.F.,.F.,(4,1,4),(2,
2),(-3.55411578598615,-1.77705789299307,0.),(30.5,31.5),.UNSPECIFIED.);
#14=B_SPLINE_SURFACE_WITH_KNOTS('',3,1,((#7416,#7417),(#7418,#7419),(#7420,
#7421),(#7422,#7423),(#7424,#7425)),.UNSPECIFIED.,.F.,.F.,.F.,(4,1,4),(2,
2),(-3.5541157859819,-1.77707870241249,0.),(30.5,31.5),.UNSPECIFIED.);
#15=B_SPLINE_SURFACE_WITH_KNOTS('',3,1,((#7426,#7427),(#7428,#7429),(#7430,
#7431),(#7432,#7433),(#7434,#7435)),.UNSPECIFIED.,.F.,.F.,.F.,(4,1,4),(2,
2),(-3.55411578709118,-1.77705789354559,0.),(30.5,31.5),.UNSPECIFIED.);
#16=B_SPLINE_SURFACE_WITH_KNOTS('',3,1,((#7436,#7437),(#7438,#7439),(#7440,
#7441),(#7442,#7443),(#7444,#7445)),.UNSPECIFIED.,.F.,.F.,.F.,(4,1,4),(2,
2),(-3.55411578598961,-1.77705789299481,0.),(30.5,31.5000000000001),
 .UNSPECIFIED.);
#17=B_SPLINE_SURFACE_WITH_KNOTS('',3,1,((#7446,#7447),(#7448,#7449),(#7450,
#7451),(#7452,#7453),(#7454,#7455)),.UNSPECIFIED.,.F.,.F.,.F.,(4,1,4),(2,
2),(-3.55411635700407,-1.77705817850203,0.),(30.5,31.5000000000001),
 .UNSPECIFIED.);
#18=B_SPLINE_SURFACE_WITH_KNOTS('',3,1,((#7456,#7457),(#7458,#7459),(#7460,
#7461),(#7462,#7463),(#7464,#7465)),.UNSPECIFIED.,.F.,.F.,.F.,(4,1,4),(2,
2),(0.,1.77549395063611,3.55098790127221),(30.5,31.5),.UNSPECIFIED.);
#19=B_SPLINE_SURFACE_WITH_KNOTS('',1,3,((#7585,#7586,#7587,#7588,#7589),
(#7590,#7591,#7592,#7593,#7594)),.UNSPECIFIED.,.F.,.F.,.F.,(2,2),(4,1,4),
(30.5,31.5),(0.,1.77552028028437,3.55099959214901),.UNSPECIFIED.);
#20=B_SPLINE_SURFACE_WITH_KNOTS('',1,3,((#7595,#7596,#7597,#7598,#7599),
(#7600,#7601,#7602,#7603,#7604)),.UNSPECIFIED.,.F.,.F.,.F.,(2,2),(4,1,4),
(30.5,31.5),(0.,1.77548127761656,3.55096255523312),.UNSPECIFIED.);
#21=B_SPLINE_SURFACE_WITH_KNOTS('',1,3,((#7605,#7606,#7607,#7608,#7609),
(#7610,#7611,#7612,#7613,#7614)),.UNSPECIFIED.,.F.,.F.,.F.,(2,2),(4,1,4),
(30.5,31.5),(-3.55411578598615,-1.77705789299307,0.),.UNSPECIFIED.);
#22=B_SPLINE_SURFACE_WITH_KNOTS('',1,3,((#7615,#7616,#7617,#7618,#7619),
(#7620,#7621,#7622,#7623,#7624)),.UNSPECIFIED.,.F.,.F.,.F.,(2,2),(4,1,4),
(30.5,31.5),(-3.5541157859819,-1.77707870241249,0.),.UNSPECIFIED.);
#23=B_SPLINE_SURFACE_WITH_KNOTS('',1,3,((#7625,#7626,#7627,#7628,#7629),
(#7630,#7631,#7632,#7633,#7634)),.UNSPECIFIED.,.F.,.F.,.F.,(2,2),(4,1,4),
(30.5,31.5),(-3.55411578709118,-1.77705789354559,0.),.UNSPECIFIED.);
#24=B_SPLINE_SURFACE_WITH_KNOTS('',1,3,((#7635,#7636,#7637,#7638,#7639),
(#7640,#7641,#7642,#7643,#7644)),.UNSPECIFIED.,.F.,.F.,.F.,(2,2),(4,1,4),
(30.5,31.5000000000001),(-3.55411578598961,-1.77705789299481,0.),
 .UNSPECIFIED.);
#25=B_SPLINE_SURFACE_WITH_KNOTS('',1,3,((#7645,#7646,#7647,#7648,#7649),
(#7650,#7651,#7652,#7653,#7654)),.UNSPECIFIED.,.F.,.F.,.F.,(2,2),(4,1,4),
(30.5,31.5000000000001),(-3.55411635700407,-1.77705817850203,0.),
 .UNSPECIFIED.);
#26=B_SPLINE_SURFACE_WITH_KNOTS('',1,3,((#7655,#7656,#7657,#7658,#7659),
(#7660,#7661,#7662,#7663,#7664)),.UNSPECIFIED.,.F.,.F.,.F.,(2,2),(4,1,4),
(30.5,31.5),(0.,1.77549395063611,3.55098790127221),.UNSPECIFIED.);
#27=B_SPLINE_SURFACE_WITH_KNOTS('',1,3,((#7667,#7668,#7669,#7670,#7671),
(#7672,#7673,#7674,#7675,#7676)),.UNSPECIFIED.,.F.,.F.,.F.,(2,2),(4,1,4),
(30.4999999999999,31.5),(0.,1.77549422840883,3.55098845681765),
 .UNSPECIFIED.);
#28=B_SPLINE_SURFACE_WITH_KNOTS('',1,3,((#7677,#7678,#7679,#7680,#7681),
(#7682,#7683,#7684,#7685,#7686)),.UNSPECIFIED.,.F.,.F.,.F.,(2,2),(4,1,4),
(30.4999999999999,31.5),(0.,1.77549554953545,3.55099186679429),
 .UNSPECIFIED.);
#29=B_SPLINE_SURFACE_WITH_KNOTS('',1,3,((#7687,#7688,#7689,#7690,#7691),
(#7692,#7693,#7694,#7695,#7696)),.UNSPECIFIED.,.F.,.F.,.F.,(2,2),(4,1,4),
(30.4999999999999,31.5),(-3.55411521388012,-1.77705721748124,0.),
 .UNSPECIFIED.);
#30=B_SPLINE_SURFACE_WITH_KNOTS('',1,3,((#7697,#7698,#7699,#7700,#7701),
(#7702,#7703,#7704,#7705,#7706)),.UNSPECIFIED.,.F.,.F.,.F.,(2,2),(4,1,4),
(30.4999999999999,31.5),(-3.55411578709118,-1.77705789354559,0.),
 .UNSPECIFIED.);
#31=B_SPLINE_SURFACE_WITH_KNOTS('',3,1,((#7723,#7724),(#7725,#7726),(#7727,
#7728),(#7729,#7730),(#7731,#7732),(#7733,#7734),(#7735,#7736),(#7737,#7738)),
 .UNSPECIFIED.,.F.,.F.,.F.,(4,3,1,4),(2,2),(-0.0581067652283561,-6.13167738701941E-14,
2.86401967924226,5.73033207723133),(0.,2.23466998908737),.UNSPECIFIED.);
#32=B_SPLINE_SURFACE_WITH_KNOTS('',3,1,((#7739,#7740),(#7741,#7742),(#7743,
#7744),(#7745,#7746),(#7747,#7748),(#7749,#7750),(#7751,#7752),(#7753,#7754)),
 .UNSPECIFIED.,.F.,.F.,.F.,(4,1,3,4),(2,2),(-4.92149214143033E-14,2.86408052889159,
5.73038424252446,5.78838927910099),(0.,2.2346767846908),.UNSPECIFIED.);
#33=B_SPLINE_SURFACE_WITH_KNOTS('',3,1,((#7755,#7756),(#7757,#7758),(#7759,
#7760),(#7761,#7762),(#7763,#7764),(#7765,#7766),(#7767,#7768)),
 .UNSPECIFIED.,.F.,.F.,.F.,(4,1,1,1,4),(2,2),(-3.05291312671361E-14,1.43324301104632,
2.86648602209267,4.2989743880225,5.73146275395233),(0.,2.17163592524544),
 .UNSPECIFIED.);
#34=B_SPLINE_SURFACE_WITH_KNOTS('',3,1,((#7769,#7770),(#7771,#7772),(#7773,
#7774),(#7775,#7776),(#7777,#7778),(#7779,#7780),(#7781,#7782)),
 .UNSPECIFIED.,.F.,.F.,.F.,(4,1,1,1,4),(2,2),(-2.8192711353939E-14,1.43320870534797,
2.86641741069596,4.29888644293559,5.73135547517522),(0.,2.17167523911236),
 .UNSPECIFIED.);
#35=B_SPLINE_SURFACE_WITH_KNOTS('',3,1,((#7783,#7784),(#7785,#7786),(#7787,
#7788),(#7789,#7790),(#7791,#7792),(#7793,#7794),(#7795,#7796)),
 .UNSPECIFIED.,.F.,.F.,.F.,(4,1,1,1,4),(2,2),(0.,1.43324301145814,2.86648602291627,
4.29895505536676,5.73142408781725),(0.,2.17167523964193),.UNSPECIFIED.);
#36=B_SPLINE_SURFACE_WITH_KNOTS('',3,1,((#7797,#7798),(#7799,#7800),(#7801,
#7802),(#7803,#7804),(#7805,#7806),(#7807,#7808),(#7809,#7810)),
 .UNSPECIFIED.,.F.,.F.,.F.,(4,1,1,1,4),(2,2),(-5.04171152775367E-13,1.43324301105383,
2.86648602210817,4.29895505434089,5.73142408657361),(0.,2.1716752391649),
 .UNSPECIFIED.);
#37=B_SPLINE_SURFACE_WITH_KNOTS('',3,1,((#7811,#7812),(#7813,#7814),(#7815,
#7816),(#7817,#7818),(#7819,#7820),(#7821,#7822),(#7823,#7824)),
 .UNSPECIFIED.,.F.,.F.,.F.,(4,1,1,1,4),(2,2),(-1.05461180115552E-13,1.43324357810789,
2.86648715621589,4.2989563972232,5.73142563823051),(0.,2.17167523878962),
 .UNSPECIFIED.);
#38=B_SPLINE_SURFACE_WITH_KNOTS('',3,1,((#7825,#7826),(#7827,#7828),(#7829,
#7830),(#7831,#7832),(#7833,#7834)),.UNSPECIFIED.,.F.,.F.,.F.,(4,1,4),(2,
2),(-9.83556853745108E-13,2.86404231062879,5.73039943830999),(0.,2.23466693338083),
 .UNSPECIFIED.);
#39=B_SPLINE_SURFACE_WITH_KNOTS('',3,1,((#7836,#7837),(#7838,#7839),(#7840,
#7841),(#7842,#7843),(#7844,#7845),(#7846,#7847),(#7848,#7849),(#7850,#7851)),
 .UNSPECIFIED.,.F.,.F.,.F.,(4,1,3,4),(2,2),(0.,2.86635727351837,5.73040070727584,
5.73116323438957),(0.,2.23466686201627),.UNSPECIFIED.);
#40=B_SPLINE_SURFACE_WITH_KNOTS('',3,1,((#7852,#7853),(#7854,#7855),(#7856,
#7857),(#7858,#7859),(#7860,#7861),(#7862,#7863),(#7864,#7865)),
 .UNSPECIFIED.,.F.,.F.,.F.,(4,1,1,1,4),(2,2),(0.,1.43246818080671,2.86493636161341,
4.29817916356112,5.73142196550882),(0.,2.1692446704228),.UNSPECIFIED.);
#41=B_SPLINE_SURFACE_WITH_KNOTS('',3,1,((#7866,#7867),(#7868,#7869),(#7870,
#7871),(#7872,#7873),(#7874,#7875),(#7876,#7877),(#7878,#7879)),
 .UNSPECIFIED.,.F.,.F.,.F.,(4,1,1,1,4),(2,2),(5.51505919798002E-13,1.43246903272085,
2.86493806544114,4.29818148004346,5.73142489464577),(0.,2.16924389551568),
 .UNSPECIFIED.);
#42=B_SPLINE_SURFACE_WITH_KNOTS('',3,1,((#7880,#7881),(#7882,#7883),(#7884,
#7885),(#7886,#7887),(#7888,#7889),(#7890,#7891),(#7892,#7893),(#7894,#7895)),
 .UNSPECIFIED.,.F.,.F.,.F.,(4,1,3,4),(2,2),(-9.77092985721002E-14,2.86631239799213,
5.73033207723076,5.73109460445457),(0.,2.23466998907976),.UNSPECIFIED.);
#43=B_SPLINE_SURFACE_WITH_KNOTS('',3,1,((#7896,#7897),(#7898,#7899),(#7900,
#7901),(#7902,#7903),(#7904,#7905)),.UNSPECIFIED.,.F.,.F.,.F.,(4,1,4),(2,
2),(-2.48314625425059E-14,2.86630371363271,5.73038424252433),(0.,2.23467678469123),
 .UNSPECIFIED.);
#44=B_SPLINE_SURFACE_WITH_KNOTS('',3,1,((#7906,#7907),(#7908,#7909),(#7910,
#7911),(#7912,#7913),(#7914,#7915),(#7916,#7917),(#7918,#7919)),
 .UNSPECIFIED.,.F.,.F.,.F.,(4,1,1,1,4),(2,2),(5.64810765840169E-14,1.43248836592986,
2.86497673185967,4.29821974290605,5.73146275395242),(0.,2.1692446709453),
 .UNSPECIFIED.);
#45=B_SPLINE_SURFACE_WITH_KNOTS('',3,1,((#7920,#7921),(#7922,#7923),(#7924,
#7925),(#7926,#7927),(#7928,#7929),(#7930,#7931),(#7932,#7933)),
 .UNSPECIFIED.,.F.,.F.,.F.,(4,1,1,1,4),(2,2),(5.59331411681583E-13,1.4324690322402,
2.86493806447984,4.29814676982782,5.73135547517581),(0.,2.16924487509859),
 .UNSPECIFIED.);
#46=B_SPLINE_SURFACE_WITH_KNOTS('',3,1,((#7934,#7935),(#7936,#7937),(#7938,
#7939),(#7940,#7941),(#7942,#7943),(#7944,#7945),(#7946,#7947)),
 .UNSPECIFIED.,.F.,.F.,.F.,(4,1,1,1,4),(2,2),(4.67815043565204E-13,1.43246903245101,
2.86493806490155,4.29818107635966,5.73142408781778),(0.,2.16924467089087),
 .UNSPECIFIED.);
#47=B_SPLINE_SURFACE_WITH_KNOTS('',3,1,((#7948,#7949),(#7950,#7951),(#7952,
#7953),(#7954,#7955),(#7956,#7957),(#7958,#7959),(#7960,#7961)),
 .UNSPECIFIED.,.F.,.F.,.F.,(4,1,1,1,4),(2,2),(-1.60521031563901E-13,1.43246903223258,
2.86493806446531,4.29818107551967,5.73142408657402),(0.,2.16924467094356),
 .UNSPECIFIED.);
#48=B_SPLINE_SURFACE_WITH_KNOTS('',3,1,((#7962,#7963),(#7964,#7965),(#7966,
#7967),(#7968,#7969),(#7970,#7971),(#7972,#7973),(#7974,#7975)),
 .UNSPECIFIED.,.F.,.F.,.F.,(4,1,1,1,4),(2,2),(0.,1.43246924100725,2.8649384820145,
4.2981820601225,5.7314256382305),(0.,2.16924398242785),.UNSPECIFIED.);
#49=B_SPLINE_SURFACE_WITH_KNOTS('',3,1,((#7976,#7977),(#7978,#7979),(#7980,
#7981),(#7982,#7983),(#7984,#7985)),.UNSPECIFIED.,.F.,.F.,.F.,(4,1,4),(2,
2),(5.60100439619664E-13,2.86635712768178,5.73039943831149),(0.,2.23466693338064),
 .UNSPECIFIED.);
#50=B_SPLINE_SURFACE_WITH_KNOTS('',3,1,((#7986,#7987),(#7988,#7989),(#7990,
#7991),(#7992,#7993),(#7994,#7995)),.UNSPECIFIED.,.F.,.F.,.F.,(4,1,4),(2,
2),(0.,2.86635790949961,5.73040220489319),(0.,2.23466735373907),
 .UNSPECIFIED.);
#51=B_SPLINE_SURFACE_WITH_KNOTS('',3,1,((#9569,#9570),(#9571,#9572),(#9573,
#9574),(#9575,#9576),(#9577,#9578)),.UNSPECIFIED.,.F.,.F.,.F.,(4,1,4),(2,
2),(-3.55411578598334,-1.77707457039686,0.),(30.5,33.),.UNSPECIFIED.);
#52=B_SPLINE_SURFACE_WITH_KNOTS('',3,1,((#9579,#9580),(#9581,#9582),(#9583,
#9584),(#9585,#9586),(#9587,#9588)),.UNSPECIFIED.,.F.,.F.,.F.,(4,1,4),(2,
2),(0.,1.77549769579456,3.55096255523312),(30.5,33.),.UNSPECIFIED.);
#53=B_SPLINE_SURFACE_WITH_KNOTS('',3,1,((#9589,#9590),(#9591,#9592),(#9593,
#9594),(#9595,#9596),(#9597,#9598)),.UNSPECIFIED.,.F.,.F.,.F.,(4,1,4),(2,
2),(-3.55411578598615,-1.77707425869554,0.),(30.5,33.),.UNSPECIFIED.);
#54=B_SPLINE_SURFACE_WITH_KNOTS('',3,1,((#9599,#9600),(#9601,#9602),(#9603,
#9604),(#9605,#9606),(#9607,#9608)),.UNSPECIFIED.,.F.,.F.,.F.,(4,1,4),(2,
2),(0.,1.77549707293416,3.5509619232307),(30.5,33.),.UNSPECIFIED.);
#55=B_SPLINE_SURFACE_WITH_KNOTS('',3,1,((#9611,#9612),(#9613,#9614),(#9615,
#9616),(#9617,#9618),(#9619,#9620)),.UNSPECIFIED.,.F.,.F.,.F.,(4,1,4),(2,
2),(-3.5541157859819,-1.77705789299095,0.),(30.5,33.),.UNSPECIFIED.);
#56=B_SPLINE_SURFACE_WITH_KNOTS('',3,1,((#9621,#9622),(#9623,#9624),(#9625,
#9626),(#9627,#9628),(#9629,#9630)),.UNSPECIFIED.,.F.,.F.,.F.,(4,1,4),(2,
2),(-3.55411578598334,-1.77707457039687,0.),(30.5,33.),.UNSPECIFIED.);
#57=B_SPLINE_SURFACE_WITH_KNOTS('',3,1,((#9631,#9632),(#9633,#9634),(#9635,
#9636),(#9637,#9638),(#9639,#9640)),.UNSPECIFIED.,.F.,.F.,.F.,(4,1,4),(2,
2),(0.,1.77549769579457,3.55096255523312),(30.5,33.),.UNSPECIFIED.);
#58=B_SPLINE_SURFACE_WITH_KNOTS('',3,1,((#9641,#9642),(#9643,#9644),(#9645,
#9646),(#9647,#9648),(#9649,#9650)),.UNSPECIFIED.,.F.,.F.,.F.,(4,1,4),(2,
2),(-3.55411578598615,-1.77705789299307,0.),(30.5,33.),.UNSPECIFIED.);
#59=B_SPLINE_SURFACE_WITH_KNOTS('',3,1,((#9651,#9652),(#9653,#9654),(#9655,
#9656),(#9657,#9658),(#9659,#9660)),.UNSPECIFIED.,.F.,.F.,.F.,(4,1,4),(2,
2),(-3.55411578598961,-1.77705745473884,0.),(30.5,33.),.UNSPECIFIED.);
#60=B_SPLINE_SURFACE_WITH_KNOTS('',3,1,((#9661,#9662),(#9663,#9664),(#9665,
#9666),(#9667,#9668),(#9669,#9670)),.UNSPECIFIED.,.F.,.F.,.F.,(4,1,4),(2,
2),(0.,1.77549554953545,3.55099186679429),(30.5,33.),.UNSPECIFIED.);
#61=B_SPLINE_SURFACE_WITH_KNOTS('',3,1,((#9671,#9672),(#9673,#9674),(#9675,
#9676),(#9677,#9678),(#9679,#9680)),.UNSPECIFIED.,.F.,.F.,.F.,(4,1,4),(2,
2),(-3.55411521388012,-1.77705721748124,0.),(30.5,33.),.UNSPECIFIED.);
#62=B_SPLINE_SURFACE_WITH_KNOTS('',3,1,((#9681,#9682),(#9683,#9684),(#9685,
#9686),(#9687,#9688),(#9689,#9690)),.UNSPECIFIED.,.F.,.F.,.F.,(4,1,4),(2,
2),(0.,1.77549535712932,3.55099157817429),(30.5,33.),.UNSPECIFIED.);
#63=B_SPLINE_SURFACE_WITH_KNOTS('',1,3,((#9792,#9793,#9794,#9795,#9796),
(#9797,#9798,#9799,#9800,#9801)),.UNSPECIFIED.,.F.,.F.,.F.,(2,2),(4,1,4),
(30.5,33.),(-3.55411578598334,-1.77707457039686,0.),.UNSPECIFIED.);
#64=B_SPLINE_SURFACE_WITH_KNOTS('',1,3,((#9802,#9803,#9804,#9805,#9806),
(#9807,#9808,#9809,#9810,#9811)),.UNSPECIFIED.,.F.,.F.,.F.,(2,2),(4,1,4),
(30.5,33.),(0.,1.77549769579456,3.55096255523312),.UNSPECIFIED.);
#65=B_SPLINE_SURFACE_WITH_KNOTS('',1,3,((#9812,#9813,#9814,#9815,#9816),
(#9817,#9818,#9819,#9820,#9821)),.UNSPECIFIED.,.F.,.F.,.F.,(2,2),(4,1,4),
(30.5,33.),(-3.55411578598615,-1.77707425869554,0.),.UNSPECIFIED.);
#66=B_SPLINE_SURFACE_WITH_KNOTS('',1,3,((#9822,#9823,#9824,#9825,#9826),
(#9827,#9828,#9829,#9830,#9831)),.UNSPECIFIED.,.F.,.F.,.F.,(2,2),(4,1,4),
(30.5,33.),(0.,1.77549707293416,3.5509619232307),.UNSPECIFIED.);
#67=B_SPLINE_SURFACE_WITH_KNOTS('',1,3,((#9853,#9854,#9855,#9856,#9857),
(#9858,#9859,#9860,#9861,#9862)),.UNSPECIFIED.,.F.,.F.,.F.,(2,2),(4,1,4),
(30.5,33.),(-3.5541157859819,-1.77705789299095,0.),.UNSPECIFIED.);
#68=B_SPLINE_SURFACE_WITH_KNOTS('',1,3,((#9863,#9864,#9865,#9866,#9867),
(#9868,#9869,#9870,#9871,#9872)),.UNSPECIFIED.,.F.,.F.,.F.,(2,2),(4,1,4),
(30.5,33.),(-3.55411578598334,-1.77707457039687,0.),.UNSPECIFIED.);
#69=B_SPLINE_SURFACE_WITH_KNOTS('',1,3,((#9873,#9874,#9875,#9876,#9877),
(#9878,#9879,#9880,#9881,#9882)),.UNSPECIFIED.,.F.,.F.,.F.,(2,2),(4,1,4),
(30.5,33.),(0.,1.77549769579457,3.55096255523312),.UNSPECIFIED.);
#70=B_SPLINE_SURFACE_WITH_KNOTS('',1,3,((#9883,#9884,#9885,#9886,#9887),
(#9888,#9889,#9890,#9891,#9892)),.UNSPECIFIED.,.F.,.F.,.F.,(2,2),(4,1,4),
(30.5,33.),(-3.55411578598615,-1.77705789299307,0.),.UNSPECIFIED.);
#71=B_SPLINE_SURFACE_WITH_KNOTS('',1,3,((#9893,#9894,#9895,#9896,#9897),
(#9898,#9899,#9900,#9901,#9902)),.UNSPECIFIED.,.F.,.F.,.F.,(2,2),(4,1,4),
(30.5,33.),(-3.55411578598961,-1.77705745473884,0.),.UNSPECIFIED.);
#72=B_SPLINE_SURFACE_WITH_KNOTS('',1,3,((#9903,#9904,#9905,#9906,#9907),
(#9908,#9909,#9910,#9911,#9912)),.UNSPECIFIED.,.F.,.F.,.F.,(2,2),(4,1,4),
(30.5,33.),(0.,1.77549554953545,3.55099186679429),.UNSPECIFIED.);
#73=B_SPLINE_SURFACE_WITH_KNOTS('',1,3,((#9913,#9914,#9915,#9916,#9917),
(#9918,#9919,#9920,#9921,#9922)),.UNSPECIFIED.,.F.,.F.,.F.,(2,2),(4,1,4),
(30.5,33.),(-3.55411521388012,-1.77705721748124,0.),.UNSPECIFIED.);
#74=B_SPLINE_SURFACE_WITH_KNOTS('',1,3,((#9923,#9924,#9925,#9926,#9927),
(#9928,#9929,#9930,#9931,#9932)),.UNSPECIFIED.,.F.,.F.,.F.,(2,2),(4,1,4),
(30.5,33.),(0.,1.77549535712932,3.55099157817429),.UNSPECIFIED.);
#75=B_SPLINE_SURFACE_WITH_KNOTS('',3,1,((#9959,#9960),(#9961,#9962),(#9963,
#9964),(#9965,#9966),(#9967,#9968),(#9969,#9970),(#9971,#9972)),
 .UNSPECIFIED.,.F.,.F.,.F.,(4,1,1,1,4),(2,2),(-5.93530982848088E-15,1.43321551701107,
2.86643103402215,4.29891925837744,5.73140748273274),(0.,2.17163621296409),
 .UNSPECIFIED.);
#76=B_SPLINE_SURFACE_WITH_KNOTS('',3,1,((#9973,#9974),(#9975,#9976),(#9977,
#9978),(#9979,#9980),(#9981,#9982)),.UNSPECIFIED.,.F.,.F.,.F.,(4,1,4),(2,
2),(-1.96677745097473E-13,2.86408052889165,5.73032975493185),(0.,2.23467459083238),
 .UNSPECIFIED.);
#77=B_SPLINE_SURFACE_WITH_KNOTS('',3,1,((#9983,#9984),(#9985,#9986),(#9987,
#9988),(#9989,#9990),(#9991,#9992),(#9993,#9994),(#9995,#9996)),
 .UNSPECIFIED.,.F.,.F.,.F.,(4,1,1,1,4),(2,2),(2.00793383387845E-13,1.43321603087342,
2.86643206174664,4.29892042767635,5.73140879360606),(0.,2.17163592524545),
 .UNSPECIFIED.);
#78=B_SPLINE_SURFACE_WITH_KNOTS('',3,1,((#9997,#9998),(#9999,#10000),(#10001,
#10002),(#10003,#10004),(#10005,#10006)),.UNSPECIFIED.,.F.,.F.,.F.,(4,1,
4),(2,2),(-4.92150161105143E-14,2.86407964519264,5.73032967659038),(0.,
2.2346745104372),.UNSPECIFIED.);
#79=B_SPLINE_SURFACE_WITH_KNOTS('',3,1,((#10007,#10008),(#10009,#10010),
(#10011,#10012),(#10013,#10014),(#10015,#10016),(#10017,#10018),(#10019,
#10020)),.UNSPECIFIED.,.F.,.F.,.F.,(4,1,1,1,4),(2,2),(-1.59270565344979E-12,
1.43324301105244,2.86648602210648,4.29895433163339,5.73142264116029),(0.,
2.17167524317952),.UNSPECIFIED.);
#80=B_SPLINE_SURFACE_WITH_KNOTS('',3,1,((#10021,#10022),(#10023,#10024),
(#10025,#10026),(#10027,#10028),(#10029,#10030)),.UNSPECIFIED.,.F.,.F.,
 .F.,(4,1,4),(2,2),(-3.6429409998636E-14,2.86404429539338,5.73040220489377),
(0.,2.23466735373936),.UNSPECIFIED.);
#81=B_SPLINE_SURFACE_WITH_KNOTS('',3,1,((#10031,#10032),(#10033,#10034),
(#10035,#10036),(#10037,#10038),(#10039,#10040),(#10041,#10042),(#10043,
#10044)),.UNSPECIFIED.,.F.,.F.,.F.,(4,1,1,1,4),(2,2),(-6.19466764299616E-14,
1.43324280214281,2.86648560428567,4.29895378508864,5.73142196589161),(0.,
2.17167524313731),.UNSPECIFIED.);
#82=B_SPLINE_SURFACE_WITH_KNOTS('',3,1,((#10045,#10046),(#10047,#10048),
(#10049,#10050),(#10051,#10052),(#10053,#10054)),.UNSPECIFIED.,.F.,.F.,
 .F.,(4,1,4),(2,2),(0.,2.86404378012594,5.73040174274389),(0.,2.23466729061993),
 .UNSPECIFIED.);
#83=B_SPLINE_SURFACE_WITH_KNOTS('',3,1,((#10055,#10056),(#10057,#10058),
(#10059,#10060),(#10061,#10062),(#10063,#10064),(#10065,#10066),(#10067,
#10068)),.UNSPECIFIED.,.F.,.F.,.F.,(4,1,1,1,4),(2,2),(-9.95093260822303E-14,
1.43324301104783,2.86648602209575,4.29895505433547,5.73142408657519),(0.,
2.17167523911225),.UNSPECIFIED.);
#84=B_SPLINE_SURFACE_WITH_KNOTS('',3,1,((#10069,#10070),(#10071,#10072),
(#10073,#10074),(#10075,#10076),(#10077,#10078),(#10079,#10080),(#10081,
#10082)),.UNSPECIFIED.,.F.,.F.,.F.,(4,1,1,1,4),(2,2),(5.79073247374675E-14,
1.43321551701448,2.8664310340289,4.29890006627239,5.73136909851588),(0.,
2.17167523910546),.UNSPECIFIED.);
#85=B_SPLINE_SURFACE_WITH_KNOTS('',3,1,((#10083,#10084),(#10085,#10086),
(#10087,#10088),(#10089,#10090),(#10091,#10092)),.UNSPECIFIED.,.F.,.F.,
 .F.,(4,1,4),(2,2),(-2.15172328092145E-13,2.86408052889172,5.73032975493188),
(0.,2.23467459083235),.UNSPECIFIED.);
#86=B_SPLINE_SURFACE_WITH_KNOTS('',3,1,((#10093,#10094),(#10095,#10096),
(#10097,#10098),(#10099,#10100),(#10101,#10102),(#10103,#10104),(#10105,
#10106)),.UNSPECIFIED.,.F.,.F.,.F.,(4,1,1,1,4),(2,2),(0.,1.4332430110497,
2.8664860220994,4.29897438802556,5.73146275395171),(0.,2.17163592524561),
 .UNSPECIFIED.);
#87=B_SPLINE_SURFACE_WITH_KNOTS('',3,1,((#10107,#10108),(#10109,#10110),
(#10111,#10112),(#10113,#10114),(#10115,#10116),(#10117,#10118),(#10119,
#10120)),.UNSPECIFIED.,.F.,.F.,.F.,(4,1,1,1,4),(2,2),(-1.21984380678384E-13,
1.43246903224321,2.86493806448654,4.29818107553112,5.7314240865757),(0.,
2.16924467093555),.UNSPECIFIED.);
#88=B_SPLINE_SURFACE_WITH_KNOTS('',3,1,((#10121,#10122),(#10123,#10124),
(#10125,#10126),(#10127,#10128),(#10129,#10130),(#10131,#10132),(#10133,
#10134)),.UNSPECIFIED.,.F.,.F.,.F.,(4,1,1,1,4),(2,2),(-1.00010485618596E-13,
1.43246903224339,2.86493806448688,4.29815358150131,5.73136909851574),(0.,
2.16924483458317),.UNSPECIFIED.);
#89=B_SPLINE_SURFACE_WITH_KNOTS('',3,1,((#10135,#10136),(#10137,#10138),
(#10139,#10140),(#10141,#10142),(#10143,#10144)),.UNSPECIFIED.,.F.,.F.,
 .F.,(4,1,4),(2,2),(0.,2.86624922604326,5.73032975493129),(0.,2.23467459082512),
 .UNSPECIFIED.);
#90=B_SPLINE_SURFACE_WITH_KNOTS('',3,1,((#10145,#10146),(#10147,#10148),
(#10149,#10150),(#10151,#10152),(#10153,#10154),(#10155,#10156),(#10157,
#10158)),.UNSPECIFIED.,.F.,.F.,.F.,(4,1,1,1,4),(2,2),(9.51260237181412E-14,
1.43248836592623,2.86497673185237,4.29821974290212,5.73146275395186),(0.,
2.16924467094543),.UNSPECIFIED.);
#91=B_SPLINE_SURFACE_WITH_KNOTS('',3,1,((#10159,#10160),(#10161,#10162),
(#10163,#10164),(#10165,#10166),(#10167,#10168),(#10169,#10170),(#10171,
#10172)),.UNSPECIFIED.,.F.,.F.,.F.,(4,1,1,1,4),(2,2),(9.59172337395153E-13,
1.43246830952787,2.86493661905479,4.29817963010878,5.73142264116278),(0.,
2.16924467094354),.UNSPECIFIED.);
#92=B_SPLINE_SURFACE_WITH_KNOTS('',3,1,((#10173,#10174),(#10175,#10176),
(#10177,#10178),(#10179,#10180),(#10181,#10182)),.UNSPECIFIED.,.F.,.F.,
 .F.,(4,1,4),(2,2),(-2.3312836974354E-13,2.86635790949983,5.7304022048933),
(0.,2.23466735373927),.UNSPECIFIED.);
#93=B_SPLINE_SURFACE_WITH_KNOTS('',3,1,((#10183,#10184),(#10185,#10186),
(#10187,#10188),(#10189,#10190),(#10191,#10192),(#10193,#10194),(#10195,
#10196)),.UNSPECIFIED.,.F.,.F.,.F.,(4,1,1,1,4),(2,2),(5.64823041147184E-14,
1.43246818080302,2.86493636160599,4.29817916374894,5.7314219658919),(0.,
2.16924466997914),.UNSPECIFIED.);
#94=B_SPLINE_SURFACE_WITH_KNOTS('',3,1,((#10197,#10198),(#10199,#10200),
(#10201,#10202),(#10203,#10204),(#10205,#10206)),.UNSPECIFIED.,.F.,.F.,
 .F.,(4,1,4),(2,2),(1.1039680199128E-12,2.86635796261899,5.73040174274503),
(0.,2.23466729061997),.UNSPECIFIED.);
#95=B_SPLINE_SURFACE_WITH_KNOTS('',3,1,((#10207,#10208),(#10209,#10210),
(#10211,#10212),(#10213,#10214),(#10215,#10216),(#10217,#10218),(#10219,
#10220)),.UNSPECIFIED.,.F.,.F.,.F.,(4,1,1,1,4),(2,2),(0.,1.43248822435158,
2.86497644870315,4.29819196571761,5.73140748273206),(0.,2.16924483458313),
 .UNSPECIFIED.);
#96=B_SPLINE_SURFACE_WITH_KNOTS('',3,1,((#10221,#10222),(#10223,#10224),
(#10225,#10226),(#10227,#10228),(#10229,#10230)),.UNSPECIFIED.,.F.,.F.,
 .F.,(4,1,4),(2,2),(0.,2.86624922604321,5.73032975493115),(0.,2.2346745908252),
 .UNSPECIFIED.);
#97=B_SPLINE_SURFACE_WITH_KNOTS('',3,1,((#10231,#10232),(#10233,#10234),
(#10235,#10236),(#10237,#10238),(#10239,#10240),(#10241,#10242),(#10243,
#10244)),.UNSPECIFIED.,.F.,.F.,.F.,(4,1,1,1,4),(2,2),(1.43467889082087E-14,
1.43248836592974,2.86497673185946,4.29819276273269,5.73140879360593),(0.,
2.16924483151788),.UNSPECIFIED.);
#98=B_SPLINE_SURFACE_WITH_KNOTS('',3,1,((#10245,#10246),(#10247,#10248),
(#10249,#10250),(#10251,#10252),(#10253,#10254)),.UNSPECIFIED.,.F.,.F.,
 .F.,(4,1,4),(2,2),(-6.06805936014425E-14,2.8662500314009,5.73032967658964),
(0.,2.23467451043005),.UNSPECIFIED.);
#99=FACE_BOUND('',#1600,.T.);
#100=FACE_BOUND('',#1616,.T.);
#101=FACE_BOUND('',#1644,.T.);
#102=FACE_BOUND('',#1647,.T.);
#103=FACE_BOUND('',#1651,.T.);
#104=FACE_BOUND('',#1655,.T.);
#105=FACE_BOUND('',#1658,.T.);
#106=FACE_BOUND('',#1662,.T.);
#107=FACE_BOUND('',#1665,.T.);
#108=FACE_BOUND('',#1667,.T.);
#109=FACE_BOUND('',#1670,.T.);
#110=FACE_BOUND('',#1671,.T.);
#111=FACE_BOUND('',#1672,.T.);
#112=FACE_BOUND('',#1673,.T.);
#113=FACE_BOUND('',#1676,.T.);
#114=FACE_BOUND('',#1677,.T.);
#115=FACE_BOUND('',#1688,.T.);
#116=FACE_BOUND('',#1689,.T.);
#117=FACE_BOUND('',#1690,.T.);
#118=FACE_BOUND('',#1691,.T.);
#119=FACE_BOUND('',#1727,.T.);
#120=FACE_BOUND('',#1728,.T.);
#121=FACE_BOUND('',#1742,.T.);
#122=FACE_BOUND('',#1751,.T.);
#123=FACE_BOUND('',#1752,.T.);
#124=FACE_BOUND('',#1789,.T.);
#125=FACE_BOUND('',#1790,.T.);
#126=FACE_BOUND('',#1791,.T.);
#127=FACE_BOUND('',#1792,.T.);
#128=FACE_BOUND('',#1795,.T.);
#129=FACE_BOUND('',#1848,.T.);
#130=FACE_BOUND('',#1851,.T.);
#131=FACE_BOUND('',#1855,.T.);
#132=FACE_BOUND('',#1858,.T.);
#133=FACE_BOUND('',#1860,.T.);
#134=FACE_BOUND('',#1863,.T.);
#135=FACE_BOUND('',#1867,.T.);
#136=FACE_BOUND('',#1870,.T.);
#137=FACE_BOUND('',#1875,.T.);
#138=FACE_BOUND('',#1876,.T.);
#139=FACE_BOUND('',#1877,.T.);
#140=FACE_BOUND('',#1878,.T.);
#141=FACE_BOUND('',#1879,.T.);
#142=FACE_BOUND('',#1880,.T.);
#143=FACE_BOUND('',#1881,.T.);
#144=FACE_BOUND('',#1882,.T.);
#145=FACE_BOUND('',#1895,.T.);
#146=FACE_BOUND('',#1896,.T.);
#147=FACE_BOUND('',#1916,.T.);
#148=FACE_BOUND('',#1928,.T.);
#149=FACE_BOUND('',#1929,.T.);
#150=FACE_BOUND('',#1944,.T.);
#151=FACE_BOUND('',#1948,.T.);
#152=FACE_BOUND('',#1949,.T.);
#153=FACE_BOUND('',#1991,.T.);
#154=B_SPLINE_CURVE_WITH_KNOTS('',1,(#7257,#7258),.UNSPECIFIED.,.F.,.F.,
(2,2),(0.,1.),.UNSPECIFIED.);
#155=B_SPLINE_CURVE_WITH_KNOTS('',1,(#7294,#7295),.UNSPECIFIED.,.F.,.F.,
(2,2),(-58.25,-53.75),.UNSPECIFIED.);
#156=B_SPLINE_CURVE_WITH_KNOTS('',1,(#7296,#7297),.UNSPECIFIED.,.F.,.F.,
(2,2),(-53.75,-50.1046926731871),.UNSPECIFIED.);
#157=B_SPLINE_CURVE_WITH_KNOTS('',1,(#7298,#7299),.UNSPECIFIED.,.F.,.F.,
(2,2),(-29.25,-24.75),.UNSPECIFIED.);
#158=B_SPLINE_CURVE_WITH_KNOTS('',1,(#7300,#7301),.UNSPECIFIED.,.F.,.F.,
(2,2),(-24.75,-21.1046926731871),.UNSPECIFIED.);
#159=B_SPLINE_CURVE_WITH_KNOTS('',1,(#7302,#7303),.UNSPECIFIED.,.F.,.F.,
(2,2),(-58.25,-53.75),.UNSPECIFIED.);
#160=B_SPLINE_CURVE_WITH_KNOTS('',1,(#7304,#7305),.UNSPECIFIED.,.F.,.F.,
(2,2),(-53.75,-50.104692673187),.UNSPECIFIED.);
#161=B_SPLINE_CURVE_WITH_KNOTS('',1,(#7306,#7307),.UNSPECIFIED.,.F.,.F.,
(2,2),(-29.25,-24.75),.UNSPECIFIED.);
#162=B_SPLINE_CURVE_WITH_KNOTS('',1,(#7308,#7309),.UNSPECIFIED.,.F.,.F.,
(2,2),(-24.75,-21.1046926731872),.UNSPECIFIED.);
#163=B_SPLINE_CURVE_WITH_KNOTS('',1,(#7310,#7311),.UNSPECIFIED.,.F.,.F.,
(2,2),(0.75,8.25),.UNSPECIFIED.);
#164=B_SPLINE_CURVE_WITH_KNOTS('',1,(#7312,#7313),.UNSPECIFIED.,.F.,.F.,
(2,2),(0.75,8.25),.UNSPECIFIED.);
#165=B_SPLINE_CURVE_WITH_KNOTS('',1,(#7314,#7315),.UNSPECIFIED.,.F.,.F.,
(2,2),(0.75,8.25),.UNSPECIFIED.);
#166=B_SPLINE_CURVE_WITH_KNOTS('',1,(#7316,#7317),.UNSPECIFIED.,.F.,.F.,
(2,2),(0.75,8.25),.UNSPECIFIED.);
#167=B_SPLINE_CURVE_WITH_KNOTS('',1,(#7321,#7322),.UNSPECIFIED.,.F.,.F.,
(2,2),(0.,2.16862484602063),.UNSPECIFIED.);
#168=B_SPLINE_CURVE_WITH_KNOTS('',1,(#7328,#7329),.UNSPECIFIED.,.F.,.F.,
(2,2),(-32.8953073268128,-29.25),.UNSPECIFIED.);
#169=B_SPLINE_CURVE_WITH_KNOTS('',1,(#7330,#7331),.UNSPECIFIED.,.F.,.F.,
(2,2),(-3.89530732681282,-0.25),.UNSPECIFIED.);
#170=B_SPLINE_CURVE_WITH_KNOTS('',1,(#7332,#7333),.UNSPECIFIED.,.F.,.F.,
(2,2),(-32.8953073268128,-29.25),.UNSPECIFIED.);
#171=B_SPLINE_CURVE_WITH_KNOTS('',1,(#7334,#7335),.UNSPECIFIED.,.F.,.F.,
(2,2),(-3.89530732681271,-0.25),.UNSPECIFIED.);
#172=B_SPLINE_CURVE_WITH_KNOTS('',1,(#7347,#7348),.UNSPECIFIED.,.F.,.F.,
(2,2),(0.,1.),.UNSPECIFIED.);
#173=B_SPLINE_CURVE_WITH_KNOTS('',1,(#7365,#7366),.UNSPECIFIED.,.F.,.F.,
(2,2),(0.,2.16862484602063),.UNSPECIFIED.);
#174=B_SPLINE_CURVE_WITH_KNOTS('',1,(#8355,#8356),.UNSPECIFIED.,.F.,.F.,
(2,2),(-31.9535174314348,-19.4203779813284),.UNSPECIFIED.);
#175=B_SPLINE_CURVE_WITH_KNOTS('',1,(#8357,#8358),.UNSPECIFIED.,.F.,.F.,
(2,2),(0.,2.50000000000003),.UNSPECIFIED.);
#176=B_SPLINE_CURVE_WITH_KNOTS('',1,(#8359,#8360),.UNSPECIFIED.,.F.,.F.,
(2,2),(-31.9535174314348,-19.4203779813284),.UNSPECIFIED.);
#177=B_SPLINE_CURVE_WITH_KNOTS('',1,(#8361,#8362),.UNSPECIFIED.,.F.,.F.,
(2,2),(0.,2.50000000000003),.UNSPECIFIED.);
#178=B_SPLINE_CURVE_WITH_KNOTS('',1,(#8363,#8364),.UNSPECIFIED.,.F.,.F.,
(2,2),(-19.4203779813284,-17.8455773250523),.UNSPECIFIED.);
#179=B_SPLINE_CURVE_WITH_KNOTS('',1,(#8365,#8366),.UNSPECIFIED.,.F.,.F.,
(2,2),(-19.4203779813284,-17.8455773250523),.UNSPECIFIED.);
#180=B_SPLINE_CURVE_WITH_KNOTS('',1,(#8367,#8368),.UNSPECIFIED.,.F.,.F.,
(2,2),(0.,2.50000000000003),.UNSPECIFIED.);
#181=B_SPLINE_CURVE_WITH_KNOTS('',1,(#8375,#8376),.UNSPECIFIED.,.F.,.F.,
(2,2),(-3.49999999999999,0.),.UNSPECIFIED.);
#182=B_SPLINE_CURVE_WITH_KNOTS('',1,(#8377,#8378),.UNSPECIFIED.,.F.,.F.,
(2,2),(5.21653333333325,7.82479999999987),.UNSPECIFIED.);
#183=B_SPLINE_CURVE_WITH_KNOTS('',1,(#8379,#8380),.UNSPECIFIED.,.F.,.F.,
(2,2),(-3.49999999999999,0.),.UNSPECIFIED.);
#184=B_SPLINE_CURVE_WITH_KNOTS('',1,(#8381,#8382),.UNSPECIFIED.,.F.,.F.,
(2,2),(5.21653333333326,7.82479999999989),.UNSPECIFIED.);
#185=B_SPLINE_CURVE_WITH_KNOTS('',1,(#8383,#8384),.UNSPECIFIED.,.F.,.F.,
(2,2),(-45.9317121994613,-34.9658560997307),.UNSPECIFIED.);
#186=B_SPLINE_CURVE_WITH_KNOTS('',1,(#8385,#8386),.UNSPECIFIED.,.F.,.F.,
(2,2),(-34.9658560997307,-10.9658560997307),.UNSPECIFIED.);
#187=B_SPLINE_CURVE_WITH_KNOTS('',1,(#8387,#8388),.UNSPECIFIED.,.F.,.F.,
(2,2),(-10.9658560997307,-4.44502024335672E-15),.UNSPECIFIED.);
#188=B_SPLINE_CURVE_WITH_KNOTS('',1,(#8389,#8390),.UNSPECIFIED.,.F.,.F.,
(2,2),(-4.44502024335672E-15,11.1803398874989),.UNSPECIFIED.);
#189=B_SPLINE_CURVE_WITH_KNOTS('',1,(#8391,#8392),.UNSPECIFIED.,.F.,.F.,
(2,2),(11.1803398874989,29.8762065541656),.UNSPECIFIED.);
#190=B_SPLINE_CURVE_WITH_KNOTS('',1,(#8393,#8394),.UNSPECIFIED.,.F.,.F.,
(2,2),(-45.9317121994613,-34.9658560997307),.UNSPECIFIED.);
#191=B_SPLINE_CURVE_WITH_KNOTS('',1,(#8395,#8396),.UNSPECIFIED.,.F.,.F.,
(2,2),(-34.9658560997307,-10.9658560997307),.UNSPECIFIED.);
#192=B_SPLINE_CURVE_WITH_KNOTS('',1,(#8397,#8398),.UNSPECIFIED.,.F.,.F.,
(2,2),(-10.9658560997307,-4.44502024335672E-15),.UNSPECIFIED.);
#193=B_SPLINE_CURVE_WITH_KNOTS('',1,(#8399,#8400),.UNSPECIFIED.,.F.,.F.,
(2,2),(-4.44502024335672E-15,11.1803398874989),.UNSPECIFIED.);
#194=B_SPLINE_CURVE_WITH_KNOTS('',1,(#8401,#8402),.UNSPECIFIED.,.F.,.F.,
(2,2),(11.1803398874989,29.8762065541656),.UNSPECIFIED.);
#195=B_SPLINE_CURVE_WITH_KNOTS('',1,(#8403,#8404),.UNSPECIFIED.,.F.,.F.,
(2,2),(228.874173588788,229.585167791686),.UNSPECIFIED.);
#196=B_SPLINE_CURVE_WITH_KNOTS('',1,(#8405,#8406),.UNSPECIFIED.,.F.,.F.,
(2,2),(-6.1938,-6.19160130684033),.UNSPECIFIED.);
#197=B_SPLINE_CURVE_WITH_KNOTS('',1,(#8407,#8408),.UNSPECIFIED.,.F.,.F.,
(2,2),(0.,10.9658560997306),.UNSPECIFIED.);
#198=B_SPLINE_CURVE_WITH_KNOTS('',1,(#8409,#8410),.UNSPECIFIED.,.F.,.F.,
(2,2),(0.,1.19379999999998),.UNSPECIFIED.);
#199=B_SPLINE_CURVE_WITH_KNOTS('',1,(#8411,#8412),.UNSPECIFIED.,.F.,.F.,
(2,2),(430.25136,461.92016),.UNSPECIFIED.);
#200=B_SPLINE_CURVE_WITH_KNOTS('',1,(#8413,#8414),.UNSPECIFIED.,.F.,.F.,
(2,2),(461.92016,692.62101713585),.UNSPECIFIED.);
#201=B_SPLINE_CURVE_WITH_KNOTS('',1,(#8415,#8416),.UNSPECIFIED.,.F.,.F.,
(2,2),(0.,1.19379999999998),.UNSPECIFIED.);
#202=B_SPLINE_CURVE_WITH_KNOTS('',1,(#8417,#8418),.UNSPECIFIED.,.F.,.F.,
(2,2),(430.25136,461.92016),.UNSPECIFIED.);
#203=B_SPLINE_CURVE_WITH_KNOTS('',1,(#8419,#8420),.UNSPECIFIED.,.F.,.F.,
(2,2),(461.92016,692.62101713585),.UNSPECIFIED.);
#204=B_SPLINE_CURVE_WITH_KNOTS('',1,(#8426,#8427),.UNSPECIFIED.,.F.,.F.,
(2,2),(0.,2.49999999999997),.UNSPECIFIED.);
#205=B_SPLINE_CURVE_WITH_KNOTS('',3,(#8431,#8432,#8433,#8434,#8435),
 .UNSPECIFIED.,.F.,.F.,(4,1,4),(0.,2.86519212126225,5.73038424252449),
 .UNSPECIFIED.);
#206=B_SPLINE_CURVE_WITH_KNOTS('',3,(#8436,#8437,#8438,#8439,#8440),
 .UNSPECIFIED.,.F.,.F.,(4,1,4),(0.,2.86519909446993,5.73033207723143),
 .UNSPECIFIED.);
#207=B_SPLINE_CURVE_WITH_KNOTS('',3,(#8441,#8442,#8443,#8444,#8445),
 .UNSPECIFIED.,.F.,.F.,(4,1,4),(0.,2.86573137697621,5.73146275395238),
 .UNSPECIFIED.);
#208=B_SPLINE_CURVE_WITH_KNOTS('',3,(#8446,#8447,#8448,#8449,#8450),
 .UNSPECIFIED.,.F.,.F.,(4,1,4),(0.,2.8656441803829,5.73135547517582),
 .UNSPECIFIED.);
#209=B_SPLINE_CURVE_WITH_KNOTS('',1,(#8451,#8452),.UNSPECIFIED.,.F.,.F.,
(2,2),(-31.5,-30.5),.UNSPECIFIED.);
#210=B_SPLINE_CURVE_WITH_KNOTS('',1,(#8453,#8454),.UNSPECIFIED.,.F.,.F.,
(2,2),(-31.5,-30.5),.UNSPECIFIED.);
#211=B_SPLINE_CURVE_WITH_KNOTS('',1,(#8455,#8456),.UNSPECIFIED.,.F.,.F.,
(2,2),(-31.5,-30.5),.UNSPECIFIED.);
#212=B_SPLINE_CURVE_WITH_KNOTS('',3,(#8457,#8458,#8459,#8460,#8461),
 .UNSPECIFIED.,.F.,.F.,(4,1,4),(0.,2.86571204390907,5.73142408781772),
 .UNSPECIFIED.);
#213=B_SPLINE_CURVE_WITH_KNOTS('',3,(#8462,#8463,#8464,#8465,#8466),
 .UNSPECIFIED.,.F.,.F.,(4,1,4),(0.,2.86571204328682,5.73142408657361),
 .UNSPECIFIED.);
#214=B_SPLINE_CURVE_WITH_KNOTS('',3,(#8467,#8468,#8469,#8470,#8471),
 .UNSPECIFIED.,.F.,.F.,(4,1,4),(0.,2.86519971915531,5.73039943831062),
 .UNSPECIFIED.);
#215=B_SPLINE_CURVE_WITH_KNOTS('',3,(#8472,#8473,#8474,#8475,#8476),
 .UNSPECIFIED.,.F.,.F.,(4,1,4),(0.,2.86571281911526,5.73142563823052),
 .UNSPECIFIED.);
#216=B_SPLINE_CURVE_WITH_KNOTS('',1,(#8477,#8478),.UNSPECIFIED.,.F.,.F.,
(2,2),(-31.5,-30.5),.UNSPECIFIED.);
#217=B_SPLINE_CURVE_WITH_KNOTS('',1,(#8479,#8480),.UNSPECIFIED.,.F.,.F.,
(2,2),(-31.5,-30.5),.UNSPECIFIED.);
#218=B_SPLINE_CURVE_WITH_KNOTS('',1,(#8481,#8482),.UNSPECIFIED.,.F.,.F.,
(2,2),(-31.5,-30.5),.UNSPECIFIED.);
#219=B_SPLINE_CURVE_WITH_KNOTS('',1,(#8483,#8484),.UNSPECIFIED.,.F.,.F.,
(2,2),(-5.,-2.49999999999997),.UNSPECIFIED.);
#220=B_SPLINE_CURVE_WITH_KNOTS('',1,(#8489,#8490),.UNSPECIFIED.,.F.,.F.,
(2,2),(0.,12.5031993494099),.UNSPECIFIED.);
#221=B_SPLINE_CURVE_WITH_KNOTS('',1,(#8491,#8492),.UNSPECIFIED.,.F.,.F.,
(2,2),(-667.813728786002,-652.813728786002),.UNSPECIFIED.);
#222=B_SPLINE_CURVE_WITH_KNOTS('',3,(#8493,#8494,#8495,#8496,#8497),
 .UNSPECIFIED.,.F.,.F.,(4,1,4),(0.,2.8652003536379,5.73040070727584),
 .UNSPECIFIED.);
#223=B_SPLINE_CURVE_WITH_KNOTS('',3,(#8498,#8499,#8500,#8501,#8502),
 .UNSPECIFIED.,.F.,.F.,(4,1,4),(0.,2.86520172190223,5.73040220489319),
 .UNSPECIFIED.);
#224=B_SPLINE_CURVE_WITH_KNOTS('',3,(#8503,#8504,#8505,#8506,#8507),
 .UNSPECIFIED.,.F.,.F.,(4,1,4),(0.,2.86571244732289,5.73142489464577),
 .UNSPECIFIED.);
#225=B_SPLINE_CURVE_WITH_KNOTS('',3,(#8508,#8509,#8510,#8511,#8512),
 .UNSPECIFIED.,.F.,.F.,(4,1,4),(0.,2.86571035470701,5.73142196550884),
 .UNSPECIFIED.);
#226=B_SPLINE_CURVE_WITH_KNOTS('',1,(#8513,#8514),.UNSPECIFIED.,.F.,.F.,
(2,2),(-31.5,-30.4999999999999),.UNSPECIFIED.);
#227=B_SPLINE_CURVE_WITH_KNOTS('',1,(#8515,#8516),.UNSPECIFIED.,.F.,.F.,
(2,2),(-31.5,-30.4999999999999),.UNSPECIFIED.);
#228=B_SPLINE_CURVE_WITH_KNOTS('',1,(#8517,#8518),.UNSPECIFIED.,.F.,.F.,
(2,2),(-31.5,-30.4999999999999),.UNSPECIFIED.);
#229=B_SPLINE_CURVE_WITH_KNOTS('',1,(#8535,#8536),.UNSPECIFIED.,.F.,.F.,
(2,2),(0.0403622047244094,0.10266772698482),.UNSPECIFIED.);
#230=B_SPLINE_CURVE_WITH_KNOTS('',1,(#8543,#8544),.UNSPECIFIED.,.F.,.F.,
(2,2),(0.0118622047244094,0.106862204724409),.UNSPECIFIED.);
#231=B_SPLINE_CURVE_WITH_KNOTS('',1,(#8548,#8549),.UNSPECIFIED.,.F.,.F.,
(2,2),(0.00980437705064601,0.084135867930097),.UNSPECIFIED.);
#232=B_SPLINE_CURVE_WITH_KNOTS('',1,(#8565,#8566),.UNSPECIFIED.,.F.,.F.,
(2,2),(0.0403622047244094,0.10266772698482),.UNSPECIFIED.);
#233=B_SPLINE_CURVE_WITH_KNOTS('',1,(#8573,#8574),.UNSPECIFIED.,.F.,.F.,
(2,2),(0.0118622047244094,0.106862204724409),.UNSPECIFIED.);
#234=B_SPLINE_CURVE_WITH_KNOTS('',1,(#8578,#8579),.UNSPECIFIED.,.F.,.F.,
(2,2),(0.00980437705064601,0.084135867930097),.UNSPECIFIED.);
#235=B_SPLINE_CURVE_WITH_KNOTS('',1,(#8595,#8596),.UNSPECIFIED.,.F.,.F.,
(2,2),(-0.725,0.),.UNSPECIFIED.);
#236=B_SPLINE_CURVE_WITH_KNOTS('',1,(#8600,#8601),.UNSPECIFIED.,.F.,.F.,
(2,2),(60.2996000000003,106.3244),.UNSPECIFIED.);
#237=B_SPLINE_CURVE_WITH_KNOTS('',1,(#8605,#8606),.UNSPECIFIED.,.F.,.F.,
(2,2),(-0.725,0.),.UNSPECIFIED.);
#238=B_SPLINE_CURVE_WITH_KNOTS('',1,(#8610,#8611),.UNSPECIFIED.,.F.,.F.,
(2,2),(-106.324400970636,-60.2996000000003),.UNSPECIFIED.);
#239=B_SPLINE_CURVE_WITH_KNOTS('',1,(#8615,#8616),.UNSPECIFIED.,.F.,.F.,
(2,2),(38.,66.),.UNSPECIFIED.);
#240=B_SPLINE_CURVE_WITH_KNOTS('',1,(#8620,#8621),.UNSPECIFIED.,.F.,.F.,
(2,2),(38.,66.),.UNSPECIFIED.);
#241=B_SPLINE_CURVE_WITH_KNOTS('',1,(#8637,#8638),.UNSPECIFIED.,.F.,.F.,
(2,2),(0.135017479270022,0.214326130237957),.UNSPECIFIED.);
#242=B_SPLINE_CURVE_WITH_KNOTS('',1,(#8642,#8643),.UNSPECIFIED.,.F.,.F.,
(2,2),(0.135017479270022,0.214326130237957),.UNSPECIFIED.);
#243=B_SPLINE_CURVE_WITH_KNOTS('',1,(#8651,#8652),.UNSPECIFIED.,.F.,.F.,
(2,2),(0.,2.49999999999997),.UNSPECIFIED.);
#244=B_SPLINE_CURVE_WITH_KNOTS('',1,(#8658,#8659),.UNSPECIFIED.,.F.,.F.,
(2,2),(-130.,-115.),.UNSPECIFIED.);
#245=B_SPLINE_CURVE_WITH_KNOTS('',3,(#8660,#8661,#8662,#8663,#8664),
 .UNSPECIFIED.,.F.,.F.,(4,1,4),(0.,2.86571129479294,5.73135547517581),
 .UNSPECIFIED.);
#246=B_SPLINE_CURVE_WITH_KNOTS('',3,(#8665,#8666,#8667,#8668,#8669),
 .UNSPECIFIED.,.F.,.F.,(4,1,4),(0.,2.8651329827612,5.73033207723083),
 .UNSPECIFIED.);
#247=B_SPLINE_CURVE_WITH_KNOTS('',3,(#8670,#8671,#8672,#8673,#8674),
 .UNSPECIFIED.,.F.,.F.,(4,1,4),(0.,2.86573137697622,5.7314627539524),
 .UNSPECIFIED.);
#248=B_SPLINE_CURVE_WITH_KNOTS('',3,(#8675,#8676,#8677,#8678,#8679),
 .UNSPECIFIED.,.F.,.F.,(4,1,4),(0.,2.8651921212622,5.73038424252437),
 .UNSPECIFIED.);
#249=B_SPLINE_CURVE_WITH_KNOTS('',1,(#8680,#8681),.UNSPECIFIED.,.F.,.F.,
(2,2),(-31.5,-30.5),.UNSPECIFIED.);
#250=B_SPLINE_CURVE_WITH_KNOTS('',1,(#8682,#8683),.UNSPECIFIED.,.F.,.F.,
(2,2),(-31.5,-30.5),.UNSPECIFIED.);
#251=B_SPLINE_CURVE_WITH_KNOTS('',1,(#8684,#8685),.UNSPECIFIED.,.F.,.F.,
(2,2),(-31.5,-30.5),.UNSPECIFIED.);
#252=B_SPLINE_CURVE_WITH_KNOTS('',3,(#8686,#8687,#8688,#8689,#8690),
 .UNSPECIFIED.,.F.,.F.,(4,1,4),(0.,2.86571281911525,5.7314256382305),
 .UNSPECIFIED.);
#253=B_SPLINE_CURVE_WITH_KNOTS('',3,(#8691,#8692,#8693,#8694,#8695),
 .UNSPECIFIED.,.F.,.F.,(4,1,4),(0.,2.86519971915528,5.73039943831061),
 .UNSPECIFIED.);
#254=B_SPLINE_CURVE_WITH_KNOTS('',3,(#8696,#8697,#8698,#8699,#8700),
 .UNSPECIFIED.,.F.,.F.,(4,1,4),(0.,2.86571204390868,5.73142408781778),
 .UNSPECIFIED.);
#255=B_SPLINE_CURVE_WITH_KNOTS('',3,(#8701,#8702,#8703,#8704,#8705),
 .UNSPECIFIED.,.F.,.F.,(4,1,4),(0.,2.86571204328681,5.73142408657362),
 .UNSPECIFIED.);
#256=B_SPLINE_CURVE_WITH_KNOTS('',1,(#8706,#8707),.UNSPECIFIED.,.F.,.F.,
(2,2),(-31.5,-30.5),.UNSPECIFIED.);
#257=B_SPLINE_CURVE_WITH_KNOTS('',1,(#8708,#8709),.UNSPECIFIED.,.F.,.F.,
(2,2),(-31.5,-30.5),.UNSPECIFIED.);
#258=B_SPLINE_CURVE_WITH_KNOTS('',1,(#8710,#8711),.UNSPECIFIED.,.F.,.F.,
(2,2),(-31.5,-30.5),.UNSPECIFIED.);
#259=B_SPLINE_CURVE_WITH_KNOTS('',1,(#8712,#8713),.UNSPECIFIED.,.F.,.F.,
(2,2),(0.,12.5031993494099),.UNSPECIFIED.);
#260=B_SPLINE_CURVE_WITH_KNOTS('',1,(#8714,#8715),.UNSPECIFIED.,.F.,.F.,
(2,2),(2.5,15.0031993494099),.UNSPECIFIED.);
#261=B_SPLINE_CURVE_WITH_KNOTS('',1,(#8716,#8717),.UNSPECIFIED.,.F.,.F.,
(2,2),(275.050501007461,365.050501007461),.UNSPECIFIED.);
#262=B_SPLINE_CURVE_WITH_KNOTS('',1,(#8718,#8719),.UNSPECIFIED.,.F.,.F.,
(2,2),(2.,47.6677163278978),.UNSPECIFIED.);
#263=B_SPLINE_CURVE_WITH_KNOTS('',1,(#8720,#8721),.UNSPECIFIED.,.F.,.F.,
(2,2),(0.,8.33119999999997),.UNSPECIFIED.);
#264=B_SPLINE_CURVE_WITH_KNOTS('',1,(#8722,#8723),.UNSPECIFIED.,.F.,.F.,
(2,2),(0.596899999999977,130.7211),.UNSPECIFIED.);
#265=B_SPLINE_CURVE_WITH_KNOTS('',1,(#8724,#8725),.UNSPECIFIED.,.F.,.F.,
(2,2),(0.,8.33119999999997),.UNSPECIFIED.);
#266=B_SPLINE_CURVE_WITH_KNOTS('',1,(#8726,#8727),.UNSPECIFIED.,.F.,.F.,
(2,2),(0.5,46.1677163278978),.UNSPECIFIED.);
#267=B_SPLINE_CURVE_WITH_KNOTS('',1,(#8728,#8729),.UNSPECIFIED.,.F.,.F.,
(2,2),(0.,18.),.UNSPECIFIED.);
#268=B_SPLINE_CURVE_WITH_KNOTS('',1,(#8730,#8731),.UNSPECIFIED.,.F.,.F.,
(2,2),(0.,6.19379999999999),.UNSPECIFIED.);
#269=B_SPLINE_CURVE_WITH_KNOTS('',1,(#8732,#8733),.UNSPECIFIED.,.F.,.F.,
(2,2),(124.68019869316,132.5118),.UNSPECIFIED.);
#270=B_SPLINE_CURVE_WITH_KNOTS('',1,(#8734,#8735),.UNSPECIFIED.,.F.,.F.,
(2,2),(-16.9368450411534,-15.7430450411534),.UNSPECIFIED.);
#271=B_SPLINE_CURVE_WITH_KNOTS('',1,(#8736,#8737),.UNSPECIFIED.,.F.,.F.,
(2,2),(200.050501007461,245.050501007461),.UNSPECIFIED.);
#272=B_SPLINE_CURVE_WITH_KNOTS('',1,(#8738,#8739),.UNSPECIFIED.,.F.,.F.,
(2,2),(200.050501007461,245.050501007461),.UNSPECIFIED.);
#273=B_SPLINE_CURVE_WITH_KNOTS('',1,(#8740,#8741),.UNSPECIFIED.,.F.,.F.,
(2,2),(0.,45.6677163278978),.UNSPECIFIED.);
#274=B_SPLINE_CURVE_WITH_KNOTS('',1,(#8742,#8743),.UNSPECIFIED.,.F.,.F.,
(2,2),(0.,45.6677163278978),.UNSPECIFIED.);
#275=B_SPLINE_CURVE_WITH_KNOTS('',1,(#8744,#8745),.UNSPECIFIED.,.F.,.F.,
(2,2),(-32.1313799999993,-13.7163799999994),.UNSPECIFIED.);
#276=B_SPLINE_CURVE_WITH_KNOTS('',1,(#8749,#8750),.UNSPECIFIED.,.F.,.F.,
(2,2),(6.99359999999987,53.0183999999999),.UNSPECIFIED.);
#277=B_SPLINE_CURVE_WITH_KNOTS('',1,(#8754,#8755),.UNSPECIFIED.,.F.,.F.,
(2,2),(13.7163799999997,32.1313799999997),.UNSPECIFIED.);
#278=B_SPLINE_CURVE_WITH_KNOTS('',1,(#8759,#8760),.UNSPECIFIED.,.F.,.F.,
(2,2),(-53.0183999999999,-6.99359902936454),.UNSPECIFIED.);
#279=B_SPLINE_CURVE_WITH_KNOTS('',1,(#8767,#8768),.UNSPECIFIED.,.F.,.F.,
(2,2),(0.,12.),.UNSPECIFIED.);
#280=B_SPLINE_CURVE_WITH_KNOTS('',1,(#8769,#8770),.UNSPECIFIED.,.F.,.F.,
(2,2),(-12.,0.),.UNSPECIFIED.);
#281=B_SPLINE_CURVE_WITH_KNOTS('',1,(#8771,#8772),.UNSPECIFIED.,.F.,.F.,
(2,2),(0.,96.5118),.UNSPECIFIED.);
#282=B_SPLINE_CURVE_WITH_KNOTS('',1,(#8773,#8774),.UNSPECIFIED.,.F.,.F.,
(2,2),(-66.0000000000001,-38.),.UNSPECIFIED.);
#283=B_SPLINE_CURVE_WITH_KNOTS('',1,(#8775,#8776),.UNSPECIFIED.,.F.,.F.,
(2,2),(-66.0000000000001,-38.),.UNSPECIFIED.);
#284=B_SPLINE_CURVE_WITH_KNOTS('',1,(#8777,#8778),.UNSPECIFIED.,.F.,.F.,
(2,2),(-66.,-38.),.UNSPECIFIED.);
#285=B_SPLINE_CURVE_WITH_KNOTS('',1,(#8779,#8780),.UNSPECIFIED.,.F.,.F.,
(2,2),(-66.0000000000001,-38.),.UNSPECIFIED.);
#286=B_SPLINE_CURVE_WITH_KNOTS('',1,(#8781,#8782),.UNSPECIFIED.,.F.,.F.,
(2,2),(-66.,-38.),.UNSPECIFIED.);
#287=B_SPLINE_CURVE_WITH_KNOTS('',1,(#8783,#8784),.UNSPECIFIED.,.F.,.F.,
(2,2),(-66.0000000000001,-38.),.UNSPECIFIED.);
#288=B_SPLINE_CURVE_WITH_KNOTS('',1,(#8785,#8786),.UNSPECIFIED.,.F.,.F.,
(2,2),(-66.,-38.),.UNSPECIFIED.);
#289=B_SPLINE_CURVE_WITH_KNOTS('',1,(#8787,#8788),.UNSPECIFIED.,.F.,.F.,
(2,2),(114.5118,132.5118),.UNSPECIFIED.);
#290=B_SPLINE_CURVE_WITH_KNOTS('',1,(#8789,#8790),.UNSPECIFIED.,.F.,.F.,
(2,2),(8.19699934940987,12.5031993494098),.UNSPECIFIED.);
#291=B_SPLINE_CURVE_WITH_KNOTS('',1,(#8794,#8795,#8796,#8797,#8798,#8799),
 .UNSPECIFIED.,.F.,.F.,(2,1,1,1,1,2),(24.6335751591356,29.6335751591359,
121.376775159136,137.951575159136,148.119973852296,154.757775159136),
 .UNSPECIFIED.);
#292=B_SPLINE_CURVE_WITH_KNOTS('',1,(#8800,#8801,#8802,#8803),
 .UNSPECIFIED.,.F.,.F.,(2,1,1,2),(0.,15.12795,79.937,96.5118),
 .UNSPECIFIED.);
#293=B_SPLINE_CURVE_WITH_KNOTS('',1,(#8804,#8805),.UNSPECIFIED.,.F.,.F.,
(2,2),(0.,9.2396666666667),.UNSPECIFIED.);
#294=B_SPLINE_CURVE_WITH_KNOTS('',1,(#8806,#8807),.UNSPECIFIED.,.F.,.F.,
(2,2),(-7.83160130684035,-1.5),.UNSPECIFIED.);
#295=B_SPLINE_CURVE_WITH_KNOTS('',1,(#8808,#8809),.UNSPECIFIED.,.F.,.F.,
(2,2),(0.,12.5),.UNSPECIFIED.);
#296=B_SPLINE_CURVE_WITH_KNOTS('',1,(#8810,#8811),.UNSPECIFIED.,.F.,.F.,
(2,2),(-7.83160130684035,-1.5),.UNSPECIFIED.);
#297=B_SPLINE_CURVE_WITH_KNOTS('',1,(#8812,#8813),.UNSPECIFIED.,.F.,.F.,
(2,2),(0.,10.9658560997307),.UNSPECIFIED.);
#298=B_SPLINE_CURVE_WITH_KNOTS('',1,(#8814,#8815),.UNSPECIFIED.,.F.,.F.,
(2,2),(0.,10.9658560997306),.UNSPECIFIED.);
#299=B_SPLINE_CURVE_WITH_KNOTS('',1,(#8816,#8817),.UNSPECIFIED.,.F.,.F.,
(2,2),(-7.83160130684035,-1.5),.UNSPECIFIED.);
#300=B_SPLINE_CURVE_WITH_KNOTS('',1,(#8818,#8819),.UNSPECIFIED.,.F.,.F.,
(2,2),(-7.83160130684035,-1.50000000000001),.UNSPECIFIED.);
#301=B_SPLINE_CURVE_WITH_KNOTS('',1,(#8820,#8821),.UNSPECIFIED.,.F.,.F.,
(2,2),(30.625,37.25),.UNSPECIFIED.);
#302=B_SPLINE_CURVE_WITH_KNOTS('',1,(#8822,#8823),.UNSPECIFIED.,.F.,.F.,
(2,2),(0.,12.5),.UNSPECIFIED.);
#303=B_SPLINE_CURVE_WITH_KNOTS('',1,(#8824,#8825),.UNSPECIFIED.,.F.,.F.,
(2,2),(0.,10.9658560997307),.UNSPECIFIED.);
#304=B_SPLINE_CURVE_WITH_KNOTS('',1,(#8826,#8827),.UNSPECIFIED.,.F.,.F.,
(2,2),(245.932993878643,250.445675038063),.UNSPECIFIED.);
#305=B_SPLINE_CURVE_WITH_KNOTS('',1,(#8828,#8829),.UNSPECIFIED.,.F.,.F.,
(2,2),(8.87540130684036,9.95660130684035),.UNSPECIFIED.);
#306=B_SPLINE_CURVE_WITH_KNOTS('',1,(#8830,#8831),.UNSPECIFIED.,.F.,.F.,
(2,2),(4.99780130684034,5.00000000000001),.UNSPECIFIED.);
#307=B_SPLINE_CURVE_WITH_KNOTS('',1,(#8832,#8833),.UNSPECIFIED.,.F.,.F.,
(2,2),(-1.19379999999998,0.),.UNSPECIFIED.);
#308=B_SPLINE_CURVE_WITH_KNOTS('',1,(#8834,#8835),.UNSPECIFIED.,.F.,.F.,
(2,2),(8.87540130684036,9.95660130684035),.UNSPECIFIED.);
#309=B_SPLINE_CURVE_WITH_KNOTS('',1,(#8836,#8837),.UNSPECIFIED.,.F.,.F.,
(2,2),(0.,17.3917333333334),.UNSPECIFIED.);
#310=B_SPLINE_CURVE_WITH_KNOTS('',1,(#8838,#8839),.UNSPECIFIED.,.F.,.F.,
(2,2),(0.,17.3917333333334),.UNSPECIFIED.);
#311=B_SPLINE_CURVE_WITH_KNOTS('',1,(#8840,#8841),.UNSPECIFIED.,.F.,.F.,
(2,2),(131.318,132.5118),.UNSPECIFIED.);
#312=B_SPLINE_CURVE_WITH_KNOTS('',1,(#8842,#8843),.UNSPECIFIED.,.F.,.F.,
(2,2),(131.318,132.5118),.UNSPECIFIED.);
#313=B_SPLINE_CURVE_WITH_KNOTS('',1,(#8844,#8845),.UNSPECIFIED.,.F.,.F.,
(2,2),(20.,230.70085713585),.UNSPECIFIED.);
#314=B_SPLINE_CURVE_WITH_KNOTS('',1,(#8846,#8847),.UNSPECIFIED.,.F.,.F.,
(2,2),(20.,230.70085713585),.UNSPECIFIED.);
#315=B_SPLINE_CURVE_WITH_KNOTS('',1,(#8848,#8849),.UNSPECIFIED.,.F.,.F.,
(2,2),(-132.5118,-127.818),.UNSPECIFIED.);
#316=B_SPLINE_CURVE_WITH_KNOTS('',1,(#8850,#8851),.UNSPECIFIED.,.F.,.F.,
(2,2),(-132.5118,-127.818),.UNSPECIFIED.);
#317=B_SPLINE_CURVE_WITH_KNOTS('',1,(#8852,#8853),.UNSPECIFIED.,.F.,.F.,
(2,2),(-132.5118,-127.818),.UNSPECIFIED.);
#318=B_SPLINE_CURVE_WITH_KNOTS('',1,(#8854,#8855,#8856),.UNSPECIFIED.,.F.,
 .F.,(2,1,2),(0.,7.49999999999995,9.23966666669074),.UNSPECIFIED.);
#319=B_SPLINE_CURVE_WITH_KNOTS('',1,(#8857,#8858,#8859),.UNSPECIFIED.,.F.,
 .F.,(2,1,2),(-132.5118,-129.4149,-127.818),.UNSPECIFIED.);
#320=B_SPLINE_CURVE_WITH_KNOTS('',1,(#8860,#8861,#8862),.UNSPECIFIED.,.F.,
 .F.,(2,1,2),(0.,1.04380000001447,28.0438000000144),.UNSPECIFIED.);
#321=B_SPLINE_CURVE_WITH_KNOTS('',1,(#8863,#8864),.UNSPECIFIED.,.F.,.F.,
(2,2),(1.5,7.83160130684035),.UNSPECIFIED.);
#322=B_SPLINE_CURVE_WITH_KNOTS('',1,(#8865,#8866,#8867),.UNSPECIFIED.,.F.,
 .F.,(2,1,2),(127.818,129.4149,132.5118),.UNSPECIFIED.);
#323=B_SPLINE_CURVE_WITH_KNOTS('',1,(#8868,#8869),.UNSPECIFIED.,.F.,.F.,
(2,2),(0.,31.6688),.UNSPECIFIED.);
#324=B_SPLINE_CURVE_WITH_KNOTS('',1,(#8870,#8871),.UNSPECIFIED.,.F.,.F.,
(2,2),(0.,31.6688),.UNSPECIFIED.);
#325=B_SPLINE_CURVE_WITH_KNOTS('',1,(#8872,#8873),.UNSPECIFIED.,.F.,.F.,
(2,2),(5.21653333333326,7.82479999999989),.UNSPECIFIED.);
#326=B_SPLINE_CURVE_WITH_KNOTS('',1,(#8874,#8875),.UNSPECIFIED.,.F.,.F.,
(2,2),(0.306200000000018,6.63780130684034),.UNSPECIFIED.);
#327=B_SPLINE_CURVE_WITH_KNOTS('',1,(#8876,#8877),.UNSPECIFIED.,.F.,.F.,
(2,2),(0.306200000000018,6.63780130684034),.UNSPECIFIED.);
#328=B_SPLINE_CURVE_WITH_KNOTS('',1,(#8878,#8879),.UNSPECIFIED.,.F.,.F.,
(2,2),(34.0964706725556,42.3606797749979),.UNSPECIFIED.);
#329=B_SPLINE_CURVE_WITH_KNOTS('',1,(#8880,#8881),.UNSPECIFIED.,.F.,.F.,
(2,2),(1.95619999999997,30.),.UNSPECIFIED.);
#330=B_SPLINE_CURVE_WITH_KNOTS('',1,(#8882,#8883),.UNSPECIFIED.,.F.,.F.,
(2,2),(34.0964706725556,42.3606797749979),.UNSPECIFIED.);
#331=B_SPLINE_CURVE_WITH_KNOTS('',1,(#8884,#8885),.UNSPECIFIED.,.F.,.F.,
(2,2),(0.,3.83160130684031),.UNSPECIFIED.);
#332=B_SPLINE_CURVE_WITH_KNOTS('',1,(#8886,#8887),.UNSPECIFIED.,.F.,.F.,
(2,2),(0.,2.49999999999997),.UNSPECIFIED.);
#333=B_SPLINE_CURVE_WITH_KNOTS('',1,(#8888,#8889),.UNSPECIFIED.,.F.,.F.,
(2,2),(2.50000000000006,92.5),.UNSPECIFIED.);
#334=B_SPLINE_CURVE_WITH_KNOTS('',1,(#8890,#8891),.UNSPECIFIED.,.F.,.F.,
(2,2),(0.,2.50000000000006),.UNSPECIFIED.);
#335=B_SPLINE_CURVE_WITH_KNOTS('',1,(#8892,#8893),.UNSPECIFIED.,.F.,.F.,
(2,2),(2.50000000000001,6.33160130684033),.UNSPECIFIED.);
#336=B_SPLINE_CURVE_WITH_KNOTS('',1,(#8894,#8895),.UNSPECIFIED.,.F.,.F.,
(2,2),(2.49999999999993,92.4999999999999),.UNSPECIFIED.);
#337=B_SPLINE_CURVE_WITH_KNOTS('',1,(#8896,#8897),.UNSPECIFIED.,.F.,.F.,
(2,2),(0.,95.),.UNSPECIFIED.);
#338=B_SPLINE_CURVE_WITH_KNOTS('',1,(#8898,#8899),.UNSPECIFIED.,.F.,.F.,
(2,2),(0.,10.),.UNSPECIFIED.);
#339=B_SPLINE_CURVE_WITH_KNOTS('',1,(#8900,#8901),.UNSPECIFIED.,.F.,.F.,
(2,2),(0.,3.70439109555198),.UNSPECIFIED.);
#340=B_SPLINE_CURVE_WITH_KNOTS('',1,(#8902,#8903),.UNSPECIFIED.,.F.,.F.,
(2,2),(-10.,0.),.UNSPECIFIED.);
#341=B_SPLINE_CURVE_WITH_KNOTS('',1,(#8904,#8905),.UNSPECIFIED.,.F.,.F.,
(2,2),(0.,5.),.UNSPECIFIED.);
#342=B_SPLINE_CURVE_WITH_KNOTS('',1,(#8906,#8907),.UNSPECIFIED.,.F.,.F.,
(2,2),(-10.,0.),.UNSPECIFIED.);
#343=B_SPLINE_CURVE_WITH_KNOTS('',1,(#8908,#8909),.UNSPECIFIED.,.F.,.F.,
(2,2),(0.,3.70439109555259),.UNSPECIFIED.);
#344=B_SPLINE_CURVE_WITH_KNOTS('',1,(#8910,#8911),.UNSPECIFIED.,.F.,.F.,
(2,2),(-10.,0.),.UNSPECIFIED.);
#345=B_SPLINE_CURVE_WITH_KNOTS('',1,(#8912,#8913),.UNSPECIFIED.,.F.,.F.,
(2,2),(0.,5.),.UNSPECIFIED.);
#346=B_SPLINE_CURVE_WITH_KNOTS('',1,(#8914,#8915),.UNSPECIFIED.,.F.,.F.,
(2,2),(0.,3.70439109555224),.UNSPECIFIED.);
#347=B_SPLINE_CURVE_WITH_KNOTS('',1,(#8916,#8917),.UNSPECIFIED.,.F.,.F.,
(2,2),(21.2956089044477,25.),.UNSPECIFIED.);
#348=B_SPLINE_CURVE_WITH_KNOTS('',1,(#8918,#8919),.UNSPECIFIED.,.F.,.F.,
(2,2),(0.,5.),.UNSPECIFIED.);
#349=B_SPLINE_CURVE_WITH_KNOTS('',1,(#8920,#8921),.UNSPECIFIED.,.F.,.F.,
(2,2),(0.,3.7043910955523),.UNSPECIFIED.);
#350=B_SPLINE_CURVE_WITH_KNOTS('',1,(#8922,#8923),.UNSPECIFIED.,.F.,.F.,
(2,2),(21.2956089044477,25.),.UNSPECIFIED.);
#351=B_SPLINE_CURVE_WITH_KNOTS('',1,(#8924,#8925),.UNSPECIFIED.,.F.,.F.,
(2,2),(0.,5.),.UNSPECIFIED.);
#352=B_SPLINE_CURVE_WITH_KNOTS('',1,(#8926,#8927),.UNSPECIFIED.,.F.,.F.,
(2,2),(-66.,-56.),.UNSPECIFIED.);
#353=B_SPLINE_CURVE_WITH_KNOTS('',1,(#8928,#8929),.UNSPECIFIED.,.F.,.F.,
(2,2),(56.,66.),.UNSPECIFIED.);
#354=B_SPLINE_CURVE_WITH_KNOTS('',1,(#8930,#8931),.UNSPECIFIED.,.F.,.F.,
(2,2),(56.,66.),.UNSPECIFIED.);
#355=B_SPLINE_CURVE_WITH_KNOTS('',1,(#8932,#8933),.UNSPECIFIED.,.F.,.F.,
(2,2),(-66.,-56.),.UNSPECIFIED.);
#356=B_SPLINE_CURVE_WITH_KNOTS('',1,(#8946,#8947),.UNSPECIFIED.,.F.,.F.,
(2,2),(21.2956089044475,25.),.UNSPECIFIED.);
#357=B_SPLINE_CURVE_WITH_KNOTS('',1,(#8948,#8949),.UNSPECIFIED.,.F.,.F.,
(2,2),(21.2956089044478,25.),.UNSPECIFIED.);
#358=B_SPLINE_CURVE_WITH_KNOTS('',1,(#8950,#8951),.UNSPECIFIED.,.F.,.F.,
(2,2),(-29.9380026136806,-23.3002013068403),.UNSPECIFIED.);
#359=B_SPLINE_CURVE_WITH_KNOTS('',1,(#8952,#8953),.UNSPECIFIED.,.F.,.F.,
(2,2),(-29.9380026136806,-23.3002013068403),.UNSPECIFIED.);
#360=B_SPLINE_CURVE_WITH_KNOTS('',1,(#8954,#8955,#8956,#8957),
 .UNSPECIFIED.,.F.,.F.,(2,1,1,2),(0.,165.033140807952,179.783163672102,
185.033140807952),.UNSPECIFIED.);
#361=B_SPLINE_CURVE_WITH_KNOTS('',1,(#8958,#8959),.UNSPECIFIED.,.F.,.F.,
(2,2),(0.,185.033140807952),.UNSPECIFIED.);
#362=B_SPLINE_CURVE_WITH_KNOTS('',1,(#8960,#8961),.UNSPECIFIED.,.F.,.F.,
(2,2),(-16.0502013068403,-14.9690013068403),.UNSPECIFIED.);
#363=B_SPLINE_CURVE_WITH_KNOTS('',1,(#8962,#8963),.UNSPECIFIED.,.F.,.F.,
(2,2),(4.50000000000002,6.62500000000003),.UNSPECIFIED.);
#364=B_SPLINE_CURVE_WITH_KNOTS('',1,(#8964,#8965),.UNSPECIFIED.,.F.,.F.,
(2,2),(0.,7.25),.UNSPECIFIED.);
#365=B_SPLINE_CURVE_WITH_KNOTS('',1,(#8966,#8967),.UNSPECIFIED.,.F.,.F.,
(2,2),(14.4566013068403,21.0944026136807),.UNSPECIFIED.);
#366=B_SPLINE_CURVE_WITH_KNOTS('',1,(#8968,#8969),.UNSPECIFIED.,.F.,.F.,
(2,2),(14.4566013068403,21.0944026136807),.UNSPECIFIED.);
#367=B_SPLINE_CURVE_WITH_KNOTS('',1,(#8970,#8971),.UNSPECIFIED.,.F.,.F.,
(2,2),(25.5944026136806,26.6756026136806),.UNSPECIFIED.);
#368=B_SPLINE_CURVE_WITH_KNOTS('',1,(#8972,#8973),.UNSPECIFIED.,.F.,.F.,
(2,2),(0.,7.24999999999997),.UNSPECIFIED.);
#369=B_SPLINE_CURVE_WITH_KNOTS('',1,(#8974,#8975),.UNSPECIFIED.,.F.,.F.,
(2,2),(0.,2.60826666666662),.UNSPECIFIED.);
#370=B_SPLINE_CURVE_WITH_KNOTS('',1,(#8976,#8977),.UNSPECIFIED.,.F.,.F.,
(2,2),(0.,185.033140807952),.UNSPECIFIED.);
#371=B_SPLINE_CURVE_WITH_KNOTS('',1,(#8978,#8979),.UNSPECIFIED.,.F.,.F.,
(2,2),(0.,185.033140807952),.UNSPECIFIED.);
#372=B_SPLINE_CURVE_WITH_KNOTS('',1,(#8986,#8987),.UNSPECIFIED.,.F.,.F.,
(2,2),(-130.,-115.),.UNSPECIFIED.);
#373=B_SPLINE_CURVE_WITH_KNOTS('',3,(#8988,#8989,#8990,#8991,#8992),
 .UNSPECIFIED.,.F.,.F.,(4,1,4),(0.,1.77552028028437,3.55099959214901),
 .UNSPECIFIED.);
#374=B_SPLINE_CURVE_WITH_KNOTS('',3,(#8993,#8994,#8995,#8996,#8997),
 .UNSPECIFIED.,.F.,.F.,(4,1,4),(0.,1.77548127761656,3.55096255523312),
 .UNSPECIFIED.);
#375=B_SPLINE_CURVE_WITH_KNOTS('',3,(#8998,#8999,#9000,#9001,#9002),
 .UNSPECIFIED.,.F.,.F.,(4,1,4),(-3.55411578598615,-1.77705789299307,0.),
 .UNSPECIFIED.);
#376=B_SPLINE_CURVE_WITH_KNOTS('',3,(#9003,#9004,#9005,#9006,#9007),
 .UNSPECIFIED.,.F.,.F.,(4,1,4),(-3.5541157859819,-1.77707870241249,0.),
 .UNSPECIFIED.);
#377=B_SPLINE_CURVE_WITH_KNOTS('',3,(#9008,#9009,#9010,#9011,#9012),
 .UNSPECIFIED.,.F.,.F.,(4,1,4),(-3.55411578709118,-1.77705789354559,0.),
 .UNSPECIFIED.);
#378=B_SPLINE_CURVE_WITH_KNOTS('',3,(#9013,#9014,#9015,#9016,#9017),
 .UNSPECIFIED.,.F.,.F.,(4,1,4),(-3.55411578598961,-1.77705789299481,0.),
 .UNSPECIFIED.);
#379=B_SPLINE_CURVE_WITH_KNOTS('',3,(#9018,#9019,#9020,#9021,#9022),
 .UNSPECIFIED.,.F.,.F.,(4,1,4),(-3.55411635700407,-1.77705817850203,0.),
 .UNSPECIFIED.);
#380=B_SPLINE_CURVE_WITH_KNOTS('',3,(#9023,#9024,#9025,#9026,#9027),
 .UNSPECIFIED.,.F.,.F.,(4,1,4),(0.,1.77549395063611,3.55098790127221),
 .UNSPECIFIED.);
#381=B_SPLINE_CURVE_WITH_KNOTS('',1,(#9028,#9029),.UNSPECIFIED.,.F.,.F.,
(2,2),(0.,12.5031993494099),.UNSPECIFIED.);
#382=B_SPLINE_CURVE_WITH_KNOTS('',1,(#9030,#9031),.UNSPECIFIED.,.F.,.F.,
(2,2),(0.,12.5031993494099),.UNSPECIFIED.);
#383=B_SPLINE_CURVE_WITH_KNOTS('',1,(#9032,#9033),.UNSPECIFIED.,.F.,.F.,
(2,2),(30.5,31.5),.UNSPECIFIED.);
#384=B_SPLINE_CURVE_WITH_KNOTS('',1,(#9034,#9035),.UNSPECIFIED.,.F.,.F.,
(2,2),(30.5,31.5),.UNSPECIFIED.);
#385=B_SPLINE_CURVE_WITH_KNOTS('',1,(#9036,#9037),.UNSPECIFIED.,.F.,.F.,
(2,2),(0.,11.8062),.UNSPECIFIED.);
#386=B_SPLINE_CURVE_WITH_KNOTS('',3,(#9038,#9039,#9040,#9041,#9042),
 .UNSPECIFIED.,.F.,.F.,(4,1,4),(0.,1.77549422840883,3.55098845681765),
 .UNSPECIFIED.);
#387=B_SPLINE_CURVE_WITH_KNOTS('',3,(#9043,#9044,#9045,#9046,#9047),
 .UNSPECIFIED.,.F.,.F.,(4,1,4),(0.,1.77549554953545,3.55099186679429),
 .UNSPECIFIED.);
#388=B_SPLINE_CURVE_WITH_KNOTS('',3,(#9048,#9049,#9050,#9051,#9052),
 .UNSPECIFIED.,.F.,.F.,(4,1,4),(-3.55411521388012,-1.77705721748124,0.),
 .UNSPECIFIED.);
#389=B_SPLINE_CURVE_WITH_KNOTS('',3,(#9053,#9054,#9055,#9056,#9057),
 .UNSPECIFIED.,.F.,.F.,(4,1,4),(-3.55411578709118,-1.77705789354559,0.),
 .UNSPECIFIED.);
#390=B_SPLINE_CURVE_WITH_KNOTS('',1,(#9058,#9059),.UNSPECIFIED.,.F.,.F.,
(2,2),(8.19699934940986,12.5031993494098),.UNSPECIFIED.);
#391=B_SPLINE_CURVE_WITH_KNOTS('',1,(#9060,#9061),.UNSPECIFIED.,.F.,.F.,
(2,2),(0.,12.5331408079521),.UNSPECIFIED.);
#392=B_SPLINE_CURVE_WITH_KNOTS('',1,(#9065,#9066),.UNSPECIFIED.,.F.,.F.,
(2,2),(30.4999999999999,31.5),.UNSPECIFIED.);
#393=B_SPLINE_CURVE_WITH_KNOTS('',1,(#9067,#9068),.UNSPECIFIED.,.F.,.F.,
(2,2),(2.49999999999989,5.),.UNSPECIFIED.);
#394=B_SPLINE_CURVE_WITH_KNOTS('',1,(#9069,#9070),.UNSPECIFIED.,.F.,.F.,
(2,2),(2.49999999999989,5.),.UNSPECIFIED.);
#395=B_SPLINE_CURVE_WITH_KNOTS('',1,(#9071,#9072),.UNSPECIFIED.,.F.,.F.,
(2,2),(0.,9.49999999999989),.UNSPECIFIED.);
#396=B_SPLINE_CURVE_WITH_KNOTS('',1,(#9073,#9074),.UNSPECIFIED.,.F.,.F.,
(2,2),(0.,29.1687999999999),.UNSPECIFIED.);
#397=B_SPLINE_CURVE_WITH_KNOTS('',1,(#9075,#9076),.UNSPECIFIED.,.F.,.F.,
(2,2),(-130.,-115.),.UNSPECIFIED.);
#398=B_SPLINE_CURVE_WITH_KNOTS('',3,(#9083,#9084,#9085,#9086,#9087),
 .UNSPECIFIED.,.F.,.F.,(4,1,4),(0.,1.77552028028437,3.55099959214901),
 .UNSPECIFIED.);
#399=B_SPLINE_CURVE_WITH_KNOTS('',3,(#9088,#9089,#9090,#9091,#9092),
 .UNSPECIFIED.,.F.,.F.,(4,1,4),(0.,1.77548127761656,3.55096255523312),
 .UNSPECIFIED.);
#400=B_SPLINE_CURVE_WITH_KNOTS('',3,(#9093,#9094,#9095,#9096,#9097),
 .UNSPECIFIED.,.F.,.F.,(4,1,4),(-3.55411578598615,-1.77705789299307,0.),
 .UNSPECIFIED.);
#401=B_SPLINE_CURVE_WITH_KNOTS('',3,(#9098,#9099,#9100,#9101,#9102),
 .UNSPECIFIED.,.F.,.F.,(4,1,4),(-3.5541157859819,-1.77707870241249,0.),
 .UNSPECIFIED.);
#402=B_SPLINE_CURVE_WITH_KNOTS('',3,(#9103,#9104,#9105,#9106,#9107),
 .UNSPECIFIED.,.F.,.F.,(4,1,4),(-3.55411578709118,-1.77705789354559,0.),
 .UNSPECIFIED.);
#403=B_SPLINE_CURVE_WITH_KNOTS('',3,(#9108,#9109,#9110,#9111,#9112),
 .UNSPECIFIED.,.F.,.F.,(4,1,4),(-3.55411578598961,-1.77705789299481,0.),
 .UNSPECIFIED.);
#404=B_SPLINE_CURVE_WITH_KNOTS('',3,(#9113,#9114,#9115,#9116,#9117),
 .UNSPECIFIED.,.F.,.F.,(4,1,4),(-3.55411635700407,-1.77705817850203,0.),
 .UNSPECIFIED.);
#405=B_SPLINE_CURVE_WITH_KNOTS('',3,(#9118,#9119,#9120,#9121,#9122),
 .UNSPECIFIED.,.F.,.F.,(4,1,4),(0.,1.77549395063611,3.55098790127221),
 .UNSPECIFIED.);
#406=B_SPLINE_CURVE_WITH_KNOTS('',1,(#9123,#9124),.UNSPECIFIED.,.F.,.F.,
(2,2),(0.,12.5031993494099),.UNSPECIFIED.);
#407=B_SPLINE_CURVE_WITH_KNOTS('',1,(#9125,#9126),.UNSPECIFIED.,.F.,.F.,
(2,2),(0.,15.0031993494099),.UNSPECIFIED.);
#408=B_SPLINE_CURVE_WITH_KNOTS('',1,(#9127,#9128),.UNSPECIFIED.,.F.,.F.,
(2,2),(30.5,31.5),.UNSPECIFIED.);
#409=B_SPLINE_CURVE_WITH_KNOTS('',1,(#9129,#9130),.UNSPECIFIED.,.F.,.F.,
(2,2),(30.5,31.5),.UNSPECIFIED.);
#410=B_SPLINE_CURVE_WITH_KNOTS('',1,(#9131,#9132),.UNSPECIFIED.,.F.,.F.,
(2,2),(0.,17.533140807952),.UNSPECIFIED.);
#411=B_SPLINE_CURVE_WITH_KNOTS('',1,(#9133,#9134),.UNSPECIFIED.,.F.,.F.,
(2,2),(-5.,-2.49999999999997),.UNSPECIFIED.);
#412=B_SPLINE_CURVE_WITH_KNOTS('',1,(#9135,#9136),.UNSPECIFIED.,.F.,.F.,
(2,2),(0.,9.49999999999997),.UNSPECIFIED.);
#413=B_SPLINE_CURVE_WITH_KNOTS('',1,(#9137,#9138),.UNSPECIFIED.,.F.,.F.,
(2,2),(0.,30.25),.UNSPECIFIED.);
#414=B_SPLINE_CURVE_WITH_KNOTS('',1,(#9139,#9140),.UNSPECIFIED.,.F.,.F.,
(2,2),(0.,58.2008571358498),.UNSPECIFIED.);
#415=B_SPLINE_CURVE_WITH_KNOTS('',1,(#9141,#9142),.UNSPECIFIED.,.F.,.F.,
(2,2),(0.,230.70085713585),.UNSPECIFIED.);
#416=B_SPLINE_CURVE_WITH_KNOTS('',1,(#9143,#9144),.UNSPECIFIED.,.F.,.F.,
(2,2),(0.,230.70085713585),.UNSPECIFIED.);
#417=B_SPLINE_CURVE_WITH_KNOTS('',1,(#9145,#9146),.UNSPECIFIED.,.F.,.F.,
(2,2),(0.,185.033140807952),.UNSPECIFIED.);
#418=B_SPLINE_CURVE_WITH_KNOTS('',1,(#9147,#9148),.UNSPECIFIED.,.F.,.F.,
(2,2),(0.,185.033140807952),.UNSPECIFIED.);
#419=B_SPLINE_CURVE_WITH_KNOTS('',1,(#9149,#9150),.UNSPECIFIED.,.F.,.F.,
(2,2),(2.50000000000001,21.3348006562502),.UNSPECIFIED.);
#420=B_SPLINE_CURVE_WITH_KNOTS('',1,(#9151,#9152),.UNSPECIFIED.,.F.,.F.,
(2,2),(0.,4.99999999999994),.UNSPECIFIED.);
#421=B_SPLINE_CURVE_WITH_KNOTS('',1,(#9153,#9154),.UNSPECIFIED.,.F.,.F.,
(2,2),(0.,4.99999999999994),.UNSPECIFIED.);
#422=B_SPLINE_CURVE_WITH_KNOTS('',1,(#9155,#9156),.UNSPECIFIED.,.F.,.F.,
(2,2),(0.,2.50000000000003),.UNSPECIFIED.);
#423=B_SPLINE_CURVE_WITH_KNOTS('',1,(#9157,#9158),.UNSPECIFIED.,.F.,.F.,
(2,2),(0.,2.5000000000002),.UNSPECIFIED.);
#424=B_SPLINE_CURVE_WITH_KNOTS('',1,(#9159,#9160),.UNSPECIFIED.,.F.,.F.,
(2,2),(-2.04018402172324E-13,2.50000000000006),.UNSPECIFIED.);
#425=B_SPLINE_CURVE_WITH_KNOTS('',1,(#9161,#9162),.UNSPECIFIED.,.F.,.F.,
(2,2),(0.,2.50000000000026),.UNSPECIFIED.);
#426=B_SPLINE_CURVE_WITH_KNOTS('',1,(#9163,#9164),.UNSPECIFIED.,.F.,.F.,
(2,2),(0.,2.4999999999999),.UNSPECIFIED.);
#427=B_SPLINE_CURVE_WITH_KNOTS('',1,(#9165,#9166),.UNSPECIFIED.,.F.,.F.,
(2,2),(-1.00752739484732E-13,2.49999999999997),.UNSPECIFIED.);
#428=B_SPLINE_CURVE_WITH_KNOTS('',1,(#9167,#9168),.UNSPECIFIED.,.F.,.F.,
(2,2),(0.,4.99999999999994),.UNSPECIFIED.);
#429=B_SPLINE_CURVE_WITH_KNOTS('',1,(#9169,#9170),.UNSPECIFIED.,.F.,.F.,
(2,2),(0.,3.53553390593276),.UNSPECIFIED.);
#430=B_SPLINE_CURVE_WITH_KNOTS('',1,(#9171,#9172),.UNSPECIFIED.,.F.,.F.,
(2,2),(-3.53553390593276,0.),.UNSPECIFIED.);
#431=B_SPLINE_CURVE_WITH_KNOTS('',1,(#9173,#9174),.UNSPECIFIED.,.F.,.F.,
(2,2),(-3.53553390593298,0.),.UNSPECIFIED.);
#432=B_SPLINE_CURVE_WITH_KNOTS('',1,(#9175,#9176),.UNSPECIFIED.,.F.,.F.,
(2,2),(0.,3.53553390593298),.UNSPECIFIED.);
#433=B_SPLINE_CURVE_WITH_KNOTS('',1,(#9177,#9178),.UNSPECIFIED.,.F.,.F.,
(2,2),(-3.53553390593232,0.),.UNSPECIFIED.);
#434=B_SPLINE_CURVE_WITH_KNOTS('',1,(#9179,#9180),.UNSPECIFIED.,.F.,.F.,
(2,2),(0.,3.53553390593232),.UNSPECIFIED.);
#435=B_SPLINE_CURVE_WITH_KNOTS('',1,(#9181,#9182),.UNSPECIFIED.,.F.,.F.,
(2,2),(0.,3.5355339059325),.UNSPECIFIED.);
#436=B_SPLINE_CURVE_WITH_KNOTS('',1,(#9183,#9184),.UNSPECIFIED.,.F.,.F.,
(2,2),(-3.5355339059325,0.),.UNSPECIFIED.);
#437=B_SPLINE_CURVE_WITH_KNOTS('',1,(#9185,#9186),.UNSPECIFIED.,.F.,.F.,
(2,2),(-3.53553390593275,0.),.UNSPECIFIED.);
#438=B_SPLINE_CURVE_WITH_KNOTS('',1,(#9187,#9188),.UNSPECIFIED.,.F.,.F.,
(2,2),(0.,3.53553390593275),.UNSPECIFIED.);
#439=B_SPLINE_CURVE_WITH_KNOTS('',1,(#9189,#9190),.UNSPECIFIED.,.F.,.F.,
(2,2),(0.,3.53553390593311),.UNSPECIFIED.);
#440=B_SPLINE_CURVE_WITH_KNOTS('',1,(#9191,#9192),.UNSPECIFIED.,.F.,.F.,
(2,2),(-3.53553390593311,0.),.UNSPECIFIED.);
#441=B_SPLINE_CURVE_WITH_KNOTS('',3,(#9193,#9194,#9195,#9196,#9197,#9198,
#9199,#9200),.UNSPECIFIED.,.F.,.F.,(4,3,1,4),(-0.000762289249474006,-0.000381119275191392,
2.86382904333236,5.73033207717331),.UNSPECIFIED.);
#442=B_SPLINE_CURVE_WITH_KNOTS('',1,(#9201,#9202),.UNSPECIFIED.,.F.,.F.,
(2,2),(0.,2.23466998908737),.UNSPECIFIED.);
#443=B_SPLINE_CURVE_WITH_KNOTS('',3,(#9203,#9204,#9205,#9206,#9207,#9208,
#9209,#9210),.UNSPECIFIED.,.F.,.F.,(4,2,2,4),(0.,1.06066007223627,1.59099012491132,
2.12132021700885),.UNSPECIFIED.);
#444=B_SPLINE_CURVE_WITH_KNOTS('',3,(#9211,#9212,#9213,#9214,#9215,#9216,
#9217,#9218),.UNSPECIFIED.,.F.,.F.,(4,1,3,4),(-5.6594456937813E-14,2.86427107060454,
5.73076547385453,5.73114675591316),.UNSPECIFIED.);
#445=B_SPLINE_CURVE_WITH_KNOTS('',1,(#9219,#9220),.UNSPECIFIED.,.F.,.F.,
(2,2),(0.,2.2346767846908),.UNSPECIFIED.);
#446=B_SPLINE_CURVE_WITH_KNOTS('',3,(#9221,#9222,#9223,#9224,#9225,#9226,
#9227),.UNSPECIFIED.,.F.,.F.,(4,1,1,1,4),(-3.1400284630695E-14,1.43324301104632,
2.86648602209267,4.2989743880225,5.73146275395233),.UNSPECIFIED.);
#447=B_SPLINE_CURVE_WITH_KNOTS('',3,(#9228,#9229,#9230,#9231,#9232,#9233,
#9234),.UNSPECIFIED.,.F.,.F.,(4,1,1,1,4),(-2.05566680144033E-14,1.43320870534798,
2.86641741069598,4.29888644293561,5.73135547517525),.UNSPECIFIED.);
#448=B_SPLINE_CURVE_WITH_KNOTS('',1,(#9235,#9236),.UNSPECIFIED.,.F.,.F.,
(2,2),(0.,2.17167523911236),.UNSPECIFIED.);
#449=B_SPLINE_CURVE_WITH_KNOTS('',1,(#9237,#9238),.UNSPECIFIED.,.F.,.F.,
(2,2),(0.,2.17167523964193),.UNSPECIFIED.);
#450=B_SPLINE_CURVE_WITH_KNOTS('',3,(#9239,#9240,#9241,#9242,#9243,#9244,
#9245),.UNSPECIFIED.,.F.,.F.,(4,1,1,1,4),(-3.58237485046037E-17,1.43324301145814,
2.86648602291627,4.29895505536676,5.73142408781724),.UNSPECIFIED.);
#451=B_SPLINE_CURVE_WITH_KNOTS('',1,(#9246,#9247),.UNSPECIFIED.,.F.,.F.,
(2,2),(0.,2.17167523964193),.UNSPECIFIED.);
#452=B_SPLINE_CURVE_WITH_KNOTS('',3,(#9248,#9249,#9250,#9251,#9252,#9253,
#9254),.UNSPECIFIED.,.F.,.F.,(4,1,1,1,4),(-5.21338136495852E-13,1.43324301105382,
2.86648602210817,4.29895505434089,5.73142408657361),.UNSPECIFIED.);
#453=B_SPLINE_CURVE_WITH_KNOTS('',1,(#9255,#9256),.UNSPECIFIED.,.F.,.F.,
(2,2),(0.,2.1716752391649),.UNSPECIFIED.);
#454=B_SPLINE_CURVE_WITH_KNOTS('',3,(#9257,#9258,#9259,#9260,#9261,#9262,
#9263),.UNSPECIFIED.,.F.,.F.,(4,1,1,1,4),(-1.11263549353388E-13,1.43324357810789,
2.86648715621589,4.2989563972232,5.73142563823052),.UNSPECIFIED.);
#455=B_SPLINE_CURVE_WITH_KNOTS('',3,(#9264,#9265,#9266,#9267,#9268),
 .UNSPECIFIED.,.F.,.F.,(4,1,4),(-9.92508564830606E-13,2.86404231062878,
5.73039943830999),.UNSPECIFIED.);
#456=B_SPLINE_CURVE_WITH_KNOTS('',1,(#9269,#9270),.UNSPECIFIED.,.F.,.F.,
(2,2),(0.,2.23466693338083),.UNSPECIFIED.);
#457=B_SPLINE_CURVE_WITH_KNOTS('',1,(#9271,#9272),.UNSPECIFIED.,.F.,.F.,
(2,2),(0.,2.23466735373907),.UNSPECIFIED.);
#458=B_SPLINE_CURVE_WITH_KNOTS('',3,(#9273,#9274,#9275,#9276,#9277,#9278,
#9279,#9280),.UNSPECIFIED.,.F.,.F.,(4,1,3,4),(7.17922972389495E-15,2.86635727351839,
5.73040070727587,5.7311632343896),.UNSPECIFIED.);
#459=B_SPLINE_CURVE_WITH_KNOTS('',1,(#9281,#9282),.UNSPECIFIED.,.F.,.F.,
(2,2),(0.,2.23466686201627),.UNSPECIFIED.);
#460=B_SPLINE_CURVE_WITH_KNOTS('',3,(#9283,#9284,#9285,#9286),
 .UNSPECIFIED.,.F.,.F.,(4,4),(0.,2.12132036141295),.UNSPECIFIED.);
#461=B_SPLINE_CURVE_WITH_KNOTS('',1,(#9287,#9288),.UNSPECIFIED.,.F.,.F.,
(2,2),(0.,2.23466735373907),.UNSPECIFIED.);
#462=B_SPLINE_CURVE_WITH_KNOTS('',3,(#9289,#9290,#9291,#9292,#9293,#9294,
#9295),.UNSPECIFIED.,.F.,.F.,(4,1,1,1,4),(0.,1.4324681808067,2.86493636161341,
4.29817916356112,5.73142196550882),.UNSPECIFIED.);
#463=B_SPLINE_CURVE_WITH_KNOTS('',1,(#9296,#9297),.UNSPECIFIED.,.F.,.F.,
(2,2),(0.,2.1692446704228),.UNSPECIFIED.);
#464=B_SPLINE_CURVE_WITH_KNOTS('',3,(#9298,#9299,#9300,#9301,#9302,#9303,
#9304),.UNSPECIFIED.,.F.,.F.,(4,1,1,1,4),(5.52721040657904E-13,1.43246903272085,
2.86493806544115,4.29818148004346,5.73142489464577),.UNSPECIFIED.);
#465=B_SPLINE_CURVE_WITH_KNOTS('',3,(#9305,#9306,#9307,#9308),
 .UNSPECIFIED.,.F.,.F.,(4,4),(-0.000762306249565145,-2.33153688174619E-11),
 .UNSPECIFIED.);
#466=B_SPLINE_CURVE_WITH_KNOTS('',1,(#9309,#9310),.UNSPECIFIED.,.F.,.F.,
(2,2),(4.25479876313704E-11,2.23467678469123),.UNSPECIFIED.);
#467=B_SPLINE_CURVE_WITH_KNOTS('',3,(#9311,#9312,#9313,#9314,#9315,#9316,
#9317,#9318),.UNSPECIFIED.,.F.,.F.,(4,1,3,4),(-9.98032155243132E-14,2.86631239799212,
5.73033207723075,5.73109460445456),.UNSPECIFIED.);
#468=B_SPLINE_CURVE_WITH_KNOTS('',1,(#9319,#9320),.UNSPECIFIED.,.F.,.F.,
(2,2),(0.,2.23467678469123),.UNSPECIFIED.);
#469=B_SPLINE_CURVE_WITH_KNOTS('',3,(#9321,#9322,#9323,#9324,#9325,#9326,
#9327),.UNSPECIFIED.,.F.,.F.,(4,1,1,1,4),(5.59998162476141E-14,1.43248836592986,
2.86497673185967,4.29821974290605,5.73146275395242),.UNSPECIFIED.);
#470=B_SPLINE_CURVE_WITH_KNOTS('',1,(#9328,#9329),.UNSPECIFIED.,.F.,.F.,
(2,2),(0.,2.1692446709453),.UNSPECIFIED.);
#471=B_SPLINE_CURVE_WITH_KNOTS('',1,(#9330,#9331),.UNSPECIFIED.,.F.,.F.,
(2,2),(0.,2.16924487509859),.UNSPECIFIED.);
#472=B_SPLINE_CURVE_WITH_KNOTS('',3,(#9332,#9333,#9334,#9335,#9336,#9337,
#9338),.UNSPECIFIED.,.F.,.F.,(4,1,1,1,4),(5.60480706859114E-13,1.4324690322402,
2.86493806447984,4.29814676982782,5.73135547517581),.UNSPECIFIED.);
#473=B_SPLINE_CURVE_WITH_KNOTS('',1,(#9339,#9340),.UNSPECIFIED.,.F.,.F.,
(2,2),(0.,2.16924467089087),.UNSPECIFIED.);
#474=B_SPLINE_CURVE_WITH_KNOTS('',3,(#9341,#9342,#9343,#9344,#9345,#9346,
#9347),.UNSPECIFIED.,.F.,.F.,(4,1,1,1,4),(4.67514809980339E-13,1.43246903245101,
2.86493806490155,4.29818107635966,5.73142408781778),.UNSPECIFIED.);
#475=B_SPLINE_CURVE_WITH_KNOTS('',1,(#9348,#9349),.UNSPECIFIED.,.F.,.F.,
(2,2),(0.,2.16924467089087),.UNSPECIFIED.);
#476=B_SPLINE_CURVE_WITH_KNOTS('',3,(#9350,#9351,#9352,#9353,#9354,#9355,
#9356),.UNSPECIFIED.,.F.,.F.,(4,1,1,1,4),(-1.59806565618292E-13,1.43246903223259,
2.86493806446533,4.29818107551969,5.73142408657405),.UNSPECIFIED.);
#477=B_SPLINE_CURVE_WITH_KNOTS('',1,(#9357,#9358),.UNSPECIFIED.,.F.,.F.,
(2,2),(0.,2.16924398242785),.UNSPECIFIED.);
#478=B_SPLINE_CURVE_WITH_KNOTS('',3,(#9359,#9360,#9361,#9362,#9363,#9364,
#9365),.UNSPECIFIED.,.F.,.F.,(4,1,1,1,4),(-2.49340420727152E-15,1.43246924100725,
2.8649384820145,4.2981820601225,5.7314256382305),.UNSPECIFIED.);
#479=B_SPLINE_CURVE_WITH_KNOTS('',1,(#9366,#9367),.UNSPECIFIED.,.F.,.F.,
(2,2),(0.,2.16924398242785),.UNSPECIFIED.);
#480=B_SPLINE_CURVE_WITH_KNOTS('',3,(#9368,#9369,#9370,#9371,#9372),
 .UNSPECIFIED.,.F.,.F.,(4,1,4),(5.61566304641346E-13,2.86635712768178,5.73039943831149),
 .UNSPECIFIED.);
#481=B_SPLINE_CURVE_WITH_KNOTS('',1,(#9373,#9374,#9375),.UNSPECIFIED.,.F.,
 .F.,(2,1,2),(152.853981633974,177.853981633974,180.353981633974),
 .UNSPECIFIED.);
#482=B_SPLINE_CURVE_WITH_KNOTS('',1,(#9376,#9377,#9378),.UNSPECIFIED.,.F.,
 .F.,(2,1,2),(165.,167.5,185.033140807952),.UNSPECIFIED.);
#483=B_SPLINE_CURVE_WITH_KNOTS('',1,(#9379,#9380,#9381,#9382),
 .UNSPECIFIED.,.F.,.F.,(2,1,1,2),(45.,47.5,72.5,75.),.UNSPECIFIED.);
#484=B_SPLINE_CURVE_WITH_KNOTS('',3,(#9383,#9384,#9385,#9386),
 .UNSPECIFIED.,.F.,.F.,(4,4),(-0.000762306100702806,-2.32480182083611E-11),
 .UNSPECIFIED.);
#485=B_SPLINE_CURVE_WITH_KNOTS('',3,(#9387,#9388,#9389,#9390,#9391),
 .UNSPECIFIED.,.F.,.F.,(4,1,4),(-2.32480182083611E-11,2.866357909488,5.73040220489319),
 .UNSPECIFIED.);
#486=B_SPLINE_CURVE_WITH_KNOTS('',3,(#9392,#9393,#9394,#9395),
 .UNSPECIFIED.,.F.,.F.,(4,4),(-2.12132024993377,0.),.UNSPECIFIED.);
#487=B_SPLINE_CURVE_WITH_KNOTS('',3,(#9396,#9397,#9398,#9399,#9400),
 .UNSPECIFIED.,.F.,.F.,(4,1,4),(-2.33153688174619E-11,2.86630371362107,
5.73038424252434),.UNSPECIFIED.);
#488=B_SPLINE_CURVE_WITH_KNOTS('',1,(#9401,#9402),.UNSPECIFIED.,.F.,.F.,
(2,2),(0.,4.99999999999989),.UNSPECIFIED.);
#489=B_SPLINE_CURVE_WITH_KNOTS('',1,(#9403,#9404),.UNSPECIFIED.,.F.,.F.,
(2,2),(0.,2.50000000000003),.UNSPECIFIED.);
#490=B_SPLINE_CURVE_WITH_KNOTS('',1,(#9405,#9406),.UNSPECIFIED.,.F.,.F.,
(2,2),(12.5331408079518,58.2008571358496),.UNSPECIFIED.);
#491=B_SPLINE_CURVE_WITH_KNOTS('',1,(#9407,#9408),.UNSPECIFIED.,.F.,.F.,
(2,2),(0.,10.5748006562762),.UNSPECIFIED.);
#492=B_SPLINE_CURVE_WITH_KNOTS('',1,(#9409,#9410),.UNSPECIFIED.,.F.,.F.,
(2,2),(0.,10.1683986931597),.UNSPECIFIED.);
#493=B_SPLINE_CURVE_WITH_KNOTS('',1,(#9411,#9412),.UNSPECIFIED.,.F.,.F.,
(2,2),(0.,6.74319934943579),.UNSPECIFIED.);
#494=B_SPLINE_CURVE_WITH_KNOTS('',1,(#9416,#9417),.UNSPECIFIED.,.F.,.F.,
(2,2),(1.5,2.50000000000003),.UNSPECIFIED.);
#495=B_SPLINE_CURVE_WITH_KNOTS('',1,(#9421,#9422),.UNSPECIFIED.,.F.,.F.,
(2,2),(0.,2.15871047272217),.UNSPECIFIED.);
#496=B_SPLINE_CURVE_WITH_KNOTS('',1,(#9442,#9443),.UNSPECIFIED.,.F.,.F.,
(2,2),(0.0403622047244094,0.10266772698482),.UNSPECIFIED.);
#497=B_SPLINE_CURVE_WITH_KNOTS('',1,(#9450,#9451),.UNSPECIFIED.,.F.,.F.,
(2,2),(0.0118622047244094,0.106862204724409),.UNSPECIFIED.);
#498=B_SPLINE_CURVE_WITH_KNOTS('',1,(#9458,#9459),.UNSPECIFIED.,.F.,.F.,
(2,2),(0.00980437705064601,0.084135867930097),.UNSPECIFIED.);
#499=B_SPLINE_CURVE_WITH_KNOTS('',1,(#9463,#9464),.UNSPECIFIED.,.F.,.F.,
(2,2),(0.135017479270022,0.214326130237957),.UNSPECIFIED.);
#500=B_SPLINE_CURVE_WITH_KNOTS('',1,(#9477,#9478),.UNSPECIFIED.,.F.,.F.,
(2,2),(0.0403622047244094,0.102667726984821),.UNSPECIFIED.);
#501=B_SPLINE_CURVE_WITH_KNOTS('',1,(#9485,#9486),.UNSPECIFIED.,.F.,.F.,
(2,2),(0.0118622047244094,0.106862204724409),.UNSPECIFIED.);
#502=B_SPLINE_CURVE_WITH_KNOTS('',1,(#9493,#9494),.UNSPECIFIED.,.F.,.F.,
(2,2),(0.00980437705064601,0.084135867930097),.UNSPECIFIED.);
#503=B_SPLINE_CURVE_WITH_KNOTS('',1,(#9498,#9499),.UNSPECIFIED.,.F.,.F.,
(2,2),(0.135017479270022,0.214326130237957),.UNSPECIFIED.);
#504=B_SPLINE_CURVE_WITH_KNOTS('',1,(#9512,#9513),.UNSPECIFIED.,.F.,.F.,
(2,2),(38.,66.),.UNSPECIFIED.);
#505=B_SPLINE_CURVE_WITH_KNOTS('',1,(#9520,#9521),.UNSPECIFIED.,.F.,.F.,
(2,2),(1.5,2.50000000000003),.UNSPECIFIED.);
#506=B_SPLINE_CURVE_WITH_KNOTS('',1,(#9528,#9529),.UNSPECIFIED.,.F.,.F.,
(2,2),(0.,2.15871047272217),.UNSPECIFIED.);
#507=B_SPLINE_CURVE_WITH_KNOTS('',1,(#10614,#10615),.UNSPECIFIED.,.F.,.F.,
(2,2),(-27.8694026136806,-26.6756026136806),.UNSPECIFIED.);
#508=B_SPLINE_CURVE_WITH_KNOTS('',1,(#10616,#10617),.UNSPECIFIED.,.F.,.F.,
(2,2),(-42.8447339704409,-32.2603909197282),.UNSPECIFIED.);
#509=B_SPLINE_CURVE_WITH_KNOTS('',1,(#10618,#10619),.UNSPECIFIED.,.F.,.F.,
(2,2),(-9.03368372471478,1.55065932599784),.UNSPECIFIED.);
#510=B_SPLINE_CURVE_WITH_KNOTS('',1,(#10620,#10621),.UNSPECIFIED.,.F.,.F.,
(2,2),(1.55065932599784,12.2890028838312),.UNSPECIFIED.);
#511=B_SPLINE_CURVE_WITH_KNOTS('',1,(#10622,#10623),.UNSPECIFIED.,.F.,.F.,
(2,2),(12.2890028838312,30.6515362171646),.UNSPECIFIED.);
#512=B_SPLINE_CURVE_WITH_KNOTS('',1,(#10624,#10625),.UNSPECIFIED.,.F.,.F.,
(2,2),(0.,0.25),.UNSPECIFIED.);
#513=B_SPLINE_CURVE_WITH_KNOTS('',1,(#10626,#10627),.UNSPECIFIED.,.F.,.F.,
(2,2),(0.,0.25),.UNSPECIFIED.);
#514=B_SPLINE_CURVE_WITH_KNOTS('',1,(#10628,#10629),.UNSPECIFIED.,.F.,.F.,
(2,2),(-42.8447339704409,-32.2603909197282),.UNSPECIFIED.);
#515=B_SPLINE_CURVE_WITH_KNOTS('',1,(#10630,#10631),.UNSPECIFIED.,.F.,.F.,
(2,2),(0.,4.6938),.UNSPECIFIED.);
#516=B_SPLINE_CURVE_WITH_KNOTS('',1,(#10632,#10633),.UNSPECIFIED.,.F.,.F.,
(2,2),(0.,4.6938),.UNSPECIFIED.);
#517=B_SPLINE_CURVE_WITH_KNOTS('',1,(#10634,#10635),.UNSPECIFIED.,.F.,.F.,
(2,2),(0.,4.6938),.UNSPECIFIED.);
#518=B_SPLINE_CURVE_WITH_KNOTS('',1,(#10636,#10637),.UNSPECIFIED.,.F.,.F.,
(2,2),(-9.03368372471478,1.55065932599784),.UNSPECIFIED.);
#519=B_SPLINE_CURVE_WITH_KNOTS('',1,(#10638,#10639),.UNSPECIFIED.,.F.,.F.,
(2,2),(0.,4.6938),.UNSPECIFIED.);
#520=B_SPLINE_CURVE_WITH_KNOTS('',1,(#10640,#10641),.UNSPECIFIED.,.F.,.F.,
(2,2),(1.55065932599784,12.2890028838312),.UNSPECIFIED.);
#521=B_SPLINE_CURVE_WITH_KNOTS('',1,(#10642,#10643),.UNSPECIFIED.,.F.,.F.,
(2,2),(0.,4.6938),.UNSPECIFIED.);
#522=B_SPLINE_CURVE_WITH_KNOTS('',1,(#10644,#10645),.UNSPECIFIED.,.F.,.F.,
(2,2),(12.2890028838312,30.6515362171646),.UNSPECIFIED.);
#523=B_SPLINE_CURVE_WITH_KNOTS('',1,(#10646,#10647),.UNSPECIFIED.,.F.,.F.,
(2,2),(7.49997713584992,9.44157713584987),.UNSPECIFIED.);
#524=B_SPLINE_CURVE_WITH_KNOTS('',1,(#10648,#10649),.UNSPECIFIED.,.F.,.F.,
(2,2),(33.7677864013613,42.3606797749979),.UNSPECIFIED.);
#525=B_SPLINE_CURVE_WITH_KNOTS('',1,(#10650,#10651),.UNSPECIFIED.,.F.,.F.,
(2,2),(0.,4.6938),.UNSPECIFIED.);
#526=B_SPLINE_CURVE_WITH_KNOTS('',1,(#10652,#10653),.UNSPECIFIED.,.F.,.F.,
(2,2),(0.,4.6938),.UNSPECIFIED.);
#527=B_SPLINE_CURVE_WITH_KNOTS('',1,(#10654,#10655),.UNSPECIFIED.,.F.,.F.,
(2,2),(0.,0.25),.UNSPECIFIED.);
#528=B_SPLINE_CURVE_WITH_KNOTS('',1,(#10656,#10657),.UNSPECIFIED.,.F.,.F.,
(2,2),(0.,0.25),.UNSPECIFIED.);
#529=B_SPLINE_CURVE_WITH_KNOTS('',1,(#10658,#10659),.UNSPECIFIED.,.F.,.F.,
(2,2),(0.,1.19379999999998),.UNSPECIFIED.);
#530=B_SPLINE_CURVE_WITH_KNOTS('',1,(#10660,#10661),.UNSPECIFIED.,.F.,.F.,
(2,2),(892.17152,923.84032),.UNSPECIFIED.);
#531=B_SPLINE_CURVE_WITH_KNOTS('',1,(#10662,#10663),.UNSPECIFIED.,.F.,.F.,
(2,2),(0.,1.19379999999998),.UNSPECIFIED.);
#532=B_SPLINE_CURVE_WITH_KNOTS('',1,(#10664,#10665),.UNSPECIFIED.,.F.,.F.,
(2,2),(892.17152,923.84032),.UNSPECIFIED.);
#533=B_SPLINE_CURVE_WITH_KNOTS('',1,(#10666,#10667),.UNSPECIFIED.,.F.,.F.,
(2,2),(0.,2.49999999999997),.UNSPECIFIED.);
#534=B_SPLINE_CURVE_WITH_KNOTS('',3,(#10671,#10672,#10673,#10674,#10675),
 .UNSPECIFIED.,.F.,.F.,(4,1,4),(0.,2.86567684719331,5.73140748273269),
 .UNSPECIFIED.);
#535=B_SPLINE_CURVE_WITH_KNOTS('',3,(#10676,#10677,#10678,#10679,#10680),
 .UNSPECIFIED.,.F.,.F.,(4,1,4),(0.,2.86567800527925,5.73140879360611),
 .UNSPECIFIED.);
#536=B_SPLINE_CURVE_WITH_KNOTS('',3,(#10681,#10682,#10683,#10684,#10685),
 .UNSPECIFIED.,.F.,.F.,(4,1,4),(0.,2.86519137213392,5.73032975493185),
 .UNSPECIFIED.);
#537=B_SPLINE_CURVE_WITH_KNOTS('',3,(#10686,#10687,#10688,#10689,#10690),
 .UNSPECIFIED.,.F.,.F.,(4,1,4),(0.,2.86571161099331,5.7314219658917),
 .UNSPECIFIED.);
#538=B_SPLINE_CURVE_WITH_KNOTS('',1,(#10691,#10692),.UNSPECIFIED.,.F.,.F.,
(2,2),(-31.5,-30.5),.UNSPECIFIED.);
#539=B_SPLINE_CURVE_WITH_KNOTS('',1,(#10693,#10694),.UNSPECIFIED.,.F.,.F.,
(2,2),(-31.5,-30.5),.UNSPECIFIED.);
#540=B_SPLINE_CURVE_WITH_KNOTS('',1,(#10695,#10696),.UNSPECIFIED.,.F.,.F.,
(2,2),(-31.5,-30.5),.UNSPECIFIED.);
#541=B_SPLINE_CURVE_WITH_KNOTS('',1,(#10697,#10698),.UNSPECIFIED.,.F.,.F.,
(2,2),(-5.,-2.49999999999997),.UNSPECIFIED.);
#542=B_SPLINE_CURVE_WITH_KNOTS('',1,(#10704,#10705),.UNSPECIFIED.,.F.,.F.,
(2,2),(0.,2.5),.UNSPECIFIED.);
#543=B_SPLINE_CURVE_WITH_KNOTS('',3,(#10709,#10710,#10711,#10712,#10713),
 .UNSPECIFIED.,.F.,.F.,(4,1,4),(0.,2.86571204328764,5.73142408657527),
 .UNSPECIFIED.);
#544=B_SPLINE_CURVE_WITH_KNOTS('',3,(#10714,#10715,#10716,#10717,#10718),
 .UNSPECIFIED.,.F.,.F.,(4,1,4),(0.,2.86519137213395,5.73032975493191),
 .UNSPECIFIED.);
#545=B_SPLINE_CURVE_WITH_KNOTS('',3,(#10719,#10720,#10721,#10722,#10723),
 .UNSPECIFIED.,.F.,.F.,(4,1,4),(0.,2.86565765526497,5.73136909851578),
 .UNSPECIFIED.);
#546=B_SPLINE_CURVE_WITH_KNOTS('',3,(#10724,#10725,#10726,#10727,#10728),
 .UNSPECIFIED.,.F.,.F.,(4,1,4),(0.,2.8657313769759,5.73146275395181),
 .UNSPECIFIED.);
#547=B_SPLINE_CURVE_WITH_KNOTS('',1,(#10729,#10730),.UNSPECIFIED.,.F.,.F.,
(2,2),(-31.5,-30.5),.UNSPECIFIED.);
#548=B_SPLINE_CURVE_WITH_KNOTS('',1,(#10731,#10732),.UNSPECIFIED.,.F.,.F.,
(2,2),(-31.5,-30.5),.UNSPECIFIED.);
#549=B_SPLINE_CURVE_WITH_KNOTS('',1,(#10733,#10734),.UNSPECIFIED.,.F.,.F.,
(2,2),(-31.5,-30.5),.UNSPECIFIED.);
#550=B_SPLINE_CURVE_WITH_KNOTS('',3,(#10735,#10736,#10737,#10738,#10739),
 .UNSPECIFIED.,.F.,.F.,(4,1,4),(0.,2.86520017430246,5.73040174274503),
 .UNSPECIFIED.);
#551=B_SPLINE_CURVE_WITH_KNOTS('',3,(#10740,#10741,#10742,#10743,#10744),
 .UNSPECIFIED.,.F.,.F.,(4,1,4),(0.,2.86519083777657,5.73032967659042),
 .UNSPECIFIED.);
#552=B_SPLINE_CURVE_WITH_KNOTS('',3,(#10745,#10746,#10747,#10748,#10749),
 .UNSPECIFIED.,.F.,.F.,(4,1,4),(0.,2.86571202731909,5.73142264116132),
 .UNSPECIFIED.);
#553=B_SPLINE_CURVE_WITH_KNOTS('',3,(#10750,#10751,#10752,#10753,#10754),
 .UNSPECIFIED.,.F.,.F.,(4,1,4),(0.,2.8652004829911,5.73040220489346),
 .UNSPECIFIED.);
#554=B_SPLINE_CURVE_WITH_KNOTS('',1,(#10755,#10756),.UNSPECIFIED.,.F.,.F.,
(2,2),(-31.5,-30.5),.UNSPECIFIED.);
#555=B_SPLINE_CURVE_WITH_KNOTS('',1,(#10757,#10758),.UNSPECIFIED.,.F.,.F.,
(2,2),(-31.5,-30.5),.UNSPECIFIED.);
#556=B_SPLINE_CURVE_WITH_KNOTS('',1,(#10759,#10760),.UNSPECIFIED.,.F.,.F.,
(2,2),(-31.5,-30.5),.UNSPECIFIED.);
#557=B_SPLINE_CURVE_WITH_KNOTS('',1,(#10767,#10768),.UNSPECIFIED.,.F.,.F.,
(2,2),(5.00000000000005,17.5031993494099),.UNSPECIFIED.);
#558=B_SPLINE_CURVE_WITH_KNOTS('',1,(#10769,#10770),.UNSPECIFIED.,.F.,.F.,
(2,2),(155.050501007461,200.050501007461),.UNSPECIFIED.);
#559=B_SPLINE_CURVE_WITH_KNOTS('',1,(#10771,#10772),.UNSPECIFIED.,.F.,.F.,
(2,2),(-547.813728786002,-532.813728786002),.UNSPECIFIED.);
#560=B_SPLINE_CURVE_WITH_KNOTS('',1,(#10773,#10774),.UNSPECIFIED.,.F.,.F.,
(2,2),(0.,9.62976448250644),.UNSPECIFIED.);
#561=B_SPLINE_CURVE_WITH_KNOTS('',1,(#10775,#10776),.UNSPECIFIED.,.F.,.F.,
(2,2),(0.,2.5),.UNSPECIFIED.);
#562=B_SPLINE_CURVE_WITH_KNOTS('',3,(#10782,#10783,#10784,#10785,#10786),
 .UNSPECIFIED.,.F.,.F.,(4,1,4),(0.,2.86573063553907,5.73140748273206),
 .UNSPECIFIED.);
#563=B_SPLINE_CURVE_WITH_KNOTS('',3,(#10787,#10788,#10789,#10790,#10791),
 .UNSPECIFIED.,.F.,.F.,(4,1,4),(0.,2.86573078832687,5.73140879360614),
 .UNSPECIFIED.);
#564=B_SPLINE_CURVE_WITH_KNOTS('',3,(#10792,#10793,#10794,#10795,#10796),
 .UNSPECIFIED.,.F.,.F.,(4,1,4),(0.,2.86513838279762,5.73032975493118),
 .UNSPECIFIED.);
#565=B_SPLINE_CURVE_WITH_KNOTS('',3,(#10797,#10798,#10799,#10800,#10801),
 .UNSPECIFIED.,.F.,.F.,(4,1,4),(0.,2.86513883881356,5.73032967658974),
 .UNSPECIFIED.);
#566=B_SPLINE_CURVE_WITH_KNOTS('',1,(#10802,#10803),.UNSPECIFIED.,.F.,.F.,
(2,2),(-31.5,-30.5),.UNSPECIFIED.);
#567=B_SPLINE_CURVE_WITH_KNOTS('',1,(#10804,#10805),.UNSPECIFIED.,.F.,.F.,
(2,2),(-31.5,-30.5),.UNSPECIFIED.);
#568=B_SPLINE_CURVE_WITH_KNOTS('',1,(#10806,#10807),.UNSPECIFIED.,.F.,.F.,
(2,2),(-31.5,-30.5),.UNSPECIFIED.);
#569=B_SPLINE_CURVE_WITH_KNOTS('',1,(#10811,#10812),.UNSPECIFIED.,.F.,.F.,
(2,2),(0.0403622047244094,0.102518248244662),.UNSPECIFIED.);
#570=B_SPLINE_CURVE_WITH_KNOTS('',1,(#10819,#10820),.UNSPECIFIED.,.F.,.F.,
(2,2),(0.0118622047244094,0.106862204724409),.UNSPECIFIED.);
#571=B_SPLINE_CURVE_WITH_KNOTS('',1,(#10824,#10825),.UNSPECIFIED.,.F.,.F.,
(2,2),(0.00980437705064601,0.084135867930097),.UNSPECIFIED.);
#572=B_SPLINE_CURVE_WITH_KNOTS('',1,(#10847,#10848),.UNSPECIFIED.,.F.,.F.,
(2,2),(0.135017479270022,0.214326130237957),.UNSPECIFIED.);
#573=B_SPLINE_CURVE_WITH_KNOTS('',1,(#10852,#10853),.UNSPECIFIED.,.F.,.F.,
(2,2),(0.0403622047244094,0.102518248244662),.UNSPECIFIED.);
#574=B_SPLINE_CURVE_WITH_KNOTS('',1,(#10860,#10861),.UNSPECIFIED.,.F.,.F.,
(2,2),(0.0118622047244094,0.106862204724409),.UNSPECIFIED.);
#575=B_SPLINE_CURVE_WITH_KNOTS('',1,(#10865,#10866),.UNSPECIFIED.,.F.,.F.,
(2,2),(0.00980437705064601,0.084135867930097),.UNSPECIFIED.);
#576=B_SPLINE_CURVE_WITH_KNOTS('',1,(#10888,#10889),.UNSPECIFIED.,.F.,.F.,
(2,2),(0.135017479270022,0.214326130237957),.UNSPECIFIED.);
#577=B_SPLINE_CURVE_WITH_KNOTS('',1,(#10893,#10894),.UNSPECIFIED.,.F.,.F.,
(2,2),(-0.10266772698482,-0.102518248244662),.UNSPECIFIED.);
#578=B_SPLINE_CURVE_WITH_KNOTS('',1,(#10895,#10896),.UNSPECIFIED.,.F.,.F.,
(2,2),(-5.,-2.5),.UNSPECIFIED.);
#579=B_SPLINE_CURVE_WITH_KNOTS('',1,(#10911,#10912),.UNSPECIFIED.,.F.,.F.,
(2,2),(0.102518248244662,0.10266772698482),.UNSPECIFIED.);
#580=B_SPLINE_CURVE_WITH_KNOTS('',1,(#10913,#10914),.UNSPECIFIED.,.F.,.F.,
(2,2),(17.2424263556683,17.5541134590863),.UNSPECIFIED.);
#581=B_SPLINE_CURVE_WITH_KNOTS('',3,(#10915,#10916,#10917,#10918),
 .UNSPECIFIED.,.F.,.F.,(4,4),(0.,0.00389220833893633),.UNSPECIFIED.);
#582=B_SPLINE_CURVE_WITH_KNOTS('',3,(#10922,#10923,#10924,#10925),
 .UNSPECIFIED.,.F.,.F.,(4,4),(0.,0.00381310438191545),.UNSPECIFIED.);
#583=B_SPLINE_CURVE_WITH_KNOTS('',1,(#10929,#10930),.UNSPECIFIED.,.F.,.F.,
(2,2),(27.5031993494099,100.98319934375),.UNSPECIFIED.);
#584=B_SPLINE_CURVE_WITH_KNOTS('',1,(#10931,#10932),.UNSPECIFIED.,.F.,.F.,
(2,2),(13.7050296463372,14.0175729937417),.UNSPECIFIED.);
#585=B_SPLINE_CURVE_WITH_KNOTS('',1,(#10933,#10934),.UNSPECIFIED.,.F.,.F.,
(2,2),(1.03077896731047,1.15219882059664),.UNSPECIFIED.);
#586=B_SPLINE_CURVE_WITH_KNOTS('',1,(#10935,#10936),.UNSPECIFIED.,.F.,.F.,
(2,2),(1.03113164071417,1.15219882059664),.UNSPECIFIED.);
#587=B_SPLINE_CURVE_WITH_KNOTS('',1,(#10937,#10938),.UNSPECIFIED.,.F.,.F.,
(2,2),(0.,9.62976448250641),.UNSPECIFIED.);
#588=B_SPLINE_CURVE_WITH_KNOTS('',1,(#10939,#10940),.UNSPECIFIED.,.F.,.F.,
(2,2),(0.,2.50000000000006),.UNSPECIFIED.);
#589=B_SPLINE_CURVE_WITH_KNOTS('',1,(#10941,#10942),.UNSPECIFIED.,.F.,.F.,
(2,2),(-1.11292585978615,-1.11129881794985),.UNSPECIFIED.);
#590=B_SPLINE_CURVE_WITH_KNOTS('',1,(#10943,#10944),.UNSPECIFIED.,.F.,.F.,
(2,2),(-8.25379676,-8.24999999999999),.UNSPECIFIED.);
#591=B_SPLINE_CURVE_WITH_KNOTS('',1,(#10945,#10946),.UNSPECIFIED.,.F.,.F.,
(2,2),(0.,0.00319934940988897),.UNSPECIFIED.);
#592=B_SPLINE_CURVE_WITH_KNOTS('',1,(#10947,#10948),.UNSPECIFIED.,.F.,.F.,
(2,2),(2.50000000000002,15.0031993494099),.UNSPECIFIED.);
#593=B_SPLINE_CURVE_WITH_KNOTS('',1,(#10949,#10950),.UNSPECIFIED.,.F.,.F.,
(2,2),(0.,1.95037364433196),.UNSPECIFIED.);
#594=B_SPLINE_CURVE_WITH_KNOTS('',1,(#10951,#10952),.UNSPECIFIED.,.F.,.F.,
(2,2),(0.,1.95037364433197),.UNSPECIFIED.);
#595=B_SPLINE_CURVE_WITH_KNOTS('',1,(#10960,#10961),.UNSPECIFIED.,.F.,.F.,
(2,2),(0.,2.5),.UNSPECIFIED.);
#596=B_SPLINE_CURVE_WITH_KNOTS('',1,(#10967,#10968),.UNSPECIFIED.,.F.,.F.,
(2,2),(-130.,-115.),.UNSPECIFIED.);
#597=B_SPLINE_CURVE_WITH_KNOTS('',3,(#10969,#10970,#10971,#10972,#10973),
 .UNSPECIFIED.,.F.,.F.,(4,1,4),(0.,2.86513838279765,5.73032975493129),
 .UNSPECIFIED.);
#598=B_SPLINE_CURVE_WITH_KNOTS('',3,(#10974,#10975,#10976,#10977,#10978),
 .UNSPECIFIED.,.F.,.F.,(4,1,4),(0.,2.86573137697591,5.73146275395186),
 .UNSPECIFIED.);
#599=B_SPLINE_CURVE_WITH_KNOTS('',3,(#10979,#10980,#10981,#10982,#10983),
 .UNSPECIFIED.,.F.,.F.,(4,1,4),(0.,2.86571204328795,5.73142408657589),
 .UNSPECIFIED.);
#600=B_SPLINE_CURVE_WITH_KNOTS('',3,(#10984,#10985,#10986,#10987,#10988),
 .UNSPECIFIED.,.F.,.F.,(4,1,4),(0.,2.86571144325083,5.73136909851581),
 .UNSPECIFIED.);
#601=B_SPLINE_CURVE_WITH_KNOTS('',1,(#10989,#10990),.UNSPECIFIED.,.F.,.F.,
(2,2),(-31.5,-30.5),.UNSPECIFIED.);
#602=B_SPLINE_CURVE_WITH_KNOTS('',1,(#10991,#10992),.UNSPECIFIED.,.F.,.F.,
(2,2),(-31.5,-30.5),.UNSPECIFIED.);
#603=B_SPLINE_CURVE_WITH_KNOTS('',1,(#10993,#10994),.UNSPECIFIED.,.F.,.F.,
(2,2),(-31.5,-30.5),.UNSPECIFIED.);
#604=B_SPLINE_CURVE_WITH_KNOTS('',3,(#10995,#10996,#10997,#10998,#10999),
 .UNSPECIFIED.,.F.,.F.,(4,1,4),(0.,2.86571035489849,5.73142196589186),
 .UNSPECIFIED.);
#605=B_SPLINE_CURVE_WITH_KNOTS('',3,(#11000,#11001,#11002,#11003,#11004),
 .UNSPECIFIED.,.F.,.F.,(4,1,4),(0.,2.86520172190237,5.73040220489345),
 .UNSPECIFIED.);
#606=B_SPLINE_CURVE_WITH_KNOTS('',3,(#11005,#11006,#11007,#11008,#11009),
 .UNSPECIFIED.,.F.,.F.,(4,1,4),(0.,2.8652015684426,5.73040174274503),
 .UNSPECIFIED.);
#607=B_SPLINE_CURVE_WITH_KNOTS('',3,(#11010,#11011,#11012,#11013,#11014),
 .UNSPECIFIED.,.F.,.F.,(4,1,4),(0.,2.86571061384218,5.7314226411613),
 .UNSPECIFIED.);
#608=B_SPLINE_CURVE_WITH_KNOTS('',1,(#11015,#11016),.UNSPECIFIED.,.F.,.F.,
(2,2),(-31.5,-30.5),.UNSPECIFIED.);
#609=B_SPLINE_CURVE_WITH_KNOTS('',1,(#11017,#11018),.UNSPECIFIED.,.F.,.F.,
(2,2),(-31.5,-30.5),.UNSPECIFIED.);
#610=B_SPLINE_CURVE_WITH_KNOTS('',1,(#11019,#11020),.UNSPECIFIED.,.F.,.F.,
(2,2),(-31.5,-30.5),.UNSPECIFIED.);
#611=B_SPLINE_CURVE_WITH_KNOTS('',1,(#11021,#11022),.UNSPECIFIED.,.F.,.F.,
(2,2),(0.,12.5031993494099),.UNSPECIFIED.);
#612=B_SPLINE_CURVE_WITH_KNOTS('',1,(#11023,#11024),.UNSPECIFIED.,.F.,.F.,
(2,2),(-47.5,-45.),.UNSPECIFIED.);
#613=B_SPLINE_CURVE_WITH_KNOTS('',1,(#11025,#11026),.UNSPECIFIED.,.F.,.F.,
(2,2),(5.00000000000002,17.5031993494099),.UNSPECIFIED.);
#614=B_SPLINE_CURVE_WITH_KNOTS('',1,(#11027,#11028),.UNSPECIFIED.,.F.,.F.,
(2,2),(155.050501007461,200.050501007461),.UNSPECIFIED.);
#615=B_SPLINE_CURVE_WITH_KNOTS('',1,(#11029,#11030),.UNSPECIFIED.,.F.,.F.,
(2,2),(-0.10266772698482,-0.102518248244663),.UNSPECIFIED.);
#616=B_SPLINE_CURVE_WITH_KNOTS('',1,(#11031,#11032),.UNSPECIFIED.,.F.,.F.,
(2,2),(-31.6688,-0.00379676000001506),.UNSPECIFIED.);
#617=B_SPLINE_CURVE_WITH_KNOTS('',1,(#11033,#11034),.UNSPECIFIED.,.F.,.F.,
(2,2),(-16.572935345551,-15.6341736858461),.UNSPECIFIED.);
#618=B_SPLINE_CURVE_WITH_KNOTS('',1,(#11035,#11036),.UNSPECIFIED.,.F.,.F.,
(2,2),(35.0505010074608,125.050501007461),.UNSPECIFIED.);
#619=B_SPLINE_CURVE_WITH_KNOTS('',1,(#11037,#11038),.UNSPECIFIED.,.F.,.F.,
(2,2),(15.6341736856244,16.572935345551),.UNSPECIFIED.);
#620=B_SPLINE_CURVE_WITH_KNOTS('',1,(#11055,#11056),.UNSPECIFIED.,.F.,.F.,
(2,2),(107.741553652007,118.488597386319),.UNSPECIFIED.);
#621=B_SPLINE_CURVE_WITH_KNOTS('',1,(#11057,#11058),.UNSPECIFIED.,.F.,.F.,
(2,2),(0.,14.9207383816437),.UNSPECIFIED.);
#622=B_SPLINE_CURVE_WITH_KNOTS('',1,(#11059,#11060),.UNSPECIFIED.,.F.,.F.,
(2,2),(0.,130.1242),.UNSPECIFIED.);
#623=B_SPLINE_CURVE_WITH_KNOTS('',1,(#11061,#11062),.UNSPECIFIED.,.F.,.F.,
(2,2),(0.256800000000027,130.381),.UNSPECIFIED.);
#624=B_SPLINE_CURVE_WITH_KNOTS('',1,(#11063,#11064),.UNSPECIFIED.,.F.,.F.,
(2,2),(0.,8.33119999999997),.UNSPECIFIED.);
#625=B_SPLINE_CURVE_WITH_KNOTS('',1,(#11065,#11066),.UNSPECIFIED.,.F.,.F.,
(2,2),(0.,8.33119999999997),.UNSPECIFIED.);
#626=B_SPLINE_CURVE_WITH_KNOTS('',1,(#11067,#11068),.UNSPECIFIED.,.F.,.F.,
(2,2),(0.5,15.4207383816437),.UNSPECIFIED.);
#627=B_SPLINE_CURVE_WITH_KNOTS('',1,(#11069,#11070),.UNSPECIFIED.,.F.,.F.,
(2,2),(0.,132.5118),.UNSPECIFIED.);
#628=B_SPLINE_CURVE_WITH_KNOTS('',1,(#11071,#11072),.UNSPECIFIED.,.F.,.F.,
(2,2),(0.,6.19379999999999),.UNSPECIFIED.);
#629=B_SPLINE_CURVE_WITH_KNOTS('',1,(#11073,#11074),.UNSPECIFIED.,.F.,.F.,
(2,2),(124.68019869316,132.5118),.UNSPECIFIED.);
#630=B_SPLINE_CURVE_WITH_KNOTS('',1,(#11075,#11076),.UNSPECIFIED.,.F.,.F.,
(2,2),(692.62101713585,892.17152),.UNSPECIFIED.);
#631=B_SPLINE_CURVE_WITH_KNOTS('',1,(#11077,#11078),.UNSPECIFIED.,.F.,.F.,
(2,2),(692.62101713585,892.17152),.UNSPECIFIED.);
#632=B_SPLINE_CURVE_WITH_KNOTS('',1,(#11079,#11080),.UNSPECIFIED.,.F.,.F.,
(2,2),(185.033140807952,367.399407651915),.UNSPECIFIED.);
#633=B_SPLINE_CURVE_WITH_KNOTS('',1,(#11081,#11082),.UNSPECIFIED.,.F.,.F.,
(2,2),(-199.550495210656,-14.9207383816437),.UNSPECIFIED.);
#634=B_SPLINE_CURVE_WITH_KNOTS('',1,(#11083,#11084,#11085),
 .UNSPECIFIED.,.F.,.F.,(2,1,2),(0.,14.9207383816437,199.550495210656),
 .UNSPECIFIED.);
#635=B_SPLINE_CURVE_WITH_KNOTS('',1,(#11086,#11087),.UNSPECIFIED.,.F.,.F.,
(2,2),(0.,199.550495210656),.UNSPECIFIED.);
#636=B_SPLINE_CURVE_WITH_KNOTS('',1,(#11088,#11089),.UNSPECIFIED.,.F.,.F.,
(2,2),(-434.629764482506,-431.730306901411),.UNSPECIFIED.);
#637=B_SPLINE_CURVE_WITH_KNOTS('',1,(#11090,#11091),.UNSPECIFIED.,.F.,.F.,
(2,2),(8.87540130684036,9.95660130684032),.UNSPECIFIED.);
#638=B_SPLINE_CURVE_WITH_KNOTS('',1,(#11092,#11093),.UNSPECIFIED.,.F.,.F.,
(2,2),(6.63780130684032,15.7430450411527),.UNSPECIFIED.);
#639=B_SPLINE_CURVE_WITH_KNOTS('',1,(#11094,#11095,#11096),
 .UNSPECIFIED.,.F.,.F.,(2,1,2),(0.,14.9207383816437,199.55050286415),
 .UNSPECIFIED.);
#640=B_SPLINE_CURVE_WITH_KNOTS('',1,(#11097,#11098),.UNSPECIFIED.,.F.,.F.,
(2,2),(0.,199.55050286415),.UNSPECIFIED.);
#641=B_SPLINE_CURVE_WITH_KNOTS('',1,(#11099,#11100),.UNSPECIFIED.,.F.,.F.,
(2,2),(-6.1938,-6.19160130684033),.UNSPECIFIED.);
#642=B_SPLINE_CURVE_WITH_KNOTS('',1,(#11101,#11102),.UNSPECIFIED.,.F.,.F.,
(2,2),(-1.19379999999998,0.),.UNSPECIFIED.);
#643=B_SPLINE_CURVE_WITH_KNOTS('',1,(#11103,#11104),.UNSPECIFIED.,.F.,.F.,
(2,2),(8.87540130684036,9.95660130684441),.UNSPECIFIED.);
#644=B_SPLINE_CURVE_WITH_KNOTS('',1,(#11105,#11106),.UNSPECIFIED.,.F.,.F.,
(2,2),(-42.8447339704409,-32.2603909197282),.UNSPECIFIED.);
#645=B_SPLINE_CURVE_WITH_KNOTS('',1,(#11107,#11108),.UNSPECIFIED.,.F.,.F.,
(2,2),(-9.03368372471478,1.55065932599784),.UNSPECIFIED.);
#646=B_SPLINE_CURVE_WITH_KNOTS('',1,(#11109,#11110),.UNSPECIFIED.,.F.,.F.,
(2,2),(1.55065932599784,12.2890028838312),.UNSPECIFIED.);
#647=B_SPLINE_CURVE_WITH_KNOTS('',1,(#11111,#11112),.UNSPECIFIED.,.F.,.F.,
(2,2),(0.306200000000018,6.63780130684034),.UNSPECIFIED.);
#648=B_SPLINE_CURVE_WITH_KNOTS('',1,(#11113,#11114),.UNSPECIFIED.,.F.,.F.,
(2,2),(12.2890028838312,30.6515362171646),.UNSPECIFIED.);
#649=B_SPLINE_CURVE_WITH_KNOTS('',1,(#11115,#11116),.UNSPECIFIED.,.F.,.F.,
(2,2),(-6.63780130684034,-0.306200000000018),.UNSPECIFIED.);
#650=B_SPLINE_CURVE_WITH_KNOTS('',1,(#11117,#11118),.UNSPECIFIED.,.F.,.F.,
(2,2),(33.7677864013613,42.3606797749979),.UNSPECIFIED.);
#651=B_SPLINE_CURVE_WITH_KNOTS('',1,(#11119,#11120),.UNSPECIFIED.,.F.,.F.,
(2,2),(-0.25,0.),.UNSPECIFIED.);
#652=B_SPLINE_CURVE_WITH_KNOTS('',1,(#11121,#11122),.UNSPECIFIED.,.F.,.F.,
(2,2),(-0.25,0.),.UNSPECIFIED.);
#653=B_SPLINE_CURVE_WITH_KNOTS('',1,(#11123,#11124),.UNSPECIFIED.,.F.,.F.,
(2,2),(-42.8447339704409,-32.2603909197282),.UNSPECIFIED.);
#654=B_SPLINE_CURVE_WITH_KNOTS('',1,(#11125,#11126),.UNSPECIFIED.,.F.,.F.,
(2,2),(-9.03368372471478,1.55065932599784),.UNSPECIFIED.);
#655=B_SPLINE_CURVE_WITH_KNOTS('',1,(#11127,#11128),.UNSPECIFIED.,.F.,.F.,
(2,2),(1.55065932599784,12.2890028838312),.UNSPECIFIED.);
#656=B_SPLINE_CURVE_WITH_KNOTS('',1,(#11129,#11130),.UNSPECIFIED.,.F.,.F.,
(2,2),(12.2890028838312,30.6515362171646),.UNSPECIFIED.);
#657=B_SPLINE_CURVE_WITH_KNOTS('',1,(#11131,#11132),.UNSPECIFIED.,.F.,.F.,
(2,2),(33.7677864013612,42.3606797749979),.UNSPECIFIED.);
#658=B_SPLINE_CURVE_WITH_KNOTS('',1,(#11133,#11134),.UNSPECIFIED.,.F.,.F.,
(2,2),(9.75,10.),.UNSPECIFIED.);
#659=B_SPLINE_CURVE_WITH_KNOTS('',1,(#11135,#11136),.UNSPECIFIED.,.F.,.F.,
(2,2),(-0.25,0.),.UNSPECIFIED.);
#660=B_SPLINE_CURVE_WITH_KNOTS('',1,(#11137,#11138),.UNSPECIFIED.,.F.,.F.,
(2,2),(5.6331999999999,7.57479999999989),.UNSPECIFIED.);
#661=B_SPLINE_CURVE_WITH_KNOTS('',1,(#11139,#11140),.UNSPECIFIED.,.F.,.F.,
(2,2),(1.50000000000001,7.83160130684033),.UNSPECIFIED.);
#662=B_SPLINE_CURVE_WITH_KNOTS('',1,(#11141,#11142),.UNSPECIFIED.,.F.,.F.,
(2,2),(1.50000000000001,7.83160130684033),.UNSPECIFIED.);
#663=B_SPLINE_CURVE_WITH_KNOTS('',1,(#11143,#11144),.UNSPECIFIED.,.F.,.F.,
(2,2),(1.50000000000001,7.83160130684033),.UNSPECIFIED.);
#664=B_SPLINE_CURVE_WITH_KNOTS('',1,(#11145,#11146),.UNSPECIFIED.,.F.,.F.,
(2,2),(1.50000000000001,7.83160130684033),.UNSPECIFIED.);
#665=B_SPLINE_CURVE_WITH_KNOTS('',1,(#11147,#11148),.UNSPECIFIED.,.F.,.F.,
(2,2),(1.50000000000001,7.83160130684033),.UNSPECIFIED.);
#666=B_SPLINE_CURVE_WITH_KNOTS('',1,(#11149,#11150),.UNSPECIFIED.,.F.,.F.,
(2,2),(33.7677864013613,42.3606797749979),.UNSPECIFIED.);
#667=B_SPLINE_CURVE_WITH_KNOTS('',1,(#11151,#11152),.UNSPECIFIED.,.F.,.F.,
(2,2),(1.5,7.83160130684033),.UNSPECIFIED.);
#668=B_SPLINE_CURVE_WITH_KNOTS('',1,(#11153,#11154),.UNSPECIFIED.,.F.,.F.,
(2,2),(1.5,7.83160130684033),.UNSPECIFIED.);
#669=B_SPLINE_CURVE_WITH_KNOTS('',1,(#11155,#11156),.UNSPECIFIED.,.F.,.F.,
(2,2),(-7.5747999999998,-5.63319999999986),.UNSPECIFIED.);
#670=B_SPLINE_CURVE_WITH_KNOTS('',1,(#11157,#11158),.UNSPECIFIED.,.F.,.F.,
(2,2),(-34.5792096972374,-11.3525025022239),.UNSPECIFIED.);
#671=B_SPLINE_CURVE_WITH_KNOTS('',1,(#11159,#11160),.UNSPECIFIED.,.F.,.F.,
(2,2),(-34.5792096972374,-11.3525025022239),.UNSPECIFIED.);
#672=B_SPLINE_CURVE_WITH_KNOTS('',1,(#11161,#11162),.UNSPECIFIED.,.F.,.F.,
(2,2),(5.6331999999999,7.57479999999987),.UNSPECIFIED.);
#673=B_SPLINE_CURVE_WITH_KNOTS('',1,(#11163,#11164,#11165),
 .UNSPECIFIED.,.F.,.F.,(2,1,2),(245.669626039263,245.932993878643,250.445675038063),
 .UNSPECIFIED.);
#674=B_SPLINE_CURVE_WITH_KNOTS('',1,(#11166,#11167,#11168),
 .UNSPECIFIED.,.F.,.F.,(2,1,2),(245.669626039263,245.932993878643,250.445675038063),
 .UNSPECIFIED.);
#675=B_SPLINE_CURVE_WITH_KNOTS('',1,(#11169,#11170,#11171),
 .UNSPECIFIED.,.F.,.F.,(2,1,2),(228.874173588788,229.585167791686,229.848535631066),
 .UNSPECIFIED.);
#676=B_SPLINE_CURVE_WITH_KNOTS('',1,(#11172,#11173),.UNSPECIFIED.,.F.,.F.,
(2,2),(0.,3.83160130684031),.UNSPECIFIED.);
#677=B_SPLINE_CURVE_WITH_KNOTS('',1,(#11174,#11175),.UNSPECIFIED.,.F.,.F.,
(2,2),(-75.,-72.5),.UNSPECIFIED.);
#678=B_SPLINE_CURVE_WITH_KNOTS('',1,(#11176,#11177),.UNSPECIFIED.,.F.,.F.,
(2,2),(2.5,92.5),.UNSPECIFIED.);
#679=B_SPLINE_CURVE_WITH_KNOTS('',1,(#11178,#11179),.UNSPECIFIED.,.F.,.F.,
(2,2),(64.75,67.25),.UNSPECIFIED.);
#680=B_SPLINE_CURVE_WITH_KNOTS('',1,(#11180,#11181),.UNSPECIFIED.,.F.,.F.,
(2,2),(2.5,6.33160130684033),.UNSPECIFIED.);
#681=B_SPLINE_CURVE_WITH_KNOTS('',1,(#11182,#11183),.UNSPECIFIED.,.F.,.F.,
(2,2),(2.5,92.5),.UNSPECIFIED.);
#682=B_SPLINE_CURVE_WITH_KNOTS('',1,(#11184,#11185),.UNSPECIFIED.,.F.,.F.,
(2,2),(0.,95.),.UNSPECIFIED.);
#683=B_SPLINE_CURVE_WITH_KNOTS('',1,(#11186,#11187),.UNSPECIFIED.,.F.,.F.,
(2,2),(14.4566013068403,21.0944026136807),.UNSPECIFIED.);
#684=B_SPLINE_CURVE_WITH_KNOTS('',1,(#11188,#11189),.UNSPECIFIED.,.F.,.F.,
(2,2),(250.,434.629764482506),.UNSPECIFIED.);
#685=B_SPLINE_CURVE_WITH_KNOTS('',1,(#11190,#11191),.UNSPECIFIED.,.F.,.F.,
(2,2),(14.4566013068403,21.0944026136807),.UNSPECIFIED.);
#686=B_SPLINE_CURVE_WITH_KNOTS('',1,(#11192,#11193),.UNSPECIFIED.,.F.,.F.,
(2,2),(250.,434.629764482506),.UNSPECIFIED.);
#687=B_SPLINE_CURVE_WITH_KNOTS('',1,(#11194,#11195),.UNSPECIFIED.,.F.,.F.,
(2,2),(25.5944026136807,26.6756026136806),.UNSPECIFIED.);
#688=B_SPLINE_CURVE_WITH_KNOTS('',1,(#11196,#11197,#11198),
 .UNSPECIFIED.,.F.,.F.,(2,1,2),(4.5,6.625,7.0116464024933),
 .UNSPECIFIED.);
#689=B_SPLINE_CURVE_WITH_KNOTS('',1,(#11199,#11200),.UNSPECIFIED.,.F.,.F.,
(2,2),(0.,7.25),.UNSPECIFIED.);
#690=B_SPLINE_CURVE_WITH_KNOTS('',1,(#11201,#11202),.UNSPECIFIED.,.F.,.F.,
(2,2),(-21.0944026136807,-14.4566013068403),.UNSPECIFIED.);
#691=B_SPLINE_CURVE_WITH_KNOTS('',1,(#11203,#11204),.UNSPECIFIED.,.F.,.F.,
(2,2),(14.4566013068403,21.0944026136807),.UNSPECIFIED.);
#692=B_SPLINE_CURVE_WITH_KNOTS('',1,(#11205,#11206),.UNSPECIFIED.,.F.,.F.,
(2,2),(250.000007653494,434.629764482506),.UNSPECIFIED.);
#693=B_SPLINE_CURVE_WITH_KNOTS('',1,(#11207,#11208),.UNSPECIFIED.,.F.,.F.,
(2,2),(250.000007653494,434.629764482506),.UNSPECIFIED.);
#694=B_SPLINE_CURVE_WITH_KNOTS('',1,(#11209,#11210),.UNSPECIFIED.,.F.,.F.,
(2,2),(-9.95660130684053,-8.87540130684036),.UNSPECIFIED.);
#695=B_SPLINE_CURVE_WITH_KNOTS('',1,(#11211,#11212),.UNSPECIFIED.,.F.,.F.,
(2,2),(25.5944026136805,26.6756026136806),.UNSPECIFIED.);
#696=B_SPLINE_CURVE_WITH_KNOTS('',1,(#11213,#11214),.UNSPECIFIED.,.F.,.F.,
(2,2),(0.,7.2499999999998),.UNSPECIFIED.);
#697=B_SPLINE_CURVE_WITH_KNOTS('',1,(#11218,#11219),.UNSPECIFIED.,.F.,.F.,
(2,2),(-4.9960036108132E-16,9.25835430825693),.UNSPECIFIED.);
#698=B_SPLINE_CURVE_WITH_KNOTS('',1,(#11220,#11221),.UNSPECIFIED.,.F.,.F.,
(2,2),(1.11292585978326,15.9775656619098),.UNSPECIFIED.);
#699=B_SPLINE_CURVE_WITH_KNOTS('',1,(#11222,#11223),.UNSPECIFIED.,.F.,.F.,
(2,2),(0.,2.5),.UNSPECIFIED.);
#700=B_SPLINE_CURVE_WITH_KNOTS('',3,(#11227,#11228,#11229,#11230,#11231),
 .UNSPECIFIED.,.F.,.F.,(4,1,4),(-3.55411578598334,-1.77707457039686,0.),
 .UNSPECIFIED.);
#701=B_SPLINE_CURVE_WITH_KNOTS('',3,(#11232,#11233,#11234,#11235,#11236),
 .UNSPECIFIED.,.F.,.F.,(4,1,4),(0.,1.77549769579456,3.55096255523312),
 .UNSPECIFIED.);
#702=B_SPLINE_CURVE_WITH_KNOTS('',3,(#11237,#11238,#11239,#11240,#11241),
 .UNSPECIFIED.,.F.,.F.,(4,1,4),(-3.55411578598615,-1.77707425869554,0.),
 .UNSPECIFIED.);
#703=B_SPLINE_CURVE_WITH_KNOTS('',3,(#11242,#11243,#11244,#11245,#11246),
 .UNSPECIFIED.,.F.,.F.,(4,1,4),(0.,1.77549707293416,3.5509619232307),
 .UNSPECIFIED.);
#704=B_SPLINE_CURVE_WITH_KNOTS('',1,(#11247,#11248),.UNSPECIFIED.,.F.,.F.,
(2,2),(0.,9.62976448250643),.UNSPECIFIED.);
#705=B_SPLINE_CURVE_WITH_KNOTS('',1,(#11249,#11250),.UNSPECIFIED.,.F.,.F.,
(2,2),(0.,0.00319934940988897),.UNSPECIFIED.);
#706=B_SPLINE_CURVE_WITH_KNOTS('',1,(#11251,#11252),.UNSPECIFIED.,.F.,.F.,
(2,2),(0.,12.5031993494099),.UNSPECIFIED.);
#707=B_SPLINE_CURVE_WITH_KNOTS('',1,(#11253,#11254),.UNSPECIFIED.,.F.,.F.,
(2,2),(30.5,31.5),.UNSPECIFIED.);
#708=B_SPLINE_CURVE_WITH_KNOTS('',1,(#11255,#11256),.UNSPECIFIED.,.F.,.F.,
(2,2),(-2.5,-0.00379676000000773),.UNSPECIFIED.);
#709=B_SPLINE_CURVE_WITH_KNOTS('',1,(#11257,#11258),.UNSPECIFIED.,.F.,.F.,
(2,2),(0.,2.49999999999997),.UNSPECIFIED.);
#710=B_SPLINE_CURVE_WITH_KNOTS('',1,(#11259,#11260),.UNSPECIFIED.,.F.,.F.,
(2,2),(-2.5,-0.00379676000000773),.UNSPECIFIED.);
#711=B_SPLINE_CURVE_WITH_KNOTS('',1,(#11277,#11278),.UNSPECIFIED.,.F.,.F.,
(2,2),(127.550501007461,152.550501007461),.UNSPECIFIED.);
#712=B_SPLINE_CURVE_WITH_KNOTS('',1,(#11285,#11286),.UNSPECIFIED.,.F.,.F.,
(2,2),(-130.,-115.),.UNSPECIFIED.);
#713=B_SPLINE_CURVE_WITH_KNOTS('',3,(#11287,#11288,#11289,#11290,#11291),
 .UNSPECIFIED.,.F.,.F.,(4,1,4),(-3.5541157859819,-1.77705789299095,0.),
 .UNSPECIFIED.);
#714=B_SPLINE_CURVE_WITH_KNOTS('',3,(#11292,#11293,#11294,#11295,#11296),
 .UNSPECIFIED.,.F.,.F.,(4,1,4),(-3.55411578598334,-1.77707457039687,0.),
 .UNSPECIFIED.);
#715=B_SPLINE_CURVE_WITH_KNOTS('',3,(#11297,#11298,#11299,#11300,#11301),
 .UNSPECIFIED.,.F.,.F.,(4,1,4),(0.,1.77549769579457,3.55096255523312),
 .UNSPECIFIED.);
#716=B_SPLINE_CURVE_WITH_KNOTS('',3,(#11302,#11303,#11304,#11305,#11306),
 .UNSPECIFIED.,.F.,.F.,(4,1,4),(-3.55411578598615,-1.77705789299307,0.),
 .UNSPECIFIED.);
#717=B_SPLINE_CURVE_WITH_KNOTS('',3,(#11307,#11308,#11309,#11310,#11311),
 .UNSPECIFIED.,.F.,.F.,(4,1,4),(-3.55411578598961,-1.77705745473884,0.),
 .UNSPECIFIED.);
#718=B_SPLINE_CURVE_WITH_KNOTS('',3,(#11312,#11313,#11314,#11315,#11316),
 .UNSPECIFIED.,.F.,.F.,(4,1,4),(0.,1.77549554953545,3.55099186679429),
 .UNSPECIFIED.);
#719=B_SPLINE_CURVE_WITH_KNOTS('',3,(#11317,#11318,#11319,#11320,#11321),
 .UNSPECIFIED.,.F.,.F.,(4,1,4),(-3.55411521388012,-1.77705721748124,0.),
 .UNSPECIFIED.);
#720=B_SPLINE_CURVE_WITH_KNOTS('',3,(#11322,#11323,#11324,#11325,#11326),
 .UNSPECIFIED.,.F.,.F.,(4,1,4),(0.,1.77549535712932,3.55099157817429),
 .UNSPECIFIED.);
#721=B_SPLINE_CURVE_WITH_KNOTS('',1,(#11327,#11328),.UNSPECIFIED.,.F.,.F.,
(2,2),(0.,12.5031993494099),.UNSPECIFIED.);
#722=B_SPLINE_CURVE_WITH_KNOTS('',1,(#11329,#11330),.UNSPECIFIED.,.F.,.F.,
(2,2),(0.,12.5031993494099),.UNSPECIFIED.);
#723=B_SPLINE_CURVE_WITH_KNOTS('',1,(#11331,#11332),.UNSPECIFIED.,.F.,.F.,
(2,2),(30.5,31.5),.UNSPECIFIED.);
#724=B_SPLINE_CURVE_WITH_KNOTS('',1,(#11333,#11334),.UNSPECIFIED.,.F.,.F.,
(2,2),(30.5,31.5),.UNSPECIFIED.);
#725=B_SPLINE_CURVE_WITH_KNOTS('',1,(#11335,#11336),.UNSPECIFIED.,.F.,.F.,
(2,2),(102.62100065059,105.12100065059),.UNSPECIFIED.);
#726=B_SPLINE_CURVE_WITH_KNOTS('',1,(#11337,#11338),.UNSPECIFIED.,.F.,.F.,
(2,2),(2.89945758109502,17.1297644825064),.UNSPECIFIED.);
#727=B_SPLINE_CURVE_WITH_KNOTS('',1,(#11339,#11340),.UNSPECIFIED.,.F.,.F.,
(2,2),(-10.8979556150976,0.),.UNSPECIFIED.);
#728=B_SPLINE_CURVE_WITH_KNOTS('',3,(#11344,#11345,#11346,#11347,#11348),
 .UNSPECIFIED.,.F.,.F.,(4,1,4),(-3.55411578598334,-1.77707457039686,0.),
 .UNSPECIFIED.);
#729=B_SPLINE_CURVE_WITH_KNOTS('',3,(#11349,#11350,#11351,#11352,#11353),
 .UNSPECIFIED.,.F.,.F.,(4,1,4),(0.,1.77549769579456,3.55096255523312),
 .UNSPECIFIED.);
#730=B_SPLINE_CURVE_WITH_KNOTS('',3,(#11354,#11355,#11356,#11357,#11358),
 .UNSPECIFIED.,.F.,.F.,(4,1,4),(-3.55411578598615,-1.77707425869554,0.),
 .UNSPECIFIED.);
#731=B_SPLINE_CURVE_WITH_KNOTS('',3,(#11359,#11360,#11361,#11362,#11363),
 .UNSPECIFIED.,.F.,.F.,(4,1,4),(0.,1.77549707293416,3.5509619232307),
 .UNSPECIFIED.);
#732=B_SPLINE_CURVE_WITH_KNOTS('',1,(#11364,#11365),.UNSPECIFIED.,.F.,.F.,
(2,2),(0.,15.0031993494099),.UNSPECIFIED.);
#733=B_SPLINE_CURVE_WITH_KNOTS('',1,(#11366,#11367),.UNSPECIFIED.,.F.,.F.,
(2,2),(0.,9.62976448250643),.UNSPECIFIED.);
#734=B_SPLINE_CURVE_WITH_KNOTS('',1,(#11368,#11369),.UNSPECIFIED.,.F.,.F.,
(2,2),(30.5,31.5),.UNSPECIFIED.);
#735=B_SPLINE_CURVE_WITH_KNOTS('',1,(#11370,#11371),.UNSPECIFIED.,.F.,.F.,
(2,2),(26.6410006562502,29.1410006562502),.UNSPECIFIED.);
#736=B_SPLINE_CURVE_WITH_KNOTS('',1,(#11372,#11373),.UNSPECIFIED.,.F.,.F.,
(2,2),(-2.50000000000003,-2.83106871279418E-14),.UNSPECIFIED.);
#737=B_SPLINE_CURVE_WITH_KNOTS('',1,(#11374,#11375),.UNSPECIFIED.,.F.,.F.,
(2,2),(0.,29.1688),.UNSPECIFIED.);
#738=B_SPLINE_CURVE_WITH_KNOTS('',1,(#11376,#11377),.UNSPECIFIED.,.F.,.F.,
(2,2),(0.,26.6688),.UNSPECIFIED.);
#739=B_SPLINE_CURVE_WITH_KNOTS('',1,(#11383,#11384),.UNSPECIFIED.,.F.,.F.,
(2,2),(26.6688,29.1688),.UNSPECIFIED.);
#740=B_SPLINE_CURVE_WITH_KNOTS('',1,(#11385,#11386),.UNSPECIFIED.,.F.,.F.,
(2,2),(127.550501007461,152.550501007461),.UNSPECIFIED.);
#741=B_SPLINE_CURVE_WITH_KNOTS('',3,(#11393,#11394,#11395,#11396,#11397),
 .UNSPECIFIED.,.F.,.F.,(4,1,4),(-3.5541157859819,-1.77705789299095,0.),
 .UNSPECIFIED.);
#742=B_SPLINE_CURVE_WITH_KNOTS('',3,(#11398,#11399,#11400,#11401,#11402),
 .UNSPECIFIED.,.F.,.F.,(4,1,4),(-3.55411578598334,-1.77707457039687,0.),
 .UNSPECIFIED.);
#743=B_SPLINE_CURVE_WITH_KNOTS('',3,(#11403,#11404,#11405,#11406,#11407),
 .UNSPECIFIED.,.F.,.F.,(4,1,4),(0.,1.77549769579457,3.55096255523312),
 .UNSPECIFIED.);
#744=B_SPLINE_CURVE_WITH_KNOTS('',3,(#11408,#11409,#11410,#11411,#11412),
 .UNSPECIFIED.,.F.,.F.,(4,1,4),(-3.55411578598615,-1.77705789299307,0.),
 .UNSPECIFIED.);
#745=B_SPLINE_CURVE_WITH_KNOTS('',3,(#11413,#11414,#11415,#11416,#11417),
 .UNSPECIFIED.,.F.,.F.,(4,1,4),(-3.55411578598961,-1.77705745473884,0.),
 .UNSPECIFIED.);
#746=B_SPLINE_CURVE_WITH_KNOTS('',3,(#11418,#11419,#11420,#11421,#11422),
 .UNSPECIFIED.,.F.,.F.,(4,1,4),(0.,1.77549554953545,3.55099186679429),
 .UNSPECIFIED.);
#747=B_SPLINE_CURVE_WITH_KNOTS('',3,(#11423,#11424,#11425,#11426,#11427),
 .UNSPECIFIED.,.F.,.F.,(4,1,4),(-3.55411521388012,-1.77705721748124,0.),
 .UNSPECIFIED.);
#748=B_SPLINE_CURVE_WITH_KNOTS('',3,(#11428,#11429,#11430,#11431,#11432),
 .UNSPECIFIED.,.F.,.F.,(4,1,4),(0.,1.77549535712932,3.55099157817429),
 .UNSPECIFIED.);
#749=B_SPLINE_CURVE_WITH_KNOTS('',1,(#11433,#11434),.UNSPECIFIED.,.F.,.F.,
(2,2),(0.,15.0031993494099),.UNSPECIFIED.);
#750=B_SPLINE_CURVE_WITH_KNOTS('',1,(#11435,#11436),.UNSPECIFIED.,.F.,.F.,
(2,2),(0.,12.5031993494099),.UNSPECIFIED.);
#751=B_SPLINE_CURVE_WITH_KNOTS('',1,(#11437,#11438),.UNSPECIFIED.,.F.,.F.,
(2,2),(-130.,-115.),.UNSPECIFIED.);
#752=B_SPLINE_CURVE_WITH_KNOTS('',1,(#11439,#11440),.UNSPECIFIED.,.F.,.F.,
(2,2),(30.5,31.5),.UNSPECIFIED.);
#753=B_SPLINE_CURVE_WITH_KNOTS('',1,(#11441,#11442),.UNSPECIFIED.,.F.,.F.,
(2,2),(30.5,31.5),.UNSPECIFIED.);
#754=B_SPLINE_CURVE_WITH_KNOTS('',1,(#11443,#11444),.UNSPECIFIED.,.F.,.F.,
(2,2),(-5.,-2.5),.UNSPECIFIED.);
#755=B_SPLINE_CURVE_WITH_KNOTS('',1,(#11445,#11446),.UNSPECIFIED.,.F.,.F.,
(2,2),(-167.5,-165.),.UNSPECIFIED.);
#756=B_SPLINE_CURVE_WITH_KNOTS('',1,(#11447,#11448),.UNSPECIFIED.,.F.,.F.,
(2,2),(0.,4.69380000000001),.UNSPECIFIED.);
#757=B_SPLINE_CURVE_WITH_KNOTS('',1,(#11449,#11450),.UNSPECIFIED.,.F.,.F.,
(2,2),(0.,4.69379999999997),.UNSPECIFIED.);
#758=B_SPLINE_CURVE_WITH_KNOTS('',1,(#11451,#11452),.UNSPECIFIED.,.F.,.F.,
(2,2),(2.49999999999994,21.3348006562502),.UNSPECIFIED.);
#759=B_SPLINE_CURVE_WITH_KNOTS('',1,(#11453,#11454),.UNSPECIFIED.,.F.,.F.,
(2,2),(0.,31.6688),.UNSPECIFIED.);
#760=B_SPLINE_CURVE_WITH_KNOTS('',1,(#11455,#11456),.UNSPECIFIED.,.F.,.F.,
(2,2),(2.49999999999999,21.3348006562502),.UNSPECIFIED.);
#761=B_SPLINE_CURVE_WITH_KNOTS('',1,(#11457,#11458),.UNSPECIFIED.,.F.,.F.,
(2,2),(0.,31.6688),.UNSPECIFIED.);
#762=B_SPLINE_CURVE_WITH_KNOTS('',1,(#11459,#11460),.UNSPECIFIED.,.F.,.F.,
(2,2),(0.,2.50000000000006),.UNSPECIFIED.);
#763=B_SPLINE_CURVE_WITH_KNOTS('',1,(#11461,#11462),.UNSPECIFIED.,.F.,.F.,
(2,2),(0.,5.),.UNSPECIFIED.);
#764=B_SPLINE_CURVE_WITH_KNOTS('',1,(#11463,#11464),.UNSPECIFIED.,.F.,.F.,
(2,2),(0.,5.),.UNSPECIFIED.);
#765=B_SPLINE_CURVE_WITH_KNOTS('',1,(#11465,#11466),.UNSPECIFIED.,.F.,.F.,
(2,2),(0.,2.5),.UNSPECIFIED.);
#766=B_SPLINE_CURVE_WITH_KNOTS('',1,(#11467,#11468),.UNSPECIFIED.,.F.,.F.,
(2,2),(0.,2.50000000000006),.UNSPECIFIED.);
#767=B_SPLINE_CURVE_WITH_KNOTS('',1,(#11469,#11470),.UNSPECIFIED.,.F.,.F.,
(2,2),(2.27391091864473E-14,2.50000000000006),.UNSPECIFIED.);
#768=B_SPLINE_CURVE_WITH_KNOTS('',1,(#11471,#11472),.UNSPECIFIED.,.F.,.F.,
(2,2),(0.,2.49999999999985),.UNSPECIFIED.);
#769=B_SPLINE_CURVE_WITH_KNOTS('',1,(#11473,#11474),.UNSPECIFIED.,.F.,.F.,
(2,2),(-4.99957714382825E-14,2.50000000000006),.UNSPECIFIED.);
#770=B_SPLINE_CURVE_WITH_KNOTS('',1,(#11475,#11476),.UNSPECIFIED.,.F.,.F.,
(2,2),(0.,2.50000000000014),.UNSPECIFIED.);
#771=B_SPLINE_CURVE_WITH_KNOTS('',1,(#11477,#11478),.UNSPECIFIED.,.F.,.F.,
(2,2),(-3.20576898360514E-13,2.49999999999997),.UNSPECIFIED.);
#772=B_SPLINE_CURVE_WITH_KNOTS('',1,(#11479,#11480),.UNSPECIFIED.,.F.,.F.,
(2,2),(0.,2.50000000000006),.UNSPECIFIED.);
#773=B_SPLINE_CURVE_WITH_KNOTS('',1,(#11481,#11482),.UNSPECIFIED.,.F.,.F.,
(2,2),(0.,2.50000000000017),.UNSPECIFIED.);
#774=B_SPLINE_CURVE_WITH_KNOTS('',1,(#11483,#11484),.UNSPECIFIED.,.F.,.F.,
(2,2),(0.,5.),.UNSPECIFIED.);
#775=B_SPLINE_CURVE_WITH_KNOTS('',1,(#11485,#11486),.UNSPECIFIED.,.F.,.F.,
(2,2),(0.,5.),.UNSPECIFIED.);
#776=B_SPLINE_CURVE_WITH_KNOTS('',1,(#11487,#11488),.UNSPECIFIED.,.F.,.F.,
(2,2),(0.,3.53553390593275),.UNSPECIFIED.);
#777=B_SPLINE_CURVE_WITH_KNOTS('',1,(#11489,#11490),.UNSPECIFIED.,.F.,.F.,
(2,2),(-3.53553390593275,0.),.UNSPECIFIED.);
#778=B_SPLINE_CURVE_WITH_KNOTS('',1,(#11491,#11492),.UNSPECIFIED.,.F.,.F.,
(2,2),(-3.53553390593278,0.),.UNSPECIFIED.);
#779=B_SPLINE_CURVE_WITH_KNOTS('',1,(#11493,#11494),.UNSPECIFIED.,.F.,.F.,
(2,2),(0.,3.53553390593278),.UNSPECIFIED.);
#780=B_SPLINE_CURVE_WITH_KNOTS('',1,(#11495,#11496),.UNSPECIFIED.,.F.,.F.,
(2,2),(-3.5355339059329,0.),.UNSPECIFIED.);
#781=B_SPLINE_CURVE_WITH_KNOTS('',1,(#11497,#11498),.UNSPECIFIED.,.F.,.F.,
(2,2),(0.,3.5355339059329),.UNSPECIFIED.);
#782=B_SPLINE_CURVE_WITH_KNOTS('',1,(#11499,#11500),.UNSPECIFIED.,.F.,.F.,
(2,2),(0.,3.53553390593277),.UNSPECIFIED.);
#783=B_SPLINE_CURVE_WITH_KNOTS('',1,(#11501,#11502),.UNSPECIFIED.,.F.,.F.,
(2,2),(-3.53553390593277,0.),.UNSPECIFIED.);
#784=B_SPLINE_CURVE_WITH_KNOTS('',1,(#11503,#11504),.UNSPECIFIED.,.F.,.F.,
(2,2),(-3.53553390593274,0.),.UNSPECIFIED.);
#785=B_SPLINE_CURVE_WITH_KNOTS('',1,(#11505,#11506),.UNSPECIFIED.,.F.,.F.,
(2,2),(0.,3.53553390593274),.UNSPECIFIED.);
#786=B_SPLINE_CURVE_WITH_KNOTS('',1,(#11507,#11508),.UNSPECIFIED.,.F.,.F.,
(2,2),(0.,3.53553390593316),.UNSPECIFIED.);
#787=B_SPLINE_CURVE_WITH_KNOTS('',1,(#11509,#11510),.UNSPECIFIED.,.F.,.F.,
(2,2),(-3.53553390593316,0.),.UNSPECIFIED.);
#788=B_SPLINE_CURVE_WITH_KNOTS('',1,(#11511,#11512),.UNSPECIFIED.,.F.,.F.,
(2,2),(0.,3.53553390593287),.UNSPECIFIED.);
#789=B_SPLINE_CURVE_WITH_KNOTS('',1,(#11513,#11514),.UNSPECIFIED.,.F.,.F.,
(2,2),(-3.53553390593287,0.),.UNSPECIFIED.);
#790=B_SPLINE_CURVE_WITH_KNOTS('',1,(#11515,#11516),.UNSPECIFIED.,.F.,.F.,
(2,2),(-3.53553390593325,0.),.UNSPECIFIED.);
#791=B_SPLINE_CURVE_WITH_KNOTS('',1,(#11517,#11518),.UNSPECIFIED.,.F.,.F.,
(2,2),(0.,3.53553390593325),.UNSPECIFIED.);
#792=B_SPLINE_CURVE_WITH_KNOTS('',1,(#11519,#11520),.UNSPECIFIED.,.F.,.F.,
(2,2),(0.,2.17163621296409),.UNSPECIFIED.);
#793=B_SPLINE_CURVE_WITH_KNOTS('',3,(#11521,#11522,#11523,#11524,#11525,
#11526,#11527),.UNSPECIFIED.,.F.,.F.,(4,1,1,1,4),(-8.26953609377542E-15,
1.43321551701107,2.86643103402215,4.29891925837744,5.73140748273274),
 .UNSPECIFIED.);
#794=B_SPLINE_CURVE_WITH_KNOTS('',1,(#11528,#11529),.UNSPECIFIED.,.F.,.F.,
(2,2),(0.,2.17163621296409),.UNSPECIFIED.);
#795=B_SPLINE_CURVE_WITH_KNOTS('',3,(#11530,#11531,#11532,#11533,#11534),
 .UNSPECIFIED.,.F.,.F.,(4,1,4),(-1.72763393007194E-13,2.86408052889166,
5.73032975493185),.UNSPECIFIED.);
#796=B_SPLINE_CURVE_WITH_KNOTS('',1,(#11535,#11536),.UNSPECIFIED.,.F.,.F.,
(2,2),(0.,2.23467459083238),.UNSPECIFIED.);
#797=B_SPLINE_CURVE_WITH_KNOTS('',3,(#11537,#11538,#11539,#11540,#11541,
#11542,#11543),.UNSPECIFIED.,.F.,.F.,(4,1,1,1,4),(1.90691782756681E-13,
1.43321603087341,2.86643206174662,4.29892042767633,5.73140879360604),
 .UNSPECIFIED.);
#798=B_SPLINE_CURVE_WITH_KNOTS('',1,(#11544,#11545),.UNSPECIFIED.,.F.,.F.,
(2,2),(0.,2.17163592524545),.UNSPECIFIED.);
#799=B_SPLINE_CURVE_WITH_KNOTS('',3,(#11546,#11547,#11548,#11549,#11550),
 .UNSPECIFIED.,.F.,.F.,(4,1,4),(-5.01508597365835E-14,2.86407964519264,
5.73032967659038),.UNSPECIFIED.);
#800=B_SPLINE_CURVE_WITH_KNOTS('',1,(#11551,#11552),.UNSPECIFIED.,.F.,.F.,
(2,2),(0.,2.17167524317952),.UNSPECIFIED.);
#801=B_SPLINE_CURVE_WITH_KNOTS('',3,(#11553,#11554,#11555,#11556,#11557,
#11558,#11559),.UNSPECIFIED.,.F.,.F.,(4,1,1,1,4),(-1.62165227140676E-12,
1.43324301105242,2.86648602210646,4.29895433163337,5.73142264116028),
 .UNSPECIFIED.);
#802=B_SPLINE_CURVE_WITH_KNOTS('',1,(#11560,#11561),.UNSPECIFIED.,.F.,.F.,
(2,2),(0.,2.17167524317952),.UNSPECIFIED.);
#803=B_SPLINE_CURVE_WITH_KNOTS('',3,(#11562,#11563,#11564,#11565,#11566),
 .UNSPECIFIED.,.F.,.F.,(4,1,4),(-4.78763966115272E-14,2.86404429539338,
5.73040220489378),.UNSPECIFIED.);
#804=B_SPLINE_CURVE_WITH_KNOTS('',1,(#11567,#11568),.UNSPECIFIED.,.F.,.F.,
(2,2),(0.,2.23466735373936),.UNSPECIFIED.);
#805=B_SPLINE_CURVE_WITH_KNOTS('',3,(#11569,#11570,#11571,#11572,#11573,
#11574,#11575),.UNSPECIFIED.,.F.,.F.,(4,1,1,1,4),(-6.16687638656836E-14,
1.43324280214281,2.86648560428567,4.29895378508864,5.73142196589161),
 .UNSPECIFIED.);
#806=B_SPLINE_CURVE_WITH_KNOTS('',1,(#11576,#11577),.UNSPECIFIED.,.F.,.F.,
(2,2),(0.,2.17167524313731),.UNSPECIFIED.);
#807=B_SPLINE_CURVE_WITH_KNOTS('',3,(#11578,#11579,#11580,#11581,#11582),
 .UNSPECIFIED.,.F.,.F.,(4,1,4),(-1.39870198584782E-15,2.86404378012593,
5.73040174274389),.UNSPECIFIED.);
#808=B_SPLINE_CURVE_WITH_KNOTS('',1,(#11583,#11584),.UNSPECIFIED.,.F.,.F.,
(2,2),(0.,2.17167523911225),.UNSPECIFIED.);
#809=B_SPLINE_CURVE_WITH_KNOTS('',3,(#11585,#11586,#11587,#11588,#11589,
#11590,#11591),.UNSPECIFIED.,.F.,.F.,(4,1,1,1,4),(-7.20467906588819E-14,
1.43324301104785,2.86648602209577,4.29895505433549,5.7314240865752),
 .UNSPECIFIED.);
#810=B_SPLINE_CURVE_WITH_KNOTS('',1,(#11592,#11593),.UNSPECIFIED.,.F.,.F.,
(2,2),(0.,2.17167523911225),.UNSPECIFIED.);
#811=B_SPLINE_CURVE_WITH_KNOTS('',3,(#11594,#11595,#11596,#11597,#11598,
#11599,#11600),.UNSPECIFIED.,.F.,.F.,(4,1,1,1,4),(7.71641360791588E-14,
1.4332155170145,2.86643103402892,4.29890006627242,5.73136909851591),
 .UNSPECIFIED.);
#812=B_SPLINE_CURVE_WITH_KNOTS('',1,(#11601,#11602),.UNSPECIFIED.,.F.,.F.,
(2,2),(0.,2.17167523910546),.UNSPECIFIED.);
#813=B_SPLINE_CURVE_WITH_KNOTS('',3,(#11603,#11604,#11605,#11606,#11607),
 .UNSPECIFIED.,.F.,.F.,(4,1,4),(-2.29283221793285E-13,2.86408052889171,
5.73032975493188),.UNSPECIFIED.);
#814=B_SPLINE_CURVE_WITH_KNOTS('',1,(#11608,#11609),.UNSPECIFIED.,.F.,.F.,
(2,2),(0.,2.23467459083235),.UNSPECIFIED.);
#815=B_SPLINE_CURVE_WITH_KNOTS('',3,(#11610,#11611,#11612,#11613,#11614,
#11615,#11616),.UNSPECIFIED.,.F.,.F.,(4,1,1,1,4),(2.55381255825591E-15,
1.4332430110497,2.8664860220994,4.29897438802556,5.73146275395171),
 .UNSPECIFIED.);
#816=B_SPLINE_CURVE_WITH_KNOTS('',3,(#11617,#11618,#11619,#11620,#11621,
#11622,#11623),.UNSPECIFIED.,.F.,.F.,(4,1,1,1,4),(-1.22330585617146E-13,
1.43246903224321,2.86493806448654,4.29818107553112,5.7314240865757),
 .UNSPECIFIED.);
#817=B_SPLINE_CURVE_WITH_KNOTS('',1,(#11624,#11625),.UNSPECIFIED.,.F.,.F.,
(2,2),(0.,2.16924483458317),.UNSPECIFIED.);
#818=B_SPLINE_CURVE_WITH_KNOTS('',3,(#11626,#11627,#11628,#11629,#11630,
#11631,#11632),.UNSPECIFIED.,.F.,.F.,(4,1,1,1,4),(-1.07761002356589E-13,
1.43246903224339,2.86493806448688,4.29815358150131,5.73136909851574),
 .UNSPECIFIED.);
#819=B_SPLINE_CURVE_WITH_KNOTS('',1,(#11633,#11634),.UNSPECIFIED.,.F.,.F.,
(2,2),(0.,2.16924483458317),.UNSPECIFIED.);
#820=B_SPLINE_CURVE_WITH_KNOTS('',3,(#11635,#11636,#11637,#11638,#11639),
 .UNSPECIFIED.,.F.,.F.,(4,1,4),(6.63190538834337E-17,2.86624922604326,5.73032975493129),
 .UNSPECIFIED.);
#821=B_SPLINE_CURVE_WITH_KNOTS('',1,(#11640,#11641),.UNSPECIFIED.,.F.,.F.,
(2,2),(0.,2.23467459082512),.UNSPECIFIED.);
#822=B_SPLINE_CURVE_WITH_KNOTS('',1,(#11642,#11643),.UNSPECIFIED.,.F.,.F.,
(2,2),(0.,2.16924467094543),.UNSPECIFIED.);
#823=B_SPLINE_CURVE_WITH_KNOTS('',3,(#11644,#11645,#11646,#11647,#11648,
#11649,#11650),.UNSPECIFIED.,.F.,.F.,(4,1,1,1,4),(9.83632586976985E-14,
1.43248836592624,2.86497673185238,4.29821974290212,5.73146275395186),
 .UNSPECIFIED.);
#824=B_SPLINE_CURVE_WITH_KNOTS('',1,(#11651,#11652),.UNSPECIFIED.,.F.,.F.,
(2,2),(0.,2.16924467094354),.UNSPECIFIED.);
#825=B_SPLINE_CURVE_WITH_KNOTS('',3,(#11653,#11654,#11655,#11656,#11657,
#11658,#11659),.UNSPECIFIED.,.F.,.F.,(4,1,1,1,4),(9.52103069384816E-13,
1.43246830952786,2.86493661905478,4.29817963010877,5.73142264116277),
 .UNSPECIFIED.);
#826=B_SPLINE_CURVE_WITH_KNOTS('',1,(#11660,#11661),.UNSPECIFIED.,.F.,.F.,
(2,2),(0.,2.16924467094354),.UNSPECIFIED.);
#827=B_SPLINE_CURVE_WITH_KNOTS('',3,(#11662,#11663,#11664,#11665,#11666),
 .UNSPECIFIED.,.F.,.F.,(4,1,4),(-1.96031705816882E-13,2.86635790949986,
5.73040220489333),.UNSPECIFIED.);
#828=B_SPLINE_CURVE_WITH_KNOTS('',1,(#11667,#11668),.UNSPECIFIED.,.F.,.F.,
(2,2),(0.,2.23466735373927),.UNSPECIFIED.);
#829=B_SPLINE_CURVE_WITH_KNOTS('',3,(#11669,#11670,#11671,#11672,#11673,
#11674,#11675),.UNSPECIFIED.,.F.,.F.,(4,1,1,1,4),(5.48593824300432E-14,
1.43246818080302,2.86493636160598,4.29817916374894,5.7314219658919),
 .UNSPECIFIED.);
#830=B_SPLINE_CURVE_WITH_KNOTS('',1,(#11676,#11677),.UNSPECIFIED.,.F.,.F.,
(2,2),(0.,2.16924466997914),.UNSPECIFIED.);
#831=B_SPLINE_CURVE_WITH_KNOTS('',3,(#11678,#11679,#11680,#11681,#11682),
 .UNSPECIFIED.,.F.,.F.,(4,1,4),(1.13019589772733E-12,2.866357962619,5.73040174274504),
 .UNSPECIFIED.);
#832=B_SPLINE_CURVE_WITH_KNOTS('',1,(#11683,#11684),.UNSPECIFIED.,.F.,.F.,
(2,2),(0.,2.16924483458313),.UNSPECIFIED.);
#833=B_SPLINE_CURVE_WITH_KNOTS('',3,(#11685,#11686,#11687,#11688,#11689,
#11690,#11691),.UNSPECIFIED.,.F.,.F.,(4,1,1,1,4),(-6.14240827451527E-18,
1.43248822435158,2.86497644870315,4.29819196571761,5.73140748273206),
 .UNSPECIFIED.);
#834=B_SPLINE_CURVE_WITH_KNOTS('',3,(#11692,#11693,#11694,#11695,#11696),
 .UNSPECIFIED.,.F.,.F.,(4,1,4),(-5.34868784661154E-16,2.86624922604321,
5.73032975493115),.UNSPECIFIED.);
#835=B_SPLINE_CURVE_WITH_KNOTS('',1,(#11697,#11698),.UNSPECIFIED.,.F.,.F.,
(2,2),(0.,2.2346745908252),.UNSPECIFIED.);
#836=B_SPLINE_CURVE_WITH_KNOTS('',3,(#11699,#11700,#11701,#11702,#11703,
#11704,#11705),.UNSPECIFIED.,.F.,.F.,(4,1,1,1,4),(1.021706783829E-14,1.43248836592974,
2.86497673185946,4.29819276273269,5.73140879360592),.UNSPECIFIED.);
#837=B_SPLINE_CURVE_WITH_KNOTS('',1,(#11706,#11707),.UNSPECIFIED.,.F.,.F.,
(2,2),(0.,2.16924483151788),.UNSPECIFIED.);
#838=B_SPLINE_CURVE_WITH_KNOTS('',1,(#11708,#11709),.UNSPECIFIED.,.F.,.F.,
(2,2),(0.,2.23467451043005),.UNSPECIFIED.);
#839=B_SPLINE_CURVE_WITH_KNOTS('',3,(#11710,#11711,#11712,#11713,#11714),
 .UNSPECIFIED.,.F.,.F.,(4,1,4),(-5.86404992921699E-14,2.8662500314009,5.73032967658964),
 .UNSPECIFIED.);
#840=B_SPLINE_CURVE_WITH_KNOTS('',1,(#11715,#11716),.UNSPECIFIED.,.F.,.F.,
(2,2),(0.0118622047244094,0.106862204724409),.UNSPECIFIED.);
#841=B_SPLINE_CURVE_WITH_KNOTS('',1,(#11723,#11724),.UNSPECIFIED.,.F.,.F.,
(2,2),(0.00980437705064601,0.084135867930097),.UNSPECIFIED.);
#842=B_SPLINE_CURVE_WITH_KNOTS('',1,(#11728,#11729),.UNSPECIFIED.,.F.,.F.,
(2,2),(0.135017479270022,0.214326130237957),.UNSPECIFIED.);
#843=B_SPLINE_CURVE_WITH_KNOTS('',1,(#11742,#11743),.UNSPECIFIED.,.F.,.F.,
(2,2),(0.0118622047244094,0.106862204724409),.UNSPECIFIED.);
#844=B_SPLINE_CURVE_WITH_KNOTS('',1,(#11750,#11751),.UNSPECIFIED.,.F.,.F.,
(2,2),(0.00980437705064601,0.084135867930097),.UNSPECIFIED.);
#845=B_SPLINE_CURVE_WITH_KNOTS('',1,(#11755,#11756),.UNSPECIFIED.,.F.,.F.,
(2,2),(0.135017479270022,0.214326130237957),.UNSPECIFIED.);
#846=B_SPLINE_CURVE_WITH_KNOTS('',1,(#11769,#11770),.UNSPECIFIED.,.F.,.F.,
(2,2),(0.0403622047244094,0.102518248244663),.UNSPECIFIED.);
#847=B_SPLINE_CURVE_WITH_KNOTS('',1,(#11777,#11778),.UNSPECIFIED.,.F.,.F.,
(2,2),(0.0403622047244094,0.102518248244663),.UNSPECIFIED.);
#848=(
BOUNDED_SURFACE()
B_SPLINE_SURFACE(2,1,((#7157,#7158),(#7159,#7160),(#7161,#7162),(#7163,
#7164),(#7165,#7166)),.UNSPECIFIED.,.F.,.F.,.F.)
B_SPLINE_SURFACE_WITH_KNOTS((3,2,3),(2,2),(0.,12.3995529258309,24.7991058516618),
(0.,1.),.UNSPECIFIED.)
GEOMETRIC_REPRESENTATION_ITEM()
RATIONAL_B_SPLINE_SURFACE(((1.,1.),(0.707106781186548,0.707106781186548),
(1.,1.),(0.707106781186548,0.707106781186548),(1.,1.)))
REPRESENTATION_ITEM('')
SURFACE()
);
#849=(
BOUNDED_SURFACE()
B_SPLINE_SURFACE(2,1,((#7174,#7175),(#7176,#7177),(#7178,#7179),(#7180,
#7181),(#7182,#7183)),.UNSPECIFIED.,.F.,.F.,.F.)
B_SPLINE_SURFACE_WITH_KNOTS((3,2,3),(2,2),(0.,9.25803964338064,18.5160792867613),
(0.,2.16862484602063),.UNSPECIFIED.)
GEOMETRIC_REPRESENTATION_ITEM()
RATIONAL_B_SPLINE_SURFACE(((1.,1.),(0.707106781186548,0.707106781186548),
(1.,1.),(0.707106781186548,0.707106781186548),(1.,1.)))
REPRESENTATION_ITEM('')
SURFACE()
);
#850=(
BOUNDED_SURFACE()
B_SPLINE_SURFACE(2,1,((#7191,#7192),(#7193,#7194),(#7195,#7196),(#7197,
#7198),(#7199,#7200)),.UNSPECIFIED.,.F.,.F.,.F.)
B_SPLINE_SURFACE_WITH_KNOTS((3,2,3),(2,2),(24.7991058516618,37.1986587774927,
49.5982117033236),(0.,1.),.UNSPECIFIED.)
GEOMETRIC_REPRESENTATION_ITEM()
RATIONAL_B_SPLINE_SURFACE(((1.,1.),(0.707106781186548,0.707106781186548),
(1.,1.),(0.707106781186548,0.707106781186548),(1.,1.)))
REPRESENTATION_ITEM('')
SURFACE()
);
#851=(
BOUNDED_SURFACE()
B_SPLINE_SURFACE(2,1,((#7203,#7204),(#7205,#7206),(#7207,#7208),(#7209,
#7210),(#7211,#7212)),.UNSPECIFIED.,.F.,.F.,.F.)
B_SPLINE_SURFACE_WITH_KNOTS((3,2,3),(2,2),(18.5160792867613,27.7741189301419,
37.0321585735226),(0.,2.16862484602063),.UNSPECIFIED.)
GEOMETRIC_REPRESENTATION_ITEM()
RATIONAL_B_SPLINE_SURFACE(((1.,1.),(0.707106781186548,0.707106781186548),
(1.,1.),(0.707106781186548,0.707106781186548),(1.,1.)))
REPRESENTATION_ITEM('')
SURFACE()
);
#852=(
BOUNDED_SURFACE()
B_SPLINE_SURFACE(1,2,((#7473,#7474,#7475,#7476,#7477),(#7478,#7479,#7480,
#7481,#7482)),.UNSPECIFIED.,.F.,.F.,.F.)
B_SPLINE_SURFACE_WITH_KNOTS((2,2),(3,2,3),(0.00980437705064601,0.084135867930097),
(3.14159265358979,4.71238898038469,6.28318530717959),.UNSPECIFIED.)
GEOMETRIC_REPRESENTATION_ITEM()
RATIONAL_B_SPLINE_SURFACE(((1.,0.707106781186548,1.,0.707106781186548,1.),
(1.,0.707106781186548,1.,0.707106781186548,1.)))
REPRESENTATION_ITEM('')
SURFACE()
);
#853=(
BOUNDED_SURFACE()
B_SPLINE_SURFACE(2,2,((#7485,#7486,#7487),(#7488,#7489,#7490),(#7491,#7492,
#7493),(#7494,#7495,#7496),(#7497,#7498,#7499)),.UNSPECIFIED.,.F.,.F.,.F.)
B_SPLINE_SURFACE_WITH_KNOTS((3,2,3),(3,3),(0.,0.408726425482779,0.817452850965558),
(0.06457718232379,0.0942477796076938),.UNSPECIFIED.)
GEOMETRIC_REPRESENTATION_ITEM()
RATIONAL_B_SPLINE_SURFACE(((1.,0.737277336810121,1.),(0.707106781186548,
0.521333804473595,0.707106781186548),(1.,0.737277336810121,1.),(0.707106781186548,
0.521333804473595,0.707106781186548),(1.,0.737277336810121,1.)))
REPRESENTATION_ITEM('')
SURFACE()
);
#854=(
BOUNDED_SURFACE()
B_SPLINE_SURFACE(1,2,((#7504,#7505,#7506,#7507,#7508),(#7509,#7510,#7511,
#7512,#7513)),.UNSPECIFIED.,.F.,.F.,.F.)
B_SPLINE_SURFACE_WITH_KNOTS((2,2),(3,2,3),(0.00980437705064601,0.084135867930097),
(3.14159265358979,4.71238898038469,6.28318530717959),.UNSPECIFIED.)
GEOMETRIC_REPRESENTATION_ITEM()
RATIONAL_B_SPLINE_SURFACE(((1.,0.707106781186548,1.,0.707106781186548,1.),
(1.,0.707106781186548,1.,0.707106781186548,1.)))
REPRESENTATION_ITEM('')
SURFACE()
);
#855=(
BOUNDED_SURFACE()
B_SPLINE_SURFACE(2,2,((#7516,#7517,#7518),(#7519,#7520,#7521),(#7522,#7523,
#7524),(#7525,#7526,#7527),(#7528,#7529,#7530)),.UNSPECIFIED.,.F.,.F.,.F.)
B_SPLINE_SURFACE_WITH_KNOTS((3,2,3),(3,3),(0.,0.408726425482779,0.817452850965558),
(0.06457718232379,0.0942477796076938),.UNSPECIFIED.)
GEOMETRIC_REPRESENTATION_ITEM()
RATIONAL_B_SPLINE_SURFACE(((1.,0.737277336810121,1.),(0.707106781186548,
0.521333804473595,0.707106781186548),(1.,0.737277336810121,1.),(0.707106781186548,
0.521333804473595,0.707106781186548),(1.,0.737277336810121,1.)))
REPRESENTATION_ITEM('')
SURFACE()
);
#856=(
BOUNDED_SURFACE()
B_SPLINE_SURFACE(2,1,((#8002,#8003),(#8004,#8005),(#8006,#8007),(#8008,
#8009),(#8010,#8011)),.UNSPECIFIED.,.F.,.F.,.F.)
B_SPLINE_SURFACE_WITH_KNOTS((3,2,3),(2,2),(0.,5.73326230259849,11.466524605197),
(0.,2.15871047272217),.UNSPECIFIED.)
GEOMETRIC_REPRESENTATION_ITEM()
RATIONAL_B_SPLINE_SURFACE(((1.,1.),(0.707106781186548,0.707106781186548),
(1.,1.),(0.707106781186548,0.707106781186548),(1.,1.)))
REPRESENTATION_ITEM('')
SURFACE()
);
#857=(
BOUNDED_SURFACE()
B_SPLINE_SURFACE(1,2,((#8016,#8017,#8018,#8019,#8020),(#8021,#8022,#8023,
#8024,#8025)),.UNSPECIFIED.,.F.,.F.,.F.)
B_SPLINE_SURFACE_WITH_KNOTS((2,2),(3,2,3),(0.00980437705064601,0.084135867930097),
(0.,1.5707963267949,3.14159265358979),.UNSPECIFIED.)
GEOMETRIC_REPRESENTATION_ITEM()
RATIONAL_B_SPLINE_SURFACE(((1.,0.707106781186548,1.,0.707106781186548,1.),
(1.,0.707106781186548,1.,0.707106781186548,1.)))
REPRESENTATION_ITEM('')
SURFACE()
);
#858=(
BOUNDED_SURFACE()
B_SPLINE_SURFACE(2,2,((#8027,#8028,#8029),(#8030,#8031,#8032),(#8033,#8034,
#8035),(#8036,#8037,#8038),(#8039,#8040,#8041)),.UNSPECIFIED.,.F.,.F.,.F.)
B_SPLINE_SURFACE_WITH_KNOTS((3,2,3),(3,3),(0.817452850965558,1.22617927644834,
1.63490570193112),(0.06457718232379,0.0942477796076938),.UNSPECIFIED.)
GEOMETRIC_REPRESENTATION_ITEM()
RATIONAL_B_SPLINE_SURFACE(((1.,0.737277336810121,1.),(0.707106781186548,
0.521333804473595,0.707106781186548),(1.,0.737277336810121,1.),(0.707106781186548,
0.521333804473595,0.707106781186548),(1.,0.737277336810121,1.)))
REPRESENTATION_ITEM('')
SURFACE()
);
#859=(
BOUNDED_SURFACE()
B_SPLINE_SURFACE(1,2,((#8044,#8045,#8046,#8047,#8048),(#8049,#8050,#8051,
#8052,#8053)),.UNSPECIFIED.,.F.,.F.,.F.)
B_SPLINE_SURFACE_WITH_KNOTS((2,2),(3,2,3),(0.00980437705064601,0.084135867930097),
(0.,1.5707963267949,3.14159265358979),.UNSPECIFIED.)
GEOMETRIC_REPRESENTATION_ITEM()
RATIONAL_B_SPLINE_SURFACE(((1.,0.707106781186548,1.,0.707106781186548,1.),
(1.,0.707106781186548,1.,0.707106781186548,1.)))
REPRESENTATION_ITEM('')
SURFACE()
);
#860=(
BOUNDED_SURFACE()
B_SPLINE_SURFACE(2,2,((#8055,#8056,#8057),(#8058,#8059,#8060),(#8061,#8062,
#8063),(#8064,#8065,#8066),(#8067,#8068,#8069)),.UNSPECIFIED.,.F.,.F.,.F.)
B_SPLINE_SURFACE_WITH_KNOTS((3,2,3),(3,3),(0.817452850965558,1.22617927644834,
1.63490570193112),(0.06457718232379,0.0942477796076938),.UNSPECIFIED.)
GEOMETRIC_REPRESENTATION_ITEM()
RATIONAL_B_SPLINE_SURFACE(((1.,0.737277336810121,1.),(0.707106781186548,
0.521333804473595,0.707106781186548),(1.,0.737277336810121,1.),(0.707106781186548,
0.521333804473595,0.707106781186548),(1.,0.737277336810121,1.)))
REPRESENTATION_ITEM('')
SURFACE()
);
#861=(
BOUNDED_SURFACE()
B_SPLINE_SURFACE(2,1,((#8072,#8073),(#8074,#8075),(#8076,#8077),(#8078,
#8079),(#8080,#8081)),.UNSPECIFIED.,.F.,.F.,.F.)
B_SPLINE_SURFACE_WITH_KNOTS((3,2,3),(2,2),(11.466524605197,17.1997869077955,
22.933049210394),(0.,2.15871047272217),.UNSPECIFIED.)
GEOMETRIC_REPRESENTATION_ITEM()
RATIONAL_B_SPLINE_SURFACE(((1.,1.),(0.707106781186548,0.707106781186548),
(1.,1.),(0.707106781186548,0.707106781186548),(1.,1.)))
REPRESENTATION_ITEM('')
SURFACE()
);
#862=(
BOUNDED_SURFACE()
B_SPLINE_SURFACE(2,1,((#9533,#9534,#9535),(#9536,#9537,#9538),(#9539,#9540,
#9541)),.UNSPECIFIED.,.F.,.F.,.F.)
B_SPLINE_SURFACE_WITH_KNOTS((3,3),(2,1,2),(0.,1.06873861169236),(7.49620323999997,
9.99620324,36.66500324),.UNSPECIFIED.)
GEOMETRIC_REPRESENTATION_ITEM()
RATIONAL_B_SPLINE_SURFACE(((1.,1.,1.),(0.990945175440052,0.968902090814803,
0.946859006189554),(1.,0.956500626554143,0.913001253108287)))
REPRESENTATION_ITEM('')
SURFACE()
);
#863=(
BOUNDED_SURFACE()
B_SPLINE_SURFACE(2,1,((#9542,#9543),(#9544,#9545),(#9546,#9547)),
 .UNSPECIFIED.,.F.,.F.,.F.)
B_SPLINE_SURFACE_WITH_KNOTS((3,3),(2,2),(20.2590270140016,23.5619449019234),
(9.99620324,36.66500324),.UNSPECIFIED.)
GEOMETRIC_REPRESENTATION_ITEM()
RATIONAL_B_SPLINE_SURFACE(((0.927856595574724,0.855713191149447),(0.869627927080167,
0.835768693001065),(1.,1.)))
REPRESENTATION_ITEM('')
SURFACE()
);
#864=(
BOUNDED_SURFACE()
B_SPLINE_SURFACE(2,1,((#9548,#9549),(#9550,#9551),(#9552,#9553)),
 .UNSPECIFIED.,.F.,.F.,.F.)
B_SPLINE_SURFACE_WITH_KNOTS((3,3),(2,2),(0.,2.6446771638159),(9.99620323999999,
36.66500324),.UNSPECIFIED.)
GEOMETRIC_REPRESENTATION_ITEM()
RATIONAL_B_SPLINE_SURFACE(((1.,1.),(0.903857839340677,0.868498460469749),
(0.927539277354759,0.855078554709518)))
REPRESENTATION_ITEM('')
SURFACE()
);
#865=(
BOUNDED_SURFACE()
B_SPLINE_SURFACE(1,2,((#9696,#9697,#9698,#9699,#9700),(#9701,#9702,#9703,
#9704,#9705)),.UNSPECIFIED.,.F.,.F.,.F.)
B_SPLINE_SURFACE_WITH_KNOTS((2,2),(3,2,3),(0.00980437705064601,0.084135867930097),
(3.14159265358979,4.71238898038469,6.28318530717959),.UNSPECIFIED.)
GEOMETRIC_REPRESENTATION_ITEM()
RATIONAL_B_SPLINE_SURFACE(((1.,0.707106781186548,1.,0.707106781186548,1.),
(1.,0.707106781186548,1.,0.707106781186548,1.)))
REPRESENTATION_ITEM('')
SURFACE()
);
#866=(
BOUNDED_SURFACE()
B_SPLINE_SURFACE(2,2,((#9708,#9709,#9710),(#9711,#9712,#9713),(#9714,#9715,
#9716),(#9717,#9718,#9719),(#9720,#9721,#9722)),.UNSPECIFIED.,.F.,.F.,.F.)
B_SPLINE_SURFACE_WITH_KNOTS((3,2,3),(3,3),(0.,0.408726425482779,0.817452850965558),
(0.06457718232379,0.0942477796076938),.UNSPECIFIED.)
GEOMETRIC_REPRESENTATION_ITEM()
RATIONAL_B_SPLINE_SURFACE(((1.,0.737277336810121,1.),(0.707106781186548,
0.521333804473595,0.707106781186548),(1.,0.737277336810121,1.),(0.707106781186548,
0.521333804473595,0.707106781186548),(1.,0.737277336810121,1.)))
REPRESENTATION_ITEM('')
SURFACE()
);
#867=(
BOUNDED_SURFACE()
B_SPLINE_SURFACE(1,2,((#9727,#9728,#9729,#9730,#9731),(#9732,#9733,#9734,
#9735,#9736)),.UNSPECIFIED.,.F.,.F.,.F.)
B_SPLINE_SURFACE_WITH_KNOTS((2,2),(3,2,3),(0.00980437705064601,0.084135867930097),
(3.14159265358979,4.71238898038469,6.28318530717959),.UNSPECIFIED.)
GEOMETRIC_REPRESENTATION_ITEM()
RATIONAL_B_SPLINE_SURFACE(((1.,0.707106781186548,1.,0.707106781186548,1.),
(1.,0.707106781186548,1.,0.707106781186548,1.)))
REPRESENTATION_ITEM('')
SURFACE()
);
#868=(
BOUNDED_SURFACE()
B_SPLINE_SURFACE(2,2,((#9739,#9740,#9741),(#9742,#9743,#9744),(#9745,#9746,
#9747),(#9748,#9749,#9750),(#9751,#9752,#9753)),.UNSPECIFIED.,.F.,.F.,.F.)
B_SPLINE_SURFACE_WITH_KNOTS((3,2,3),(3,3),(0.,0.408726425482779,0.817452850965558),
(0.06457718232379,0.0942477796076938),.UNSPECIFIED.)
GEOMETRIC_REPRESENTATION_ITEM()
RATIONAL_B_SPLINE_SURFACE(((1.,0.737277336810121,1.),(0.707106781186548,
0.521333804473595,0.707106781186548),(1.,0.737277336810121,1.),(0.707106781186548,
0.521333804473595,0.707106781186548),(1.,0.737277336810121,1.)))
REPRESENTATION_ITEM('')
SURFACE()
);
#869=(
BOUNDED_SURFACE()
B_SPLINE_SURFACE(2,1,((#9834,#9835,#9836),(#9837,#9838,#9839),(#9840,#9841,
#9842)),.UNSPECIFIED.,.F.,.F.,.F.)
B_SPLINE_SURFACE_WITH_KNOTS((3,3),(2,1,2),(2.6446771638159,3.30291788792182),
(7.49620323999999,9.99620323999999,36.66500324),.UNSPECIFIED.)
GEOMETRIC_REPRESENTATION_ITEM()
RATIONAL_B_SPLINE_SURFACE(((1.,0.927539277354759,0.855078554709518),(0.995724347379096,
0.923731393048967,0.851738438718838),(1.,0.927856595574724,0.855713191149447)))
REPRESENTATION_ITEM('')
SURFACE()
);
#870=(
BOUNDED_SURFACE()
B_SPLINE_SURFACE(2,1,((#9843,#9844),(#9845,#9846),(#9847,#9848)),
 .UNSPECIFIED.,.F.,.F.,.F.)
B_SPLINE_SURFACE_WITH_KNOTS((3,3),(2,2),(0.,2.6446771638159),(7.49620323999999,
9.99620323999999),.UNSPECIFIED.)
GEOMETRIC_REPRESENTATION_ITEM()
RATIONAL_B_SPLINE_SURFACE(((1.,1.),(0.939217218211605,0.903857839340677),
(1.,0.927539277354759)))
REPRESENTATION_ITEM('')
SURFACE()
);
#871=(
BOUNDED_SURFACE()
B_SPLINE_SURFACE(2,1,((#9937,#9938),(#9939,#9940),(#9941,#9942)),
 .UNSPECIFIED.,.F.,.F.,.F.)
B_SPLINE_SURFACE_WITH_KNOTS((3,3),(2,2),(20.2590270140016,23.5619449019234),
(7.49620323999997,9.99620324),.UNSPECIFIED.)
GEOMETRIC_REPRESENTATION_ITEM()
RATIONAL_B_SPLINE_SURFACE(((1.,0.927856595574724),(0.903487161159269,0.869627927080167),
(1.,1.)))
REPRESENTATION_ITEM('')
SURFACE()
);
#872=(
BOUNDED_SURFACE()
B_SPLINE_SURFACE(1,2,((#10256,#10257,#10258,#10259,#10260),(#10261,#10262,
#10263,#10264,#10265)),.UNSPECIFIED.,.F.,.F.,.F.)
B_SPLINE_SURFACE_WITH_KNOTS((2,2),(3,2,3),(0.00980437705064601,0.084135867930097),
(0.,1.5707963267949,3.14159265358979),.UNSPECIFIED.)
GEOMETRIC_REPRESENTATION_ITEM()
RATIONAL_B_SPLINE_SURFACE(((1.,0.707106781186548,1.,0.707106781186548,1.),
(1.,0.707106781186548,1.,0.707106781186548,1.)))
REPRESENTATION_ITEM('')
SURFACE()
);
#873=(
BOUNDED_SURFACE()
B_SPLINE_SURFACE(2,2,((#10267,#10268,#10269),(#10270,#10271,#10272),(#10273,
#10274,#10275),(#10276,#10277,#10278),(#10279,#10280,#10281)),
 .UNSPECIFIED.,.F.,.F.,.F.)
B_SPLINE_SURFACE_WITH_KNOTS((3,2,3),(3,3),(0.817452850965558,1.22617927644834,
1.63490570193112),(0.06457718232379,0.0942477796076938),.UNSPECIFIED.)
GEOMETRIC_REPRESENTATION_ITEM()
RATIONAL_B_SPLINE_SURFACE(((1.,0.737277336810121,1.),(0.707106781186548,
0.521333804473595,0.707106781186548),(1.,0.737277336810121,1.),(0.707106781186548,
0.521333804473595,0.707106781186548),(1.,0.737277336810121,1.)))
REPRESENTATION_ITEM('')
SURFACE()
);
#874=(
BOUNDED_SURFACE()
B_SPLINE_SURFACE(1,2,((#10283,#10284,#10285,#10286,#10287),(#10288,#10289,
#10290,#10291,#10292)),.UNSPECIFIED.,.F.,.F.,.F.)
B_SPLINE_SURFACE_WITH_KNOTS((2,2),(3,2,3),(0.00980437705064601,0.084135867930097),
(0.,1.5707963267949,3.14159265358979),.UNSPECIFIED.)
GEOMETRIC_REPRESENTATION_ITEM()
RATIONAL_B_SPLINE_SURFACE(((1.,0.707106781186548,1.,0.707106781186548,1.),
(1.,0.707106781186548,1.,0.707106781186548,1.)))
REPRESENTATION_ITEM('')
SURFACE()
);
#875=(
BOUNDED_SURFACE()
B_SPLINE_SURFACE(2,2,((#10294,#10295,#10296),(#10297,#10298,#10299),(#10300,
#10301,#10302),(#10303,#10304,#10305),(#10306,#10307,#10308)),
 .UNSPECIFIED.,.F.,.F.,.F.)
B_SPLINE_SURFACE_WITH_KNOTS((3,2,3),(3,3),(0.817452850965558,1.22617927644834,
1.63490570193112),(0.06457718232379,0.0942477796076938),.UNSPECIFIED.)
GEOMETRIC_REPRESENTATION_ITEM()
RATIONAL_B_SPLINE_SURFACE(((1.,0.737277336810121,1.),(0.707106781186548,
0.521333804473595,0.707106781186548),(1.,0.737277336810121,1.),(0.707106781186548,
0.521333804473595,0.707106781186548),(1.,0.737277336810121,1.)))
REPRESENTATION_ITEM('')
SURFACE()
);
#876=MANIFOLD_SOLID_BREP('brep_1',#881);
#877=MANIFOLD_SOLID_BREP('brep_2',#882);
#878=MANIFOLD_SOLID_BREP('brep_3',#883);
#879=MANIFOLD_SOLID_BREP('brep_4',#884);
#880=ADVANCED_BREP_SHAPE_REPRESENTATION('brep_rep_0',(#876,#877,#878,#879,
#6518),#6093);
#881=CLOSED_SHELL('',(#885,#886,#887,#888));
#882=CLOSED_SHELL('',(#889,#890,#891,#892,#893,#894,#895,#896,#897,#898,
#899,#900,#901,#902,#903,#904,#905,#906,#907,#908,#909,#910,#911,#912));
#883=CLOSED_SHELL('',(#913,#914,#915,#916,#917,#918,#919,#920,#921,#922,
#923,#924,#925,#926,#927,#928,#929,#930,#931,#932,#933,#934,#935,#936,#937,
#938,#939,#940,#941,#942,#943,#944,#945,#946,#947,#948,#949,#950,#951,#952,
#953,#954,#955,#956,#957,#958,#959,#960,#961,#962,#963,#964,#965,#966,#967,
#968,#969,#970,#971,#972,#973,#974,#975,#976,#977,#978,#979,#980,#981,#982,
#983,#984,#985,#986,#987,#988,#989,#990,#991,#992,#993,#994,#995,#996,#997,
#998,#999,#1000,#1001,#1002,#1003,#1004,#1005,#1006,#1007,#1008,#1009,#1010,
#1011,#1012,#1013,#1014,#1015,#1016,#1017,#1018,#1019,#1020,#1021,#1022,
#1023,#1024,#1025,#1026,#1027,#1028,#1029,#1030,#1031,#1032,#1033,#1034,
#1035,#1036,#1037,#1038,#1039,#1040,#1041,#1042,#1043,#1044,#1045,#1046,
#1047,#1048,#1049,#1050,#1051,#1052,#1053,#1054,#1055,#1056,#1057,#1058,
#1059,#1060,#1061,#1062,#1063,#1064,#1065,#1066,#1067,#1068,#1069,#1070,
#1071,#1072,#1073,#1074));
#884=CLOSED_SHELL('',(#1075,#1076,#1077,#1078,#1079,#1080,#1081,#1082,#1083,
#1084,#1085,#1086,#1087,#1088,#1089,#1090,#1091,#1092,#1093,#1094,#1095,
#1096,#1097,#1098,#1099,#1100,#1101,#1102,#1103,#1104,#1105,#1106,#1107,
#1108,#1109,#1110,#1111,#1112,#1113,#1114,#1115,#1116,#1117,#1118,#1119,
#1120,#1121,#1122,#1123,#1124,#1125,#1126,#1127,#1128,#1129,#1130,#1131,
#1132,#1133,#1134,#1135,#1136,#1137,#1138,#1139,#1140,#1141,#1142,#1143,
#1144,#1145,#1146,#1147,#1148,#1149,#1150,#1151,#1152,#1153,#1154,#1155,
#1156,#1157,#1158,#1159,#1160,#1161,#1162,#1163,#1164,#1165,#1166,#1167,
#1168,#1169,#1170,#1171,#1172,#1173,#1174,#1175,#1176,#1177,#1178,#1179,
#1180,#1181,#1182,#1183,#1184,#1185,#1186,#1187,#1188,#1189,#1190,#1191,
#1192,#1193,#1194,#1195,#1196,#1197,#1198,#1199,#1200,#1201,#1202,#1203,
#1204,#1205,#1206,#1207,#1208,#1209,#1210,#1211,#1212,#1213,#1214,#1215,
#1216,#1217,#1218,#1219,#1220,#1221,#1222,#1223,#1224,#1225,#1226,#1227,
#1228,#1229,#1230,#1231,#1232,#1233,#1234,#1235,#1236,#1237,#1238));
#885=ADVANCED_FACE('',(#1239),#5944,.T.);
#886=ADVANCED_FACE('',(#1240),#5770,.T.);
#887=ADVANCED_FACE('',(#1241),#5771,.T.);
#888=ADVANCED_FACE('',(#1242),#5945,.T.);
#889=ADVANCED_FACE('',(#1243),#5772,.T.);
#890=ADVANCED_FACE('',(#1244),#5946,.F.);
#891=ADVANCED_FACE('',(#1245,#99),#5773,.T.);
#892=ADVANCED_FACE('',(#1246),#848,.T.);
#893=ADVANCED_FACE('',(#1247),#5947,.T.);
#894=ADVANCED_FACE('',(#1248),#5948,.T.);
#895=ADVANCED_FACE('',(#1249),#5774,.T.);
#896=ADVANCED_FACE('',(#1250),#5775,.T.);
#897=ADVANCED_FACE('',(#1251),#5776,.T.);
#898=ADVANCED_FACE('',(#1252),#5777,.T.);
#899=ADVANCED_FACE('',(#1253),#5778,.T.);
#900=ADVANCED_FACE('',(#1254),#849,.T.);
#901=ADVANCED_FACE('',(#1255),#5779,.T.);
#902=ADVANCED_FACE('',(#1256),#5949,.T.);
#903=ADVANCED_FACE('',(#1257),#5780,.T.);
#904=ADVANCED_FACE('',(#1258),#5781,.T.);
#905=ADVANCED_FACE('',(#1259),#5782,.T.);
#906=ADVANCED_FACE('',(#1260,#100),#5783,.T.);
#907=ADVANCED_FACE('',(#1261),#5950,.F.);
#908=ADVANCED_FACE('',(#1262),#850,.T.);
#909=ADVANCED_FACE('',(#1263),#5951,.T.);
#910=ADVANCED_FACE('',(#1264),#5952,.T.);
#911=ADVANCED_FACE('',(#1265),#851,.T.);
#912=ADVANCED_FACE('',(#1266),#5953,.T.);
#913=ADVANCED_FACE('',(#1267),#5784,.T.);
#914=ADVANCED_FACE('',(#1268),#5785,.T.);
#915=ADVANCED_FACE('',(#1269),#5954,.T.);
#916=ADVANCED_FACE('',(#1270),#5786,.T.);
#917=ADVANCED_FACE('',(#1271),#5787,.T.);
#918=ADVANCED_FACE('',(#1272),#5788,.T.);
#919=ADVANCED_FACE('',(#1273),#5955,.T.);
#920=ADVANCED_FACE('',(#1274),#5956,.T.);
#921=ADVANCED_FACE('',(#1275),#11,.T.);
#922=ADVANCED_FACE('',(#1276),#12,.T.);
#923=ADVANCED_FACE('',(#1277),#13,.T.);
#924=ADVANCED_FACE('',(#1278),#14,.T.);
#925=ADVANCED_FACE('',(#1279),#15,.T.);
#926=ADVANCED_FACE('',(#1280),#16,.T.);
#927=ADVANCED_FACE('',(#1281),#17,.T.);
#928=ADVANCED_FACE('',(#1282),#18,.T.);
#929=ADVANCED_FACE('',(#1283),#5789,.T.);
#930=ADVANCED_FACE('',(#1284),#5957,.F.);
#931=ADVANCED_FACE('',(#1285),#5958,.F.);
#932=ADVANCED_FACE('',(#1286),#5959,.T.);
#933=ADVANCED_FACE('',(#1287,#101),#5790,.T.);
#934=ADVANCED_FACE('',(#1288),#5960,.F.);
#935=ADVANCED_FACE('',(#1289,#102),#5791,.T.);
#936=ADVANCED_FACE('',(#1290),#852,.T.);
#937=ADVANCED_FACE('',(#1291),#5961,.F.);
#938=ADVANCED_FACE('',(#1292,#103),#5792,.T.);
#939=ADVANCED_FACE('',(#1293),#853,.T.);
#940=ADVANCED_FACE('',(#1294),#5962,.T.);
#941=ADVANCED_FACE('',(#1295,#104),#5793,.T.);
#942=ADVANCED_FACE('',(#1296),#5963,.F.);
#943=ADVANCED_FACE('',(#1297,#105),#5794,.T.);
#944=ADVANCED_FACE('',(#1298),#854,.T.);
#945=ADVANCED_FACE('',(#1299),#5964,.F.);
#946=ADVANCED_FACE('',(#1300,#106),#5795,.T.);
#947=ADVANCED_FACE('',(#1301),#855,.T.);
#948=ADVANCED_FACE('',(#1302,#107),#5796,.T.);
#949=ADVANCED_FACE('',(#1303,#108),#5797,.T.);
#950=ADVANCED_FACE('',(#1304),#5798,.T.);
#951=ADVANCED_FACE('',(#1305,#109,#110,#111,#112),#5799,.T.);
#952=ADVANCED_FACE('',(#1306),#5800,.T.);
#953=ADVANCED_FACE('',(#1307,#113,#114),#5801,.T.);
#954=ADVANCED_FACE('',(#1308),#5802,.T.);
#955=ADVANCED_FACE('',(#1309),#5965,.F.);
#956=ADVANCED_FACE('',(#1310),#5803,.T.);
#957=ADVANCED_FACE('',(#1311),#5966,.F.);
#958=ADVANCED_FACE('',(#1312),#5804,.T.);
#959=ADVANCED_FACE('',(#1313),#5967,.F.);
#960=ADVANCED_FACE('',(#1314),#5805,.T.);
#961=ADVANCED_FACE('',(#1315),#5968,.F.);
#962=ADVANCED_FACE('',(#1316),#5969,.F.);
#963=ADVANCED_FACE('',(#1317,#115,#116,#117,#118),#5806,.T.);
#964=ADVANCED_FACE('',(#1318),#5807,.T.);
#965=ADVANCED_FACE('',(#1319),#5808,.T.);
#966=ADVANCED_FACE('',(#1320),#5809,.T.);
#967=ADVANCED_FACE('',(#1321),#5810,.T.);
#968=ADVANCED_FACE('',(#1322),#5811,.T.);
#969=ADVANCED_FACE('',(#1323),#5812,.T.);
#970=ADVANCED_FACE('',(#1324),#5813,.T.);
#971=ADVANCED_FACE('',(#1325),#5814,.T.);
#972=ADVANCED_FACE('',(#1326),#5815,.T.);
#973=ADVANCED_FACE('',(#1327),#5816,.T.);
#974=ADVANCED_FACE('',(#1328),#5817,.T.);
#975=ADVANCED_FACE('',(#1329),#5818,.T.);
#976=ADVANCED_FACE('',(#1330),#5819,.T.);
#977=ADVANCED_FACE('',(#1331),#5820,.T.);
#978=ADVANCED_FACE('',(#1332),#5821,.T.);
#979=ADVANCED_FACE('',(#1333),#5822,.T.);
#980=ADVANCED_FACE('',(#1334),#5823,.T.);
#981=ADVANCED_FACE('',(#1335),#5824,.T.);
#982=ADVANCED_FACE('',(#1336),#5825,.T.);
#983=ADVANCED_FACE('',(#1337),#5826,.T.);
#984=ADVANCED_FACE('',(#1338),#5827,.T.);
#985=ADVANCED_FACE('',(#1339),#5828,.T.);
#986=ADVANCED_FACE('',(#1340),#5829,.T.);
#987=ADVANCED_FACE('',(#1341),#5830,.T.);
#988=ADVANCED_FACE('',(#1342),#5831,.T.);
#989=ADVANCED_FACE('',(#1343),#5832,.T.);
#990=ADVANCED_FACE('',(#1344),#5833,.T.);
#991=ADVANCED_FACE('',(#1345),#5834,.T.);
#992=ADVANCED_FACE('',(#1346),#5835,.T.);
#993=ADVANCED_FACE('',(#1347),#5836,.T.);
#994=ADVANCED_FACE('',(#1348),#5837,.T.);
#995=ADVANCED_FACE('',(#1349),#5838,.T.);
#996=ADVANCED_FACE('',(#1350),#5839,.T.);
#997=ADVANCED_FACE('',(#1351),#5840,.T.);
#998=ADVANCED_FACE('',(#1352,#119,#120),#5841,.T.);
#999=ADVANCED_FACE('',(#1353),#5970,.T.);
#1000=ADVANCED_FACE('',(#1354),#5971,.T.);
#1001=ADVANCED_FACE('',(#1355),#5842,.T.);
#1002=ADVANCED_FACE('',(#1356),#19,.T.);
#1003=ADVANCED_FACE('',(#1357),#20,.T.);
#1004=ADVANCED_FACE('',(#1358),#21,.T.);
#1005=ADVANCED_FACE('',(#1359),#22,.T.);
#1006=ADVANCED_FACE('',(#1360),#23,.T.);
#1007=ADVANCED_FACE('',(#1361),#24,.T.);
#1008=ADVANCED_FACE('',(#1362),#25,.T.);
#1009=ADVANCED_FACE('',(#1363),#26,.T.);
#1010=ADVANCED_FACE('',(#1364),#5843,.T.);
#1011=ADVANCED_FACE('',(#1365,#121),#5844,.T.);
#1012=ADVANCED_FACE('',(#1366),#27,.T.);
#1013=ADVANCED_FACE('',(#1367),#28,.T.);
#1014=ADVANCED_FACE('',(#1368),#29,.T.);
#1015=ADVANCED_FACE('',(#1369),#30,.T.);
#1016=ADVANCED_FACE('',(#1370),#5845,.T.);
#1017=ADVANCED_FACE('',(#1371),#5972,.T.);
#1018=ADVANCED_FACE('',(#1372),#5846,.T.);
#1019=ADVANCED_FACE('',(#1373,#122,#123),#5847,.T.);
#1020=ADVANCED_FACE('',(#1374),#5848,.T.);
#1021=ADVANCED_FACE('',(#1375),#5849,.T.);
#1022=ADVANCED_FACE('',(#1376),#5850,.T.);
#1023=ADVANCED_FACE('',(#1377),#5851,.T.);
#1024=ADVANCED_FACE('',(#1378),#5852,.T.);
#1025=ADVANCED_FACE('',(#1379),#5853,.T.);
#1026=ADVANCED_FACE('',(#1380),#5854,.T.);
#1027=ADVANCED_FACE('',(#1381),#5855,.T.);
#1028=ADVANCED_FACE('',(#1382),#5856,.T.);
#1029=ADVANCED_FACE('',(#1383),#5857,.T.);
#1030=ADVANCED_FACE('',(#1384),#5858,.T.);
#1031=ADVANCED_FACE('',(#1385),#5859,.T.);
#1032=ADVANCED_FACE('',(#1386),#31,.T.);
#1033=ADVANCED_FACE('',(#1387),#32,.T.);
#1034=ADVANCED_FACE('',(#1388),#33,.T.);
#1035=ADVANCED_FACE('',(#1389),#34,.T.);
#1036=ADVANCED_FACE('',(#1390),#35,.T.);
#1037=ADVANCED_FACE('',(#1391),#36,.T.);
#1038=ADVANCED_FACE('',(#1392),#37,.T.);
#1039=ADVANCED_FACE('',(#1393),#38,.T.);
#1040=ADVANCED_FACE('',(#1394),#5860,.T.);
#1041=ADVANCED_FACE('',(#1395),#39,.T.);
#1042=ADVANCED_FACE('',(#1396),#40,.T.);
#1043=ADVANCED_FACE('',(#1397),#41,.T.);
#1044=ADVANCED_FACE('',(#1398),#42,.T.);
#1045=ADVANCED_FACE('',(#1399),#43,.T.);
#1046=ADVANCED_FACE('',(#1400),#44,.T.);
#1047=ADVANCED_FACE('',(#1401),#45,.T.);
#1048=ADVANCED_FACE('',(#1402),#46,.T.);
#1049=ADVANCED_FACE('',(#1403),#47,.T.);
#1050=ADVANCED_FACE('',(#1404),#48,.T.);
#1051=ADVANCED_FACE('',(#1405),#49,.T.);
#1052=ADVANCED_FACE('',(#1406),#50,.T.);
#1053=ADVANCED_FACE('',(#1407),#5861,.T.);
#1054=ADVANCED_FACE('',(#1408),#5862,.T.);
#1055=ADVANCED_FACE('',(#1409,#124,#125,#126,#127),#5863,.T.);
#1056=ADVANCED_FACE('',(#1410),#5864,.T.);
#1057=ADVANCED_FACE('',(#1411,#128),#5865,.T.);
#1058=ADVANCED_FACE('',(#1412),#5973,.F.);
#1059=ADVANCED_FACE('',(#1413),#856,.T.);
#1060=ADVANCED_FACE('',(#1414),#5974,.F.);
#1061=ADVANCED_FACE('',(#1415),#5975,.F.);
#1062=ADVANCED_FACE('',(#1416),#5976,.T.);
#1063=ADVANCED_FACE('',(#1417),#5977,.F.);
#1064=ADVANCED_FACE('',(#1418),#857,.T.);
#1065=ADVANCED_FACE('',(#1419),#5978,.F.);
#1066=ADVANCED_FACE('',(#1420),#858,.T.);
#1067=ADVANCED_FACE('',(#1421),#5979,.T.);
#1068=ADVANCED_FACE('',(#1422),#5980,.F.);
#1069=ADVANCED_FACE('',(#1423),#859,.T.);
#1070=ADVANCED_FACE('',(#1424),#5981,.F.);
#1071=ADVANCED_FACE('',(#1425),#860,.T.);
#1072=ADVANCED_FACE('',(#1426),#5982,.F.);
#1073=ADVANCED_FACE('',(#1427),#5983,.F.);
#1074=ADVANCED_FACE('',(#1428),#861,.T.);
#1075=ADVANCED_FACE('',(#1429),#862,.T.);
#1076=ADVANCED_FACE('',(#1430),#863,.T.);
#1077=ADVANCED_FACE('',(#1431),#864,.T.);
#1078=ADVANCED_FACE('',(#1432),#5866,.T.);
#1079=ADVANCED_FACE('',(#1433),#5867,.T.);
#1080=ADVANCED_FACE('',(#1434),#5868,.T.);
#1081=ADVANCED_FACE('',(#1435),#5869,.T.);
#1082=ADVANCED_FACE('',(#1436),#5870,.T.);
#1083=ADVANCED_FACE('',(#1437),#5871,.T.);
#1084=ADVANCED_FACE('',(#1438),#5872,.T.);
#1085=ADVANCED_FACE('',(#1439),#5873,.T.);
#1086=ADVANCED_FACE('',(#1440),#5874,.T.);
#1087=ADVANCED_FACE('',(#1441),#5875,.T.);
#1088=ADVANCED_FACE('',(#1442),#5876,.T.);
#1089=ADVANCED_FACE('',(#1443),#5877,.T.);
#1090=ADVANCED_FACE('',(#1444),#5878,.T.);
#1091=ADVANCED_FACE('',(#1445),#5879,.T.);
#1092=ADVANCED_FACE('',(#1446),#5984,.T.);
#1093=ADVANCED_FACE('',(#1447),#51,.T.);
#1094=ADVANCED_FACE('',(#1448),#52,.T.);
#1095=ADVANCED_FACE('',(#1449),#53,.T.);
#1096=ADVANCED_FACE('',(#1450),#54,.T.);
#1097=ADVANCED_FACE('',(#1451),#5985,.T.);
#1098=ADVANCED_FACE('',(#1452),#5986,.T.);
#1099=ADVANCED_FACE('',(#1453),#55,.T.);
#1100=ADVANCED_FACE('',(#1454),#56,.T.);
#1101=ADVANCED_FACE('',(#1455),#57,.T.);
#1102=ADVANCED_FACE('',(#1456),#58,.T.);
#1103=ADVANCED_FACE('',(#1457),#59,.T.);
#1104=ADVANCED_FACE('',(#1458),#60,.T.);
#1105=ADVANCED_FACE('',(#1459),#61,.T.);
#1106=ADVANCED_FACE('',(#1460),#62,.T.);
#1107=ADVANCED_FACE('',(#1461),#5880,.T.);
#1108=ADVANCED_FACE('',(#1462),#5881,.T.);
#1109=ADVANCED_FACE('',(#1463,#129),#5882,.T.);
#1110=ADVANCED_FACE('',(#1464),#5987,.F.);
#1111=ADVANCED_FACE('',(#1465,#130),#5883,.T.);
#1112=ADVANCED_FACE('',(#1466),#865,.T.);
#1113=ADVANCED_FACE('',(#1467),#5988,.F.);
#1114=ADVANCED_FACE('',(#1468,#131),#5884,.T.);
#1115=ADVANCED_FACE('',(#1469),#866,.T.);
#1116=ADVANCED_FACE('',(#1470,#132),#5885,.T.);
#1117=ADVANCED_FACE('',(#1471,#133),#5886,.T.);
#1118=ADVANCED_FACE('',(#1472),#5989,.F.);
#1119=ADVANCED_FACE('',(#1473,#134),#5887,.T.);
#1120=ADVANCED_FACE('',(#1474),#867,.T.);
#1121=ADVANCED_FACE('',(#1475),#5990,.F.);
#1122=ADVANCED_FACE('',(#1476,#135),#5888,.T.);
#1123=ADVANCED_FACE('',(#1477),#868,.T.);
#1124=ADVANCED_FACE('',(#1478,#136),#5889,.T.);
#1125=ADVANCED_FACE('',(#1479),#5991,.T.);
#1126=ADVANCED_FACE('',(#1480),#5992,.T.);
#1127=ADVANCED_FACE('',(#1481),#5890,.T.);
#1128=ADVANCED_FACE('',(#1482,#137,#138,#139,#140,#141,#142,#143,#144),
#5891,.T.);
#1129=ADVANCED_FACE('',(#1483),#5892,.T.);
#1130=ADVANCED_FACE('',(#1484),#5893,.T.);
#1131=ADVANCED_FACE('',(#1485),#5894,.T.);
#1132=ADVANCED_FACE('',(#1486),#5895,.T.);
#1133=ADVANCED_FACE('',(#1487),#5896,.T.);
#1134=ADVANCED_FACE('',(#1488),#5897,.T.);
#1135=ADVANCED_FACE('',(#1489),#5898,.T.);
#1136=ADVANCED_FACE('',(#1490),#5899,.T.);
#1137=ADVANCED_FACE('',(#1491),#5993,.T.);
#1138=ADVANCED_FACE('',(#1492),#5994,.F.);
#1139=ADVANCED_FACE('',(#1493),#5995,.F.);
#1140=ADVANCED_FACE('',(#1494,#145,#146),#5900,.T.);
#1141=ADVANCED_FACE('',(#1495),#5901,.T.);
#1142=ADVANCED_FACE('',(#1496),#5902,.T.);
#1143=ADVANCED_FACE('',(#1497),#5903,.T.);
#1144=ADVANCED_FACE('',(#1498),#5904,.T.);
#1145=ADVANCED_FACE('',(#1499),#5905,.T.);
#1146=ADVANCED_FACE('',(#1500),#5906,.T.);
#1147=ADVANCED_FACE('',(#1501),#5907,.T.);
#1148=ADVANCED_FACE('',(#1502),#5908,.T.);
#1149=ADVANCED_FACE('',(#1503),#5909,.T.);
#1150=ADVANCED_FACE('',(#1504),#5910,.T.);
#1151=ADVANCED_FACE('',(#1505),#5911,.T.);
#1152=ADVANCED_FACE('',(#1506),#5912,.T.);
#1153=ADVANCED_FACE('',(#1507),#5913,.T.);
#1154=ADVANCED_FACE('',(#1508),#5914,.T.);
#1155=ADVANCED_FACE('',(#1509),#5915,.T.);
#1156=ADVANCED_FACE('',(#1510),#5916,.T.);
#1157=ADVANCED_FACE('',(#1511),#5917,.T.);
#1158=ADVANCED_FACE('',(#1512),#5918,.T.);
#1159=ADVANCED_FACE('',(#1513,#147),#5919,.T.);
#1160=ADVANCED_FACE('',(#1514),#5996,.T.);
#1161=ADVANCED_FACE('',(#1515),#5997,.T.);
#1162=ADVANCED_FACE('',(#1516),#63,.T.);
#1163=ADVANCED_FACE('',(#1517),#64,.T.);
#1164=ADVANCED_FACE('',(#1518),#65,.T.);
#1165=ADVANCED_FACE('',(#1519),#66,.T.);
#1166=ADVANCED_FACE('',(#1520),#5920,.T.);
#1167=ADVANCED_FACE('',(#1521),#5921,.T.);
#1168=ADVANCED_FACE('',(#1522),#869,.T.);
#1169=ADVANCED_FACE('',(#1523),#870,.T.);
#1170=ADVANCED_FACE('',(#1524,#148,#149),#5922,.T.);
#1171=ADVANCED_FACE('',(#1525),#5998,.T.);
#1172=ADVANCED_FACE('',(#1526),#5999,.T.);
#1173=ADVANCED_FACE('',(#1527),#5923,.T.);
#1174=ADVANCED_FACE('',(#1528),#67,.T.);
#1175=ADVANCED_FACE('',(#1529),#68,.T.);
#1176=ADVANCED_FACE('',(#1530),#69,.T.);
#1177=ADVANCED_FACE('',(#1531),#70,.T.);
#1178=ADVANCED_FACE('',(#1532),#71,.T.);
#1179=ADVANCED_FACE('',(#1533),#72,.T.);
#1180=ADVANCED_FACE('',(#1534),#73,.T.);
#1181=ADVANCED_FACE('',(#1535),#74,.T.);
#1182=ADVANCED_FACE('',(#1536),#5924,.T.);
#1183=ADVANCED_FACE('',(#1537),#5925,.T.);
#1184=ADVANCED_FACE('',(#1538,#150),#5926,.T.);
#1185=ADVANCED_FACE('',(#1539),#5927,.T.);
#1186=ADVANCED_FACE('',(#1540),#871,.T.);
#1187=ADVANCED_FACE('',(#1541,#151,#152),#5928,.T.);
#1188=ADVANCED_FACE('',(#1542),#5929,.T.);
#1189=ADVANCED_FACE('',(#1543),#5930,.T.);
#1190=ADVANCED_FACE('',(#1544),#5931,.T.);
#1191=ADVANCED_FACE('',(#1545),#5932,.T.);
#1192=ADVANCED_FACE('',(#1546),#5933,.T.);
#1193=ADVANCED_FACE('',(#1547),#5934,.T.);
#1194=ADVANCED_FACE('',(#1548),#5935,.T.);
#1195=ADVANCED_FACE('',(#1549),#5936,.T.);
#1196=ADVANCED_FACE('',(#1550),#5937,.T.);
#1197=ADVANCED_FACE('',(#1551),#5938,.T.);
#1198=ADVANCED_FACE('',(#1552),#5939,.T.);
#1199=ADVANCED_FACE('',(#1553),#5940,.T.);
#1200=ADVANCED_FACE('',(#1554),#5941,.T.);
#1201=ADVANCED_FACE('',(#1555),#5942,.T.);
#1202=ADVANCED_FACE('',(#1556),#5943,.T.);
#1203=ADVANCED_FACE('',(#1557),#75,.T.);
#1204=ADVANCED_FACE('',(#1558),#76,.T.);
#1205=ADVANCED_FACE('',(#1559),#77,.T.);
#1206=ADVANCED_FACE('',(#1560),#78,.T.);
#1207=ADVANCED_FACE('',(#1561),#79,.T.);
#1208=ADVANCED_FACE('',(#1562),#80,.T.);
#1209=ADVANCED_FACE('',(#1563),#81,.T.);
#1210=ADVANCED_FACE('',(#1564),#82,.T.);
#1211=ADVANCED_FACE('',(#1565),#83,.T.);
#1212=ADVANCED_FACE('',(#1566),#84,.T.);
#1213=ADVANCED_FACE('',(#1567),#85,.T.);
#1214=ADVANCED_FACE('',(#1568),#86,.T.);
#1215=ADVANCED_FACE('',(#1569),#87,.T.);
#1216=ADVANCED_FACE('',(#1570),#88,.T.);
#1217=ADVANCED_FACE('',(#1571),#89,.T.);
#1218=ADVANCED_FACE('',(#1572),#90,.T.);
#1219=ADVANCED_FACE('',(#1573),#91,.T.);
#1220=ADVANCED_FACE('',(#1574),#92,.T.);
#1221=ADVANCED_FACE('',(#1575),#93,.T.);
#1222=ADVANCED_FACE('',(#1576),#94,.T.);
#1223=ADVANCED_FACE('',(#1577),#95,.T.);
#1224=ADVANCED_FACE('',(#1578),#96,.T.);
#1225=ADVANCED_FACE('',(#1579),#97,.T.);
#1226=ADVANCED_FACE('',(#1580),#98,.T.);
#1227=ADVANCED_FACE('',(#1581),#6000,.F.);
#1228=ADVANCED_FACE('',(#1582,#153),#872,.T.);
#1229=ADVANCED_FACE('',(#1583),#6001,.F.);
#1230=ADVANCED_FACE('',(#1584),#873,.T.);
#1231=ADVANCED_FACE('',(#1585),#6002,.F.);
#1232=ADVANCED_FACE('',(#1586),#874,.T.);
#1233=ADVANCED_FACE('',(#1587),#6003,.F.);
#1234=ADVANCED_FACE('',(#1588),#875,.T.);
#1235=ADVANCED_FACE('',(#1589),#6004,.T.);
#1236=ADVANCED_FACE('',(#1590),#6005,.T.);
#1237=ADVANCED_FACE('',(#1591),#6006,.F.);
#1238=ADVANCED_FACE('',(#1592),#6007,.F.);
#1239=FACE_OUTER_BOUND('',#1593,.T.);
#1240=FACE_OUTER_BOUND('',#1594,.T.);
#1241=FACE_OUTER_BOUND('',#1595,.T.);
#1242=FACE_OUTER_BOUND('',#1596,.T.);
#1243=FACE_OUTER_BOUND('',#1597,.T.);
#1244=FACE_OUTER_BOUND('',#1598,.T.);
#1245=FACE_OUTER_BOUND('',#1599,.T.);
#1246=FACE_OUTER_BOUND('',#1601,.T.);
#1247=FACE_OUTER_BOUND('',#1602,.T.);
#1248=FACE_OUTER_BOUND('',#1603,.T.);
#1249=FACE_OUTER_BOUND('',#1604,.T.);
#1250=FACE_OUTER_BOUND('',#1605,.T.);
#1251=FACE_OUTER_BOUND('',#1606,.T.);
#1252=FACE_OUTER_BOUND('',#1607,.T.);
#1253=FACE_OUTER_BOUND('',#1608,.T.);
#1254=FACE_OUTER_BOUND('',#1609,.T.);
#1255=FACE_OUTER_BOUND('',#1610,.T.);
#1256=FACE_OUTER_BOUND('',#1611,.T.);
#1257=FACE_OUTER_BOUND('',#1612,.T.);
#1258=FACE_OUTER_BOUND('',#1613,.T.);
#1259=FACE_OUTER_BOUND('',#1614,.T.);
#1260=FACE_OUTER_BOUND('',#1615,.T.);
#1261=FACE_OUTER_BOUND('',#1617,.T.);
#1262=FACE_OUTER_BOUND('',#1618,.T.);
#1263=FACE_OUTER_BOUND('',#1619,.T.);
#1264=FACE_OUTER_BOUND('',#1620,.T.);
#1265=FACE_OUTER_BOUND('',#1621,.T.);
#1266=FACE_OUTER_BOUND('',#1622,.T.);
#1267=FACE_OUTER_BOUND('',#1623,.T.);
#1268=FACE_OUTER_BOUND('',#1624,.T.);
#1269=FACE_OUTER_BOUND('',#1625,.T.);
#1270=FACE_OUTER_BOUND('',#1626,.T.);
#1271=FACE_OUTER_BOUND('',#1627,.T.);
#1272=FACE_OUTER_BOUND('',#1628,.T.);
#1273=FACE_OUTER_BOUND('',#1629,.T.);
#1274=FACE_OUTER_BOUND('',#1630,.T.);
#1275=FACE_OUTER_BOUND('',#1631,.T.);
#1276=FACE_OUTER_BOUND('',#1632,.T.);
#1277=FACE_OUTER_BOUND('',#1633,.T.);
#1278=FACE_OUTER_BOUND('',#1634,.T.);
#1279=FACE_OUTER_BOUND('',#1635,.T.);
#1280=FACE_OUTER_BOUND('',#1636,.T.);
#1281=FACE_OUTER_BOUND('',#1637,.T.);
#1282=FACE_OUTER_BOUND('',#1638,.T.);
#1283=FACE_OUTER_BOUND('',#1639,.T.);
#1284=FACE_OUTER_BOUND('',#1640,.T.);
#1285=FACE_OUTER_BOUND('',#1641,.T.);
#1286=FACE_OUTER_BOUND('',#1642,.T.);
#1287=FACE_OUTER_BOUND('',#1643,.T.);
#1288=FACE_OUTER_BOUND('',#1645,.T.);
#1289=FACE_OUTER_BOUND('',#1646,.T.);
#1290=FACE_OUTER_BOUND('',#1648,.T.);
#1291=FACE_OUTER_BOUND('',#1649,.T.);
#1292=FACE_OUTER_BOUND('',#1650,.T.);
#1293=FACE_OUTER_BOUND('',#1652,.T.);
#1294=FACE_OUTER_BOUND('',#1653,.T.);
#1295=FACE_OUTER_BOUND('',#1654,.T.);
#1296=FACE_OUTER_BOUND('',#1656,.T.);
#1297=FACE_OUTER_BOUND('',#1657,.T.);
#1298=FACE_OUTER_BOUND('',#1659,.T.);
#1299=FACE_OUTER_BOUND('',#1660,.T.);
#1300=FACE_OUTER_BOUND('',#1661,.T.);
#1301=FACE_OUTER_BOUND('',#1663,.T.);
#1302=FACE_OUTER_BOUND('',#1664,.T.);
#1303=FACE_OUTER_BOUND('',#1666,.T.);
#1304=FACE_OUTER_BOUND('',#1668,.T.);
#1305=FACE_OUTER_BOUND('',#1669,.T.);
#1306=FACE_OUTER_BOUND('',#1674,.T.);
#1307=FACE_OUTER_BOUND('',#1675,.T.);
#1308=FACE_OUTER_BOUND('',#1678,.T.);
#1309=FACE_OUTER_BOUND('',#1679,.T.);
#1310=FACE_OUTER_BOUND('',#1680,.T.);
#1311=FACE_OUTER_BOUND('',#1681,.T.);
#1312=FACE_OUTER_BOUND('',#1682,.T.);
#1313=FACE_OUTER_BOUND('',#1683,.T.);
#1314=FACE_OUTER_BOUND('',#1684,.T.);
#1315=FACE_OUTER_BOUND('',#1685,.T.);
#1316=FACE_OUTER_BOUND('',#1686,.T.);
#1317=FACE_OUTER_BOUND('',#1687,.T.);
#1318=FACE_OUTER_BOUND('',#1692,.T.);
#1319=FACE_OUTER_BOUND('',#1693,.T.);
#1320=FACE_OUTER_BOUND('',#1694,.T.);
#1321=FACE_OUTER_BOUND('',#1695,.T.);
#1322=FACE_OUTER_BOUND('',#1696,.T.);
#1323=FACE_OUTER_BOUND('',#1697,.T.);
#1324=FACE_OUTER_BOUND('',#1698,.T.);
#1325=FACE_OUTER_BOUND('',#1699,.T.);
#1326=FACE_OUTER_BOUND('',#1700,.T.);
#1327=FACE_OUTER_BOUND('',#1701,.T.);
#1328=FACE_OUTER_BOUND('',#1702,.T.);
#1329=FACE_OUTER_BOUND('',#1703,.T.);
#1330=FACE_OUTER_BOUND('',#1704,.T.);
#1331=FACE_OUTER_BOUND('',#1705,.T.);
#1332=FACE_OUTER_BOUND('',#1706,.T.);
#1333=FACE_OUTER_BOUND('',#1707,.T.);
#1334=FACE_OUTER_BOUND('',#1708,.T.);
#1335=FACE_OUTER_BOUND('',#1709,.T.);
#1336=FACE_OUTER_BOUND('',#1710,.T.);
#1337=FACE_OUTER_BOUND('',#1711,.T.);
#1338=FACE_OUTER_BOUND('',#1712,.T.);
#1339=FACE_OUTER_BOUND('',#1713,.T.);
#1340=FACE_OUTER_BOUND('',#1714,.T.);
#1341=FACE_OUTER_BOUND('',#1715,.T.);
#1342=FACE_OUTER_BOUND('',#1716,.T.);
#1343=FACE_OUTER_BOUND('',#1717,.T.);
#1344=FACE_OUTER_BOUND('',#1718,.T.);
#1345=FACE_OUTER_BOUND('',#1719,.T.);
#1346=FACE_OUTER_BOUND('',#1720,.T.);
#1347=FACE_OUTER_BOUND('',#1721,.T.);
#1348=FACE_OUTER_BOUND('',#1722,.T.);
#1349=FACE_OUTER_BOUND('',#1723,.T.);
#1350=FACE_OUTER_BOUND('',#1724,.T.);
#1351=FACE_OUTER_BOUND('',#1725,.T.);
#1352=FACE_OUTER_BOUND('',#1726,.T.);
#1353=FACE_OUTER_BOUND('',#1729,.T.);
#1354=FACE_OUTER_BOUND('',#1730,.T.);
#1355=FACE_OUTER_BOUND('',#1731,.T.);
#1356=FACE_OUTER_BOUND('',#1732,.T.);
#1357=FACE_OUTER_BOUND('',#1733,.T.);
#1358=FACE_OUTER_BOUND('',#1734,.T.);
#1359=FACE_OUTER_BOUND('',#1735,.T.);
#1360=FACE_OUTER_BOUND('',#1736,.T.);
#1361=FACE_OUTER_BOUND('',#1737,.T.);
#1362=FACE_OUTER_BOUND('',#1738,.T.);
#1363=FACE_OUTER_BOUND('',#1739,.T.);
#1364=FACE_OUTER_BOUND('',#1740,.T.);
#1365=FACE_OUTER_BOUND('',#1741,.T.);
#1366=FACE_OUTER_BOUND('',#1743,.T.);
#1367=FACE_OUTER_BOUND('',#1744,.T.);
#1368=FACE_OUTER_BOUND('',#1745,.T.);
#1369=FACE_OUTER_BOUND('',#1746,.T.);
#1370=FACE_OUTER_BOUND('',#1747,.T.);
#1371=FACE_OUTER_BOUND('',#1748,.T.);
#1372=FACE_OUTER_BOUND('',#1749,.T.);
#1373=FACE_OUTER_BOUND('',#1750,.T.);
#1374=FACE_OUTER_BOUND('',#1753,.T.);
#1375=FACE_OUTER_BOUND('',#1754,.T.);
#1376=FACE_OUTER_BOUND('',#1755,.T.);
#1377=FACE_OUTER_BOUND('',#1756,.T.);
#1378=FACE_OUTER_BOUND('',#1757,.T.);
#1379=FACE_OUTER_BOUND('',#1758,.T.);
#1380=FACE_OUTER_BOUND('',#1759,.T.);
#1381=FACE_OUTER_BOUND('',#1760,.T.);
#1382=FACE_OUTER_BOUND('',#1761,.T.);
#1383=FACE_OUTER_BOUND('',#1762,.T.);
#1384=FACE_OUTER_BOUND('',#1763,.T.);
#1385=FACE_OUTER_BOUND('',#1764,.T.);
#1386=FACE_OUTER_BOUND('',#1765,.T.);
#1387=FACE_OUTER_BOUND('',#1766,.T.);
#1388=FACE_OUTER_BOUND('',#1767,.T.);
#1389=FACE_OUTER_BOUND('',#1768,.T.);
#1390=FACE_OUTER_BOUND('',#1769,.T.);
#1391=FACE_OUTER_BOUND('',#1770,.T.);
#1392=FACE_OUTER_BOUND('',#1771,.T.);
#1393=FACE_OUTER_BOUND('',#1772,.T.);
#1394=FACE_OUTER_BOUND('',#1773,.T.);
#1395=FACE_OUTER_BOUND('',#1774,.T.);
#1396=FACE_OUTER_BOUND('',#1775,.T.);
#1397=FACE_OUTER_BOUND('',#1776,.T.);
#1398=FACE_OUTER_BOUND('',#1777,.T.);
#1399=FACE_OUTER_BOUND('',#1778,.T.);
#1400=FACE_OUTER_BOUND('',#1779,.T.);
#1401=FACE_OUTER_BOUND('',#1780,.T.);
#1402=FACE_OUTER_BOUND('',#1781,.T.);
#1403=FACE_OUTER_BOUND('',#1782,.T.);
#1404=FACE_OUTER_BOUND('',#1783,.T.);
#1405=FACE_OUTER_BOUND('',#1784,.T.);
#1406=FACE_OUTER_BOUND('',#1785,.T.);
#1407=FACE_OUTER_BOUND('',#1786,.T.);
#1408=FACE_OUTER_BOUND('',#1787,.T.);
#1409=FACE_OUTER_BOUND('',#1788,.T.);
#1410=FACE_OUTER_BOUND('',#1793,.T.);
#1411=FACE_OUTER_BOUND('',#1794,.T.);
#1412=FACE_OUTER_BOUND('',#1796,.T.);
#1413=FACE_OUTER_BOUND('',#1797,.T.);
#1414=FACE_OUTER_BOUND('',#1798,.T.);
#1415=FACE_OUTER_BOUND('',#1799,.T.);
#1416=FACE_OUTER_BOUND('',#1800,.T.);
#1417=FACE_OUTER_BOUND('',#1801,.T.);
#1418=FACE_OUTER_BOUND('',#1802,.T.);
#1419=FACE_OUTER_BOUND('',#1803,.T.);
#1420=FACE_OUTER_BOUND('',#1804,.T.);
#1421=FACE_OUTER_BOUND('',#1805,.T.);
#1422=FACE_OUTER_BOUND('',#1806,.T.);
#1423=FACE_OUTER_BOUND('',#1807,.T.);
#1424=FACE_OUTER_BOUND('',#1808,.T.);
#1425=FACE_OUTER_BOUND('',#1809,.T.);
#1426=FACE_OUTER_BOUND('',#1810,.T.);
#1427=FACE_OUTER_BOUND('',#1811,.T.);
#1428=FACE_OUTER_BOUND('',#1812,.T.);
#1429=FACE_OUTER_BOUND('',#1813,.T.);
#1430=FACE_OUTER_BOUND('',#1814,.T.);
#1431=FACE_OUTER_BOUND('',#1815,.T.);
#1432=FACE_OUTER_BOUND('',#1816,.T.);
#1433=FACE_OUTER_BOUND('',#1817,.T.);
#1434=FACE_OUTER_BOUND('',#1818,.T.);
#1435=FACE_OUTER_BOUND('',#1819,.T.);
#1436=FACE_OUTER_BOUND('',#1820,.T.);
#1437=FACE_OUTER_BOUND('',#1821,.T.);
#1438=FACE_OUTER_BOUND('',#1822,.T.);
#1439=FACE_OUTER_BOUND('',#1823,.T.);
#1440=FACE_OUTER_BOUND('',#1824,.T.);
#1441=FACE_OUTER_BOUND('',#1825,.T.);
#1442=FACE_OUTER_BOUND('',#1826,.T.);
#1443=FACE_OUTER_BOUND('',#1827,.T.);
#1444=FACE_OUTER_BOUND('',#1828,.T.);
#1445=FACE_OUTER_BOUND('',#1829,.T.);
#1446=FACE_OUTER_BOUND('',#1830,.T.);
#1447=FACE_OUTER_BOUND('',#1831,.T.);
#1448=FACE_OUTER_BOUND('',#1832,.T.);
#1449=FACE_OUTER_BOUND('',#1833,.T.);
#1450=FACE_OUTER_BOUND('',#1834,.T.);
#1451=FACE_OUTER_BOUND('',#1835,.T.);
#1452=FACE_OUTER_BOUND('',#1836,.T.);
#1453=FACE_OUTER_BOUND('',#1837,.T.);
#1454=FACE_OUTER_BOUND('',#1838,.T.);
#1455=FACE_OUTER_BOUND('',#1839,.T.);
#1456=FACE_OUTER_BOUND('',#1840,.T.);
#1457=FACE_OUTER_BOUND('',#1841,.T.);
#1458=FACE_OUTER_BOUND('',#1842,.T.);
#1459=FACE_OUTER_BOUND('',#1843,.T.);
#1460=FACE_OUTER_BOUND('',#1844,.T.);
#1461=FACE_OUTER_BOUND('',#1845,.T.);
#1462=FACE_OUTER_BOUND('',#1846,.T.);
#1463=FACE_OUTER_BOUND('',#1847,.T.);
#1464=FACE_OUTER_BOUND('',#1849,.T.);
#1465=FACE_OUTER_BOUND('',#1850,.T.);
#1466=FACE_OUTER_BOUND('',#1852,.T.);
#1467=FACE_OUTER_BOUND('',#1853,.T.);
#1468=FACE_OUTER_BOUND('',#1854,.T.);
#1469=FACE_OUTER_BOUND('',#1856,.T.);
#1470=FACE_OUTER_BOUND('',#1857,.T.);
#1471=FACE_OUTER_BOUND('',#1859,.T.);
#1472=FACE_OUTER_BOUND('',#1861,.T.);
#1473=FACE_OUTER_BOUND('',#1862,.T.);
#1474=FACE_OUTER_BOUND('',#1864,.T.);
#1475=FACE_OUTER_BOUND('',#1865,.T.);
#1476=FACE_OUTER_BOUND('',#1866,.T.);
#1477=FACE_OUTER_BOUND('',#1868,.T.);
#1478=FACE_OUTER_BOUND('',#1869,.T.);
#1479=FACE_OUTER_BOUND('',#1871,.T.);
#1480=FACE_OUTER_BOUND('',#1872,.T.);
#1481=FACE_OUTER_BOUND('',#1873,.T.);
#1482=FACE_OUTER_BOUND('',#1874,.T.);
#1483=FACE_OUTER_BOUND('',#1883,.T.);
#1484=FACE_OUTER_BOUND('',#1884,.T.);
#1485=FACE_OUTER_BOUND('',#1885,.T.);
#1486=FACE_OUTER_BOUND('',#1886,.T.);
#1487=FACE_OUTER_BOUND('',#1887,.T.);
#1488=FACE_OUTER_BOUND('',#1888,.T.);
#1489=FACE_OUTER_BOUND('',#1889,.T.);
#1490=FACE_OUTER_BOUND('',#1890,.T.);
#1491=FACE_OUTER_BOUND('',#1891,.T.);
#1492=FACE_OUTER_BOUND('',#1892,.T.);
#1493=FACE_OUTER_BOUND('',#1893,.T.);
#1494=FACE_OUTER_BOUND('',#1894,.T.);
#1495=FACE_OUTER_BOUND('',#1897,.T.);
#1496=FACE_OUTER_BOUND('',#1898,.T.);
#1497=FACE_OUTER_BOUND('',#1899,.T.);
#1498=FACE_OUTER_BOUND('',#1900,.T.);
#1499=FACE_OUTER_BOUND('',#1901,.T.);
#1500=FACE_OUTER_BOUND('',#1902,.T.);
#1501=FACE_OUTER_BOUND('',#1903,.T.);
#1502=FACE_OUTER_BOUND('',#1904,.T.);
#1503=FACE_OUTER_BOUND('',#1905,.T.);
#1504=FACE_OUTER_BOUND('',#1906,.T.);
#1505=FACE_OUTER_BOUND('',#1907,.T.);
#1506=FACE_OUTER_BOUND('',#1908,.T.);
#1507=FACE_OUTER_BOUND('',#1909,.T.);
#1508=FACE_OUTER_BOUND('',#1910,.T.);
#1509=FACE_OUTER_BOUND('',#1911,.T.);
#1510=FACE_OUTER_BOUND('',#1912,.T.);
#1511=FACE_OUTER_BOUND('',#1913,.T.);
#1512=FACE_OUTER_BOUND('',#1914,.T.);
#1513=FACE_OUTER_BOUND('',#1915,.T.);
#1514=FACE_OUTER_BOUND('',#1917,.T.);
#1515=FACE_OUTER_BOUND('',#1918,.T.);
#1516=FACE_OUTER_BOUND('',#1919,.T.);
#1517=FACE_OUTER_BOUND('',#1920,.T.);
#1518=FACE_OUTER_BOUND('',#1921,.T.);
#1519=FACE_OUTER_BOUND('',#1922,.T.);
#1520=FACE_OUTER_BOUND('',#1923,.T.);
#1521=FACE_OUTER_BOUND('',#1924,.T.);
#1522=FACE_OUTER_BOUND('',#1925,.T.);
#1523=FACE_OUTER_BOUND('',#1926,.T.);
#1524=FACE_OUTER_BOUND('',#1927,.T.);
#1525=FACE_OUTER_BOUND('',#1930,.T.);
#1526=FACE_OUTER_BOUND('',#1931,.T.);
#1527=FACE_OUTER_BOUND('',#1932,.T.);
#1528=FACE_OUTER_BOUND('',#1933,.T.);
#1529=FACE_OUTER_BOUND('',#1934,.T.);
#1530=FACE_OUTER_BOUND('',#1935,.T.);
#1531=FACE_OUTER_BOUND('',#1936,.T.);
#1532=FACE_OUTER_BOUND('',#1937,.T.);
#1533=FACE_OUTER_BOUND('',#1938,.T.);
#1534=FACE_OUTER_BOUND('',#1939,.T.);
#1535=FACE_OUTER_BOUND('',#1940,.T.);
#1536=FACE_OUTER_BOUND('',#1941,.T.);
#1537=FACE_OUTER_BOUND('',#1942,.T.);
#1538=FACE_OUTER_BOUND('',#1943,.T.);
#1539=FACE_OUTER_BOUND('',#1945,.T.);
#1540=FACE_OUTER_BOUND('',#1946,.T.);
#1541=FACE_OUTER_BOUND('',#1947,.T.);
#1542=FACE_OUTER_BOUND('',#1950,.T.);
#1543=FACE_OUTER_BOUND('',#1951,.T.);
#1544=FACE_OUTER_BOUND('',#1952,.T.);
#1545=FACE_OUTER_BOUND('',#1953,.T.);
#1546=FACE_OUTER_BOUND('',#1954,.T.);
#1547=FACE_OUTER_BOUND('',#1955,.T.);
#1548=FACE_OUTER_BOUND('',#1956,.T.);
#1549=FACE_OUTER_BOUND('',#1957,.T.);
#1550=FACE_OUTER_BOUND('',#1958,.T.);
#1551=FACE_OUTER_BOUND('',#1959,.T.);
#1552=FACE_OUTER_BOUND('',#1960,.T.);
#1553=FACE_OUTER_BOUND('',#1961,.T.);
#1554=FACE_OUTER_BOUND('',#1962,.T.);
#1555=FACE_OUTER_BOUND('',#1963,.T.);
#1556=FACE_OUTER_BOUND('',#1964,.T.);
#1557=FACE_OUTER_BOUND('',#1965,.T.);
#1558=FACE_OUTER_BOUND('',#1966,.T.);
#1559=FACE_OUTER_BOUND('',#1967,.T.);
#1560=FACE_OUTER_BOUND('',#1968,.T.);
#1561=FACE_OUTER_BOUND('',#1969,.T.);
#1562=FACE_OUTER_BOUND('',#1970,.T.);
#1563=FACE_OUTER_BOUND('',#1971,.T.);
#1564=FACE_OUTER_BOUND('',#1972,.T.);
#1565=FACE_OUTER_BOUND('',#1973,.T.);
#1566=FACE_OUTER_BOUND('',#1974,.T.);
#1567=FACE_OUTER_BOUND('',#1975,.T.);
#1568=FACE_OUTER_BOUND('',#1976,.T.);
#1569=FACE_OUTER_BOUND('',#1977,.T.);
#1570=FACE_OUTER_BOUND('',#1978,.T.);
#1571=FACE_OUTER_BOUND('',#1979,.T.);
#1572=FACE_OUTER_BOUND('',#1980,.T.);
#1573=FACE_OUTER_BOUND('',#1981,.T.);
#1574=FACE_OUTER_BOUND('',#1982,.T.);
#1575=FACE_OUTER_BOUND('',#1983,.T.);
#1576=FACE_OUTER_BOUND('',#1984,.T.);
#1577=FACE_OUTER_BOUND('',#1985,.T.);
#1578=FACE_OUTER_BOUND('',#1986,.T.);
#1579=FACE_OUTER_BOUND('',#1987,.T.);
#1580=FACE_OUTER_BOUND('',#1988,.T.);
#1581=FACE_OUTER_BOUND('',#1989,.T.);
#1582=FACE_OUTER_BOUND('',#1990,.T.);
#1583=FACE_OUTER_BOUND('',#1992,.T.);
#1584=FACE_OUTER_BOUND('',#1993,.T.);
#1585=FACE_OUTER_BOUND('',#1994,.T.);
#1586=FACE_OUTER_BOUND('',#1995,.T.);
#1587=FACE_OUTER_BOUND('',#1996,.T.);
#1588=FACE_OUTER_BOUND('',#1997,.T.);
#1589=FACE_OUTER_BOUND('',#1998,.T.);
#1590=FACE_OUTER_BOUND('',#1999,.T.);
#1591=FACE_OUTER_BOUND('',#2000,.T.);
#1592=FACE_OUTER_BOUND('',#2001,.T.);
#1593=EDGE_LOOP('',(#2002,#2003,#2004,#2005));
#1594=EDGE_LOOP('',(#2006,#2007));
#1595=EDGE_LOOP('',(#2008,#2009));
#1596=EDGE_LOOP('',(#2010,#2011,#2012,#2013));
#1597=EDGE_LOOP('',(#2014,#2015));
#1598=EDGE_LOOP('',(#2016,#2017,#2018,#2019));
#1599=EDGE_LOOP('',(#2020,#2021));
#1600=EDGE_LOOP('',(#2022,#2023));
#1601=EDGE_LOOP('',(#2024,#2025,#2026,#2027));
#1602=EDGE_LOOP('',(#2028,#2029,#2030,#2031));
#1603=EDGE_LOOP('',(#2032,#2033,#2034,#2035,#2036,#2037,#2038,#2039));
#1604=EDGE_LOOP('',(#2040,#2041,#2042,#2043));
#1605=EDGE_LOOP('',(#2044,#2045,#2046,#2047));
#1606=EDGE_LOOP('',(#2048,#2049,#2050,#2051));
#1607=EDGE_LOOP('',(#2052,#2053,#2054,#2055));
#1608=EDGE_LOOP('',(#2056,#2057,#2058,#2059,#2060));
#1609=EDGE_LOOP('',(#2061,#2062,#2063,#2064));
#1610=EDGE_LOOP('',(#2065,#2066));
#1611=EDGE_LOOP('',(#2067,#2068,#2069,#2070));
#1612=EDGE_LOOP('',(#2071,#2072,#2073,#2074));
#1613=EDGE_LOOP('',(#2075,#2076,#2077,#2078));
#1614=EDGE_LOOP('',(#2079,#2080,#2081,#2082,#2083));
#1615=EDGE_LOOP('',(#2084,#2085,#2086,#2087,#2088,#2089,#2090,#2091));
#1616=EDGE_LOOP('',(#2092,#2093));
#1617=EDGE_LOOP('',(#2094,#2095,#2096,#2097));
#1618=EDGE_LOOP('',(#2098,#2099,#2100,#2101));
#1619=EDGE_LOOP('',(#2102,#2103,#2104,#2105));
#1620=EDGE_LOOP('',(#2106,#2107,#2108,#2109,#2110,#2111,#2112,#2113));
#1621=EDGE_LOOP('',(#2114,#2115,#2116,#2117));
#1622=EDGE_LOOP('',(#2118,#2119,#2120,#2121));
#1623=EDGE_LOOP('',(#2122,#2123,#2124,#2125));
#1624=EDGE_LOOP('',(#2126,#2127,#2128,#2129));
#1625=EDGE_LOOP('',(#2130,#2131,#2132,#2133));
#1626=EDGE_LOOP('',(#2134,#2135,#2136,#2137));
#1627=EDGE_LOOP('',(#2138,#2139,#2140,#2141,#2142,#2143,#2144));
#1628=EDGE_LOOP('',(#2145,#2146,#2147,#2148));
#1629=EDGE_LOOP('',(#2149,#2150,#2151,#2152));
#1630=EDGE_LOOP('',(#2153,#2154,#2155,#2156));
#1631=EDGE_LOOP('',(#2157,#2158,#2159,#2160));
#1632=EDGE_LOOP('',(#2161,#2162,#2163,#2164));
#1633=EDGE_LOOP('',(#2165,#2166,#2167,#2168));
#1634=EDGE_LOOP('',(#2169,#2170,#2171,#2172));
#1635=EDGE_LOOP('',(#2173,#2174,#2175,#2176));
#1636=EDGE_LOOP('',(#2177,#2178,#2179,#2180));
#1637=EDGE_LOOP('',(#2181,#2182,#2183,#2184));
#1638=EDGE_LOOP('',(#2185,#2186,#2187,#2188));
#1639=EDGE_LOOP('',(#2189,#2190,#2191,#2192));
#1640=EDGE_LOOP('',(#2193,#2194,#2195,#2196));
#1641=EDGE_LOOP('',(#2197,#2198,#2199,#2200));
#1642=EDGE_LOOP('',(#2201,#2202,#2203,#2204));
#1643=EDGE_LOOP('',(#2205,#2206));
#1644=EDGE_LOOP('',(#2207,#2208));
#1645=EDGE_LOOP('',(#2209,#2210,#2211,#2212));
#1646=EDGE_LOOP('',(#2213,#2214));
#1647=EDGE_LOOP('',(#2215,#2216));
#1648=EDGE_LOOP('',(#2217,#2218,#2219,#2220));
#1649=EDGE_LOOP('',(#2221,#2222,#2223,#2224));
#1650=EDGE_LOOP('',(#2225,#2226));
#1651=EDGE_LOOP('',(#2227,#2228));
#1652=EDGE_LOOP('',(#2229,#2230,#2231,#2232));
#1653=EDGE_LOOP('',(#2233,#2234,#2235,#2236));
#1654=EDGE_LOOP('',(#2237,#2238));
#1655=EDGE_LOOP('',(#2239,#2240));
#1656=EDGE_LOOP('',(#2241,#2242,#2243,#2244));
#1657=EDGE_LOOP('',(#2245,#2246));
#1658=EDGE_LOOP('',(#2247,#2248));
#1659=EDGE_LOOP('',(#2249,#2250,#2251,#2252));
#1660=EDGE_LOOP('',(#2253,#2254,#2255,#2256));
#1661=EDGE_LOOP('',(#2257,#2258));
#1662=EDGE_LOOP('',(#2259,#2260));
#1663=EDGE_LOOP('',(#2261,#2262,#2263,#2264));
#1664=EDGE_LOOP('',(#2265,#2266));
#1665=EDGE_LOOP('',(#2267,#2268));
#1666=EDGE_LOOP('',(#2269,#2270));
#1667=EDGE_LOOP('',(#2271,#2272));
#1668=EDGE_LOOP('',(#2273,#2274,#2275,#2276));
#1669=EDGE_LOOP('',(#2277,#2278,#2279,#2280));
#1670=EDGE_LOOP('',(#2281,#2282));
#1671=EDGE_LOOP('',(#2283,#2284));
#1672=EDGE_LOOP('',(#2285,#2286));
#1673=EDGE_LOOP('',(#2287,#2288,#2289,#2290,#2291,#2292,#2293,#2294));
#1674=EDGE_LOOP('',(#2295,#2296,#2297,#2298,#2299,#2300,#2301,#2302,#2303,
#2304,#2305,#2306));
#1675=EDGE_LOOP('',(#2307,#2308,#2309,#2310));
#1676=EDGE_LOOP('',(#2311,#2312,#2313,#2314,#2315,#2316,#2317,#2318));
#1677=EDGE_LOOP('',(#2319,#2320,#2321,#2322,#2323,#2324,#2325,#2326,#2327,
#2328));
#1678=EDGE_LOOP('',(#2329,#2330,#2331,#2332));
#1679=EDGE_LOOP('',(#2333,#2334,#2335,#2336));
#1680=EDGE_LOOP('',(#2337,#2338,#2339,#2340));
#1681=EDGE_LOOP('',(#2341,#2342,#2343,#2344));
#1682=EDGE_LOOP('',(#2345,#2346,#2347,#2348));
#1683=EDGE_LOOP('',(#2349,#2350,#2351,#2352));
#1684=EDGE_LOOP('',(#2353,#2354,#2355,#2356));
#1685=EDGE_LOOP('',(#2357,#2358,#2359,#2360));
#1686=EDGE_LOOP('',(#2361,#2362,#2363,#2364,#2365,#2366,#2367,#2368));
#1687=EDGE_LOOP('',(#2369,#2370,#2371,#2372,#2373,#2374,#2375,#2376,#2377,
#2378,#2379,#2380,#2381,#2382,#2383,#2384));
#1688=EDGE_LOOP('',(#2385,#2386));
#1689=EDGE_LOOP('',(#2387,#2388,#2389,#2390,#2391));
#1690=EDGE_LOOP('',(#2392,#2393,#2394,#2395,#2396));
#1691=EDGE_LOOP('',(#2397,#2398,#2399,#2400));
#1692=EDGE_LOOP('',(#2401,#2402,#2403,#2404));
#1693=EDGE_LOOP('',(#2405,#2406,#2407,#2408,#2409,#2410,#2411));
#1694=EDGE_LOOP('',(#2412,#2413,#2414,#2415));
#1695=EDGE_LOOP('',(#2416,#2417,#2418,#2419));
#1696=EDGE_LOOP('',(#2420,#2421,#2422,#2423));
#1697=EDGE_LOOP('',(#2424,#2425,#2426,#2427));
#1698=EDGE_LOOP('',(#2428,#2429,#2430,#2431));
#1699=EDGE_LOOP('',(#2432,#2433,#2434,#2435,#2436));
#1700=EDGE_LOOP('',(#2437,#2438,#2439,#2440));
#1701=EDGE_LOOP('',(#2441,#2442,#2443,#2444));
#1702=EDGE_LOOP('',(#2445,#2446,#2447,#2448));
#1703=EDGE_LOOP('',(#2449,#2450,#2451,#2452));
#1704=EDGE_LOOP('',(#2453,#2454,#2455,#2456,#2457,#2458,#2459,#2460,#2461,
#2462));
#1705=EDGE_LOOP('',(#2463,#2464,#2465,#2466));
#1706=EDGE_LOOP('',(#2467,#2468,#2469,#2470,#2471,#2472,#2473));
#1707=EDGE_LOOP('',(#2474,#2475,#2476,#2477));
#1708=EDGE_LOOP('',(#2478,#2479,#2480,#2481,#2482));
#1709=EDGE_LOOP('',(#2483,#2484,#2485,#2486));
#1710=EDGE_LOOP('',(#2487,#2488,#2489,#2490,#2491,#2492));
#1711=EDGE_LOOP('',(#2493,#2494,#2495,#2496));
#1712=EDGE_LOOP('',(#2497,#2498,#2499,#2500));
#1713=EDGE_LOOP('',(#2501,#2502,#2503,#2504));
#1714=EDGE_LOOP('',(#2505,#2506,#2507,#2508));
#1715=EDGE_LOOP('',(#2509,#2510,#2511,#2512));
#1716=EDGE_LOOP('',(#2513,#2514,#2515,#2516));
#1717=EDGE_LOOP('',(#2517,#2518,#2519,#2520));
#1718=EDGE_LOOP('',(#2521,#2522,#2523,#2524));
#1719=EDGE_LOOP('',(#2525,#2526,#2527,#2528));
#1720=EDGE_LOOP('',(#2529,#2530,#2531,#2532,#2533,#2534));
#1721=EDGE_LOOP('',(#2535,#2536,#2537,#2538,#2539,#2540,#2541,#2542,#2543,
#2544,#2545,#2546));
#1722=EDGE_LOOP('',(#2547,#2548,#2549,#2550));
#1723=EDGE_LOOP('',(#2551,#2552,#2553,#2554,#2555,#2556,#2557,#2558));
#1724=EDGE_LOOP('',(#2559,#2560,#2561,#2562));
#1725=EDGE_LOOP('',(#2563,#2564,#2565,#2566));
#1726=EDGE_LOOP('',(#2567,#2568,#2569,#2570,#2571,#2572,#2573,#2574));
#1727=EDGE_LOOP('',(#2575,#2576,#2577,#2578));
#1728=EDGE_LOOP('',(#2579,#2580,#2581,#2582));
#1729=EDGE_LOOP('',(#2583,#2584,#2585,#2586));
#1730=EDGE_LOOP('',(#2587,#2588,#2589,#2590));
#1731=EDGE_LOOP('',(#2591,#2592,#2593,#2594));
#1732=EDGE_LOOP('',(#2595,#2596,#2597,#2598));
#1733=EDGE_LOOP('',(#2599,#2600,#2601,#2602));
#1734=EDGE_LOOP('',(#2603,#2604,#2605,#2606));
#1735=EDGE_LOOP('',(#2607,#2608,#2609,#2610));
#1736=EDGE_LOOP('',(#2611,#2612,#2613,#2614));
#1737=EDGE_LOOP('',(#2615,#2616,#2617,#2618));
#1738=EDGE_LOOP('',(#2619,#2620,#2621,#2622));
#1739=EDGE_LOOP('',(#2623,#2624,#2625,#2626));
#1740=EDGE_LOOP('',(#2627,#2628,#2629,#2630));
#1741=EDGE_LOOP('',(#2631,#2632,#2633,#2634,#2635,#2636));
#1742=EDGE_LOOP('',(#2637,#2638,#2639,#2640));
#1743=EDGE_LOOP('',(#2641,#2642,#2643,#2644));
#1744=EDGE_LOOP('',(#2645,#2646,#2647,#2648));
#1745=EDGE_LOOP('',(#2649,#2650,#2651,#2652));
#1746=EDGE_LOOP('',(#2653,#2654,#2655,#2656));
#1747=EDGE_LOOP('',(#2657,#2658,#2659,#2660));
#1748=EDGE_LOOP('',(#2661,#2662,#2663,#2664));
#1749=EDGE_LOOP('',(#2665,#2666,#2667,#2668,#2669,#2670,#2671,#2672,#2673,
#2674));
#1750=EDGE_LOOP('',(#2675,#2676,#2677,#2678,#2679,#2680,#2681));
#1751=EDGE_LOOP('',(#2682,#2683,#2684,#2685));
#1752=EDGE_LOOP('',(#2686,#2687,#2688,#2689));
#1753=EDGE_LOOP('',(#2690,#2691,#2692,#2693,#2694,#2695,#2696,#2697,#2698,
#2699,#2700,#2701,#2702,#2703));
#1754=EDGE_LOOP('',(#2704,#2705,#2706,#2707,#2708,#2709,#2710,#2711,#2712,
#2713,#2714,#2715,#2716,#2717,#2718,#2719,#2720));
#1755=EDGE_LOOP('',(#2721,#2722,#2723,#2724,#2725,#2726));
#1756=EDGE_LOOP('',(#2727,#2728,#2729,#2730));
#1757=EDGE_LOOP('',(#2731,#2732,#2733,#2734));
#1758=EDGE_LOOP('',(#2735,#2736,#2737,#2738,#2739,#2740));
#1759=EDGE_LOOP('',(#2741,#2742,#2743,#2744));
#1760=EDGE_LOOP('',(#2745,#2746,#2747,#2748));
#1761=EDGE_LOOP('',(#2749,#2750,#2751,#2752));
#1762=EDGE_LOOP('',(#2753,#2754,#2755,#2756));
#1763=EDGE_LOOP('',(#2757,#2758,#2759,#2760));
#1764=EDGE_LOOP('',(#2761,#2762,#2763,#2764));
#1765=EDGE_LOOP('',(#2765,#2766,#2767,#2768));
#1766=EDGE_LOOP('',(#2769,#2770,#2771,#2772));
#1767=EDGE_LOOP('',(#2773,#2774,#2775,#2776));
#1768=EDGE_LOOP('',(#2777,#2778,#2779,#2780));
#1769=EDGE_LOOP('',(#2781,#2782,#2783,#2784));
#1770=EDGE_LOOP('',(#2785,#2786,#2787,#2788));
#1771=EDGE_LOOP('',(#2789,#2790,#2791,#2792));
#1772=EDGE_LOOP('',(#2793,#2794,#2795,#2796));
#1773=EDGE_LOOP('',(#2797,#2798,#2799));
#1774=EDGE_LOOP('',(#2800,#2801,#2802,#2803));
#1775=EDGE_LOOP('',(#2804,#2805,#2806,#2807));
#1776=EDGE_LOOP('',(#2808,#2809,#2810,#2811));
#1777=EDGE_LOOP('',(#2812,#2813,#2814,#2815));
#1778=EDGE_LOOP('',(#2816,#2817,#2818,#2819));
#1779=EDGE_LOOP('',(#2820,#2821,#2822,#2823));
#1780=EDGE_LOOP('',(#2824,#2825,#2826,#2827));
#1781=EDGE_LOOP('',(#2828,#2829,#2830,#2831));
#1782=EDGE_LOOP('',(#2832,#2833,#2834,#2835));
#1783=EDGE_LOOP('',(#2836,#2837,#2838,#2839));
#1784=EDGE_LOOP('',(#2840,#2841,#2842,#2843));
#1785=EDGE_LOOP('',(#2844,#2845,#2846,#2847));
#1786=EDGE_LOOP('',(#2848,#2849,#2850));
#1787=EDGE_LOOP('',(#2851,#2852,#2853,#2854,#2855));
#1788=EDGE_LOOP('',(#2856,#2857,#2858,#2859,#2860,#2861,#2862,#2863,#2864,
#2865,#2866,#2867,#2868,#2869,#2870,#2871,#2872,#2873));
#1789=EDGE_LOOP('',(#2874,#2875));
#1790=EDGE_LOOP('',(#2876,#2877,#2878,#2879));
#1791=EDGE_LOOP('',(#2880,#2881,#2882,#2883));
#1792=EDGE_LOOP('',(#2884,#2885));
#1793=EDGE_LOOP('',(#2886,#2887,#2888,#2889,#2890,#2891));
#1794=EDGE_LOOP('',(#2892,#2893,#2894,#2895,#2896,#2897));
#1795=EDGE_LOOP('',(#2898,#2899));
#1796=EDGE_LOOP('',(#2900,#2901,#2902,#2903));
#1797=EDGE_LOOP('',(#2904,#2905,#2906,#2907));
#1798=EDGE_LOOP('',(#2908,#2909,#2910,#2911));
#1799=EDGE_LOOP('',(#2912,#2913,#2914,#2915));
#1800=EDGE_LOOP('',(#2916,#2917,#2918,#2919));
#1801=EDGE_LOOP('',(#2920,#2921,#2922,#2923));
#1802=EDGE_LOOP('',(#2924,#2925,#2926,#2927));
#1803=EDGE_LOOP('',(#2928,#2929,#2930,#2931));
#1804=EDGE_LOOP('',(#2932,#2933,#2934,#2935));
#1805=EDGE_LOOP('',(#2936,#2937,#2938,#2939));
#1806=EDGE_LOOP('',(#2940,#2941,#2942,#2943));
#1807=EDGE_LOOP('',(#2944,#2945,#2946,#2947));
#1808=EDGE_LOOP('',(#2948,#2949,#2950,#2951));
#1809=EDGE_LOOP('',(#2952,#2953,#2954,#2955));
#1810=EDGE_LOOP('',(#2956,#2957,#2958,#2959,#2960,#2961,#2962,#2963));
#1811=EDGE_LOOP('',(#2964,#2965,#2966,#2967));
#1812=EDGE_LOOP('',(#2968,#2969,#2970,#2971));
#1813=EDGE_LOOP('',(#2972,#2973,#2974,#2975,#2976));
#1814=EDGE_LOOP('',(#2977,#2978,#2979,#2980));
#1815=EDGE_LOOP('',(#2981,#2982,#2983,#2984));
#1816=EDGE_LOOP('',(#2985,#2986,#2987,#2988));
#1817=EDGE_LOOP('',(#2989,#2990,#2991,#2992));
#1818=EDGE_LOOP('',(#2993,#2994,#2995,#2996));
#1819=EDGE_LOOP('',(#2997,#2998,#2999,#3000));
#1820=EDGE_LOOP('',(#3001,#3002,#3003,#3004));
#1821=EDGE_LOOP('',(#3005,#3006,#3007,#3008));
#1822=EDGE_LOOP('',(#3009,#3010,#3011,#3012));
#1823=EDGE_LOOP('',(#3013,#3014,#3015,#3016));
#1824=EDGE_LOOP('',(#3017,#3018,#3019,#3020));
#1825=EDGE_LOOP('',(#3021,#3022,#3023,#3024));
#1826=EDGE_LOOP('',(#3025,#3026,#3027,#3028));
#1827=EDGE_LOOP('',(#3029,#3030,#3031,#3032));
#1828=EDGE_LOOP('',(#3033,#3034,#3035,#3036));
#1829=EDGE_LOOP('',(#3037,#3038,#3039,#3040));
#1830=EDGE_LOOP('',(#3041,#3042,#3043,#3044));
#1831=EDGE_LOOP('',(#3045,#3046,#3047,#3048));
#1832=EDGE_LOOP('',(#3049,#3050,#3051,#3052));
#1833=EDGE_LOOP('',(#3053,#3054,#3055,#3056));
#1834=EDGE_LOOP('',(#3057,#3058,#3059,#3060));
#1835=EDGE_LOOP('',(#3061,#3062,#3063,#3064));
#1836=EDGE_LOOP('',(#3065,#3066,#3067,#3068));
#1837=EDGE_LOOP('',(#3069,#3070,#3071,#3072));
#1838=EDGE_LOOP('',(#3073,#3074,#3075,#3076));
#1839=EDGE_LOOP('',(#3077,#3078,#3079,#3080));
#1840=EDGE_LOOP('',(#3081,#3082,#3083,#3084));
#1841=EDGE_LOOP('',(#3085,#3086,#3087,#3088));
#1842=EDGE_LOOP('',(#3089,#3090,#3091,#3092));
#1843=EDGE_LOOP('',(#3093,#3094,#3095,#3096));
#1844=EDGE_LOOP('',(#3097,#3098,#3099,#3100));
#1845=EDGE_LOOP('',(#3101,#3102,#3103,#3104));
#1846=EDGE_LOOP('',(#3105,#3106,#3107,#3108));
#1847=EDGE_LOOP('',(#3109,#3110));
#1848=EDGE_LOOP('',(#3111,#3112));
#1849=EDGE_LOOP('',(#3113,#3114,#3115,#3116));
#1850=EDGE_LOOP('',(#3117,#3118));
#1851=EDGE_LOOP('',(#3119,#3120));
#1852=EDGE_LOOP('',(#3121,#3122,#3123,#3124));
#1853=EDGE_LOOP('',(#3125,#3126,#3127,#3128));
#1854=EDGE_LOOP('',(#3129,#3130));
#1855=EDGE_LOOP('',(#3131,#3132));
#1856=EDGE_LOOP('',(#3133,#3134,#3135,#3136));
#1857=EDGE_LOOP('',(#3137,#3138));
#1858=EDGE_LOOP('',(#3139,#3140));
#1859=EDGE_LOOP('',(#3141,#3142));
#1860=EDGE_LOOP('',(#3143,#3144));
#1861=EDGE_LOOP('',(#3145,#3146,#3147,#3148));
#1862=EDGE_LOOP('',(#3149,#3150));
#1863=EDGE_LOOP('',(#3151,#3152));
#1864=EDGE_LOOP('',(#3153,#3154,#3155,#3156));
#1865=EDGE_LOOP('',(#3157,#3158,#3159,#3160));
#1866=EDGE_LOOP('',(#3161,#3162));
#1867=EDGE_LOOP('',(#3163,#3164));
#1868=EDGE_LOOP('',(#3165,#3166,#3167,#3168));
#1869=EDGE_LOOP('',(#3169,#3170));
#1870=EDGE_LOOP('',(#3171,#3172));
#1871=EDGE_LOOP('',(#3173,#3174,#3175,#3176));
#1872=EDGE_LOOP('',(#3177,#3178,#3179,#3180));
#1873=EDGE_LOOP('',(#3181,#3182,#3183,#3184));
#1874=EDGE_LOOP('',(#3185,#3186,#3187,#3188,#3189,#3190,#3191,#3192,#3193,
#3194,#3195,#3196,#3197,#3198,#3199,#3200,#3201,#3202,#3203,#3204,#3205,
#3206,#3207,#3208,#3209,#3210,#3211,#3212,#3213,#3214,#3215,#3216,#3217,
#3218));
#1875=EDGE_LOOP('',(#3219,#3220));
#1876=EDGE_LOOP('',(#3221,#3222,#3223,#3224,#3225));
#1877=EDGE_LOOP('',(#3226,#3227,#3228,#3229));
#1878=EDGE_LOOP('',(#3230,#3231,#3232,#3233));
#1879=EDGE_LOOP('',(#3234,#3235,#3236,#3237));
#1880=EDGE_LOOP('',(#3238,#3239,#3240,#3241));
#1881=EDGE_LOOP('',(#3242,#3243,#3244,#3245));
#1882=EDGE_LOOP('',(#3246,#3247,#3248,#3249));
#1883=EDGE_LOOP('',(#3250,#3251,#3252,#3253));
#1884=EDGE_LOOP('',(#3254,#3255,#3256));
#1885=EDGE_LOOP('',(#3257,#3258,#3259));
#1886=EDGE_LOOP('',(#3260,#3261,#3262));
#1887=EDGE_LOOP('',(#3263,#3264,#3265,#3266));
#1888=EDGE_LOOP('',(#3267,#3268,#3269,#3270));
#1889=EDGE_LOOP('',(#3271,#3272,#3273,#3274));
#1890=EDGE_LOOP('',(#3275,#3276,#3277,#3278));
#1891=EDGE_LOOP('',(#3279,#3280,#3281,#3282));
#1892=EDGE_LOOP('',(#3283,#3284,#3285,#3286));
#1893=EDGE_LOOP('',(#3287,#3288,#3289,#3290));
#1894=EDGE_LOOP('',(#3291,#3292,#3293,#3294));
#1895=EDGE_LOOP('',(#3295,#3296));
#1896=EDGE_LOOP('',(#3297,#3298));
#1897=EDGE_LOOP('',(#3299,#3300,#3301,#3302,#3303,#3304,#3305,#3306));
#1898=EDGE_LOOP('',(#3307,#3308,#3309,#3310));
#1899=EDGE_LOOP('',(#3311,#3312,#3313,#3314,#3315,#3316,#3317));
#1900=EDGE_LOOP('',(#3318,#3319,#3320,#3321,#3322,#3323,#3324,#3325,#3326,
#3327,#3328,#3329,#3330));
#1901=EDGE_LOOP('',(#3331,#3332,#3333,#3334));
#1902=EDGE_LOOP('',(#3335,#3336,#3337,#3338));
#1903=EDGE_LOOP('',(#3339,#3340,#3341,#3342,#3343,#3344));
#1904=EDGE_LOOP('',(#3345,#3346,#3347,#3348));
#1905=EDGE_LOOP('',(#3349,#3350,#3351,#3352,#3353,#3354,#3355,#3356,#3357));
#1906=EDGE_LOOP('',(#3358,#3359,#3360,#3361,#3362,#3363,#3364,#3365,#3366));
#1907=EDGE_LOOP('',(#3367,#3368,#3369,#3370));
#1908=EDGE_LOOP('',(#3371,#3372,#3373,#3374));
#1909=EDGE_LOOP('',(#3375,#3376,#3377,#3378,#3379,#3380));
#1910=EDGE_LOOP('',(#3381,#3382,#3383));
#1911=EDGE_LOOP('',(#3384,#3385,#3386,#3387));
#1912=EDGE_LOOP('',(#3388,#3389,#3390,#3391));
#1913=EDGE_LOOP('',(#3392,#3393,#3394,#3395,#3396,#3397));
#1914=EDGE_LOOP('',(#3398,#3399,#3400,#3401));
#1915=EDGE_LOOP('',(#3402,#3403,#3404,#3405,#3406,#3407,#3408,#3409,#3410,
#3411,#3412,#3413,#3414));
#1916=EDGE_LOOP('',(#3415,#3416,#3417,#3418));
#1917=EDGE_LOOP('',(#3419,#3420,#3421,#3422,#3423,#3424,#3425));
#1918=EDGE_LOOP('',(#3426,#3427,#3428,#3429));
#1919=EDGE_LOOP('',(#3430,#3431,#3432,#3433));
#1920=EDGE_LOOP('',(#3434,#3435,#3436,#3437));
#1921=EDGE_LOOP('',(#3438,#3439,#3440,#3441));
#1922=EDGE_LOOP('',(#3442,#3443,#3444,#3445));
#1923=EDGE_LOOP('',(#3446,#3447,#3448,#3449));
#1924=EDGE_LOOP('',(#3450,#3451,#3452,#3453));
#1925=EDGE_LOOP('',(#3454,#3455,#3456,#3457,#3458));
#1926=EDGE_LOOP('',(#3459,#3460,#3461,#3462));
#1927=EDGE_LOOP('',(#3463,#3464,#3465,#3466,#3467,#3468,#3469,#3470,#3471,
#3472));
#1928=EDGE_LOOP('',(#3473,#3474,#3475,#3476));
#1929=EDGE_LOOP('',(#3477,#3478,#3479,#3480));
#1930=EDGE_LOOP('',(#3481,#3482,#3483,#3484));
#1931=EDGE_LOOP('',(#3485,#3486,#3487,#3488));
#1932=EDGE_LOOP('',(#3489,#3490,#3491,#3492));
#1933=EDGE_LOOP('',(#3493,#3494,#3495,#3496));
#1934=EDGE_LOOP('',(#3497,#3498,#3499,#3500));
#1935=EDGE_LOOP('',(#3501,#3502,#3503,#3504));
#1936=EDGE_LOOP('',(#3505,#3506,#3507,#3508));
#1937=EDGE_LOOP('',(#3509,#3510,#3511,#3512));
#1938=EDGE_LOOP('',(#3513,#3514,#3515,#3516));
#1939=EDGE_LOOP('',(#3517,#3518,#3519,#3520));
#1940=EDGE_LOOP('',(#3521,#3522,#3523,#3524));
#1941=EDGE_LOOP('',(#3525,#3526,#3527,#3528));
#1942=EDGE_LOOP('',(#3529,#3530,#3531,#3532,#3533,#3534,#3535,#3536,#3537,
#3538,#3539,#3540,#3541,#3542,#3543));
#1943=EDGE_LOOP('',(#3544,#3545,#3546,#3547,#3548,#3549,#3550,#3551,#3552));
#1944=EDGE_LOOP('',(#3553,#3554,#3555,#3556));
#1945=EDGE_LOOP('',(#3557,#3558,#3559,#3560,#3561,#3562,#3563,#3564,#3565,
#3566,#3567,#3568,#3569,#3570,#3571,#3572,#3573,#3574,#3575));
#1946=EDGE_LOOP('',(#3576,#3577,#3578,#3579));
#1947=EDGE_LOOP('',(#3580,#3581,#3582,#3583,#3584,#3585,#3586,#3587));
#1948=EDGE_LOOP('',(#3588,#3589,#3590,#3591));
#1949=EDGE_LOOP('',(#3592,#3593,#3594,#3595));
#1950=EDGE_LOOP('',(#3596,#3597,#3598,#3599));
#1951=EDGE_LOOP('',(#3600,#3601,#3602,#3603,#3604,#3605,#3606,#3607,#3608,
#3609,#3610,#3611,#3612,#3613,#3614,#3615,#3616,#3617,#3618,#3619,#3620,
#3621));
#1952=EDGE_LOOP('',(#3622,#3623,#3624,#3625));
#1953=EDGE_LOOP('',(#3626,#3627,#3628,#3629,#3630,#3631));
#1954=EDGE_LOOP('',(#3632,#3633,#3634,#3635,#3636,#3637,#3638,#3639,#3640,
#3641,#3642,#3643));
#1955=EDGE_LOOP('',(#3644,#3645,#3646,#3647,#3648,#3649));
#1956=EDGE_LOOP('',(#3650,#3651,#3652,#3653,#3654,#3655,#3656,#3657,#3658,
#3659));
#1957=EDGE_LOOP('',(#3660,#3661,#3662,#3663));
#1958=EDGE_LOOP('',(#3664,#3665,#3666,#3667));
#1959=EDGE_LOOP('',(#3668,#3669,#3670,#3671));
#1960=EDGE_LOOP('',(#3672,#3673,#3674,#3675));
#1961=EDGE_LOOP('',(#3676,#3677,#3678,#3679));
#1962=EDGE_LOOP('',(#3680,#3681,#3682,#3683));
#1963=EDGE_LOOP('',(#3684,#3685,#3686,#3687));
#1964=EDGE_LOOP('',(#3688,#3689,#3690,#3691));
#1965=EDGE_LOOP('',(#3692,#3693,#3694,#3695));
#1966=EDGE_LOOP('',(#3696,#3697,#3698,#3699));
#1967=EDGE_LOOP('',(#3700,#3701,#3702,#3703));
#1968=EDGE_LOOP('',(#3704,#3705,#3706,#3707));
#1969=EDGE_LOOP('',(#3708,#3709,#3710,#3711));
#1970=EDGE_LOOP('',(#3712,#3713,#3714,#3715));
#1971=EDGE_LOOP('',(#3716,#3717,#3718,#3719));
#1972=EDGE_LOOP('',(#3720,#3721,#3722,#3723));
#1973=EDGE_LOOP('',(#3724,#3725,#3726,#3727));
#1974=EDGE_LOOP('',(#3728,#3729,#3730,#3731));
#1975=EDGE_LOOP('',(#3732,#3733,#3734,#3735));
#1976=EDGE_LOOP('',(#3736,#3737,#3738,#3739));
#1977=EDGE_LOOP('',(#3740,#3741,#3742,#3743));
#1978=EDGE_LOOP('',(#3744,#3745,#3746,#3747));
#1979=EDGE_LOOP('',(#3748,#3749,#3750,#3751));
#1980=EDGE_LOOP('',(#3752,#3753,#3754,#3755));
#1981=EDGE_LOOP('',(#3756,#3757,#3758,#3759));
#1982=EDGE_LOOP('',(#3760,#3761,#3762,#3763));
#1983=EDGE_LOOP('',(#3764,#3765,#3766,#3767));
#1984=EDGE_LOOP('',(#3768,#3769,#3770,#3771));
#1985=EDGE_LOOP('',(#3772,#3773,#3774,#3775));
#1986=EDGE_LOOP('',(#3776,#3777,#3778,#3779));
#1987=EDGE_LOOP('',(#3780,#3781,#3782,#3783));
#1988=EDGE_LOOP('',(#3784,#3785,#3786,#3787));
#1989=EDGE_LOOP('',(#3788,#3789,#3790,#3791));
#1990=EDGE_LOOP('',(#3792,#3793,#3794,#3795));
#1991=EDGE_LOOP('',(#3796,#3797,#3798,#3799));
#1992=EDGE_LOOP('',(#3800,#3801,#3802,#3803));
#1993=EDGE_LOOP('',(#3804,#3805,#3806,#3807));
#1994=EDGE_LOOP('',(#3808,#3809,#3810,#3811));
#1995=EDGE_LOOP('',(#3812,#3813,#3814,#3815));
#1996=EDGE_LOOP('',(#3816,#3817,#3818,#3819));
#1997=EDGE_LOOP('',(#3820,#3821,#3822,#3823));
#1998=EDGE_LOOP('',(#3824,#3825,#3826,#3827,#3828,#3829,#3830,#3831));
#1999=EDGE_LOOP('',(#3832,#3833,#3834,#3835));
#2000=EDGE_LOOP('',(#3836,#3837,#3838,#3839));
#2001=EDGE_LOOP('',(#3840,#3841,#3842,#3843));
#2002=ORIENTED_EDGE('',*,*,#3847,.T.);
#2003=ORIENTED_EDGE('',*,*,#3846,.F.);
#2004=ORIENTED_EDGE('',*,*,#3845,.F.);
#2005=ORIENTED_EDGE('',*,*,#3844,.T.);
#2006=ORIENTED_EDGE('',*,*,#3848,.F.);
#2007=ORIENTED_EDGE('',*,*,#3844,.F.);
#2008=ORIENTED_EDGE('',*,*,#3846,.T.);
#2009=ORIENTED_EDGE('',*,*,#3849,.T.);
#2010=ORIENTED_EDGE('',*,*,#3848,.T.);
#2011=ORIENTED_EDGE('',*,*,#3845,.T.);
#2012=ORIENTED_EDGE('',*,*,#3849,.F.);
#2013=ORIENTED_EDGE('',*,*,#3847,.F.);
#2014=ORIENTED_EDGE('',*,*,#3890,.F.);
#2015=ORIENTED_EDGE('',*,*,#3850,.F.);
#2016=ORIENTED_EDGE('',*,*,#3889,.T.);
#2017=ORIENTED_EDGE('',*,*,#3851,.F.);
#2018=ORIENTED_EDGE('',*,*,#3855,.F.);
#2019=ORIENTED_EDGE('',*,*,#3850,.T.);
#2020=ORIENTED_EDGE('',*,*,#3854,.T.);
#2021=ORIENTED_EDGE('',*,*,#3894,.T.);
#2022=ORIENTED_EDGE('',*,*,#3851,.T.);
#2023=ORIENTED_EDGE('',*,*,#3891,.T.);
#2024=ORIENTED_EDGE('',*,*,#3892,.T.);
#2025=ORIENTED_EDGE('',*,*,#3854,.F.);
#2026=ORIENTED_EDGE('',*,*,#3853,.F.);
#2027=ORIENTED_EDGE('',*,*,#3852,.T.);
#2028=ORIENTED_EDGE('',*,*,#3895,.T.);
#2029=ORIENTED_EDGE('',*,*,#3852,.F.);
#2030=ORIENTED_EDGE('',*,*,#3857,.F.);
#2031=ORIENTED_EDGE('',*,*,#3896,.F.);
#2032=ORIENTED_EDGE('',*,*,#3897,.T.);
#2033=ORIENTED_EDGE('',*,*,#3896,.T.);
#2034=ORIENTED_EDGE('',*,*,#3867,.F.);
#2035=ORIENTED_EDGE('',*,*,#3862,.F.);
#2036=ORIENTED_EDGE('',*,*,#3858,.F.);
#2037=ORIENTED_EDGE('',*,*,#3866,.T.);
#2038=ORIENTED_EDGE('',*,*,#3859,.F.);
#2039=ORIENTED_EDGE('',*,*,#3898,.F.);
#2040=ORIENTED_EDGE('',*,*,#3872,.T.);
#2041=ORIENTED_EDGE('',*,*,#3876,.T.);
#2042=ORIENTED_EDGE('',*,*,#3868,.F.);
#2043=ORIENTED_EDGE('',*,*,#3877,.F.);
#2044=ORIENTED_EDGE('',*,*,#3858,.T.);
#2045=ORIENTED_EDGE('',*,*,#3869,.F.);
#2046=ORIENTED_EDGE('',*,*,#3876,.F.);
#2047=ORIENTED_EDGE('',*,*,#3873,.T.);
#2048=ORIENTED_EDGE('',*,*,#3874,.T.);
#2049=ORIENTED_EDGE('',*,*,#3879,.T.);
#2050=ORIENTED_EDGE('',*,*,#3870,.F.);
#2051=ORIENTED_EDGE('',*,*,#3878,.F.);
#2052=ORIENTED_EDGE('',*,*,#3860,.T.);
#2053=ORIENTED_EDGE('',*,*,#3871,.F.);
#2054=ORIENTED_EDGE('',*,*,#3879,.F.);
#2055=ORIENTED_EDGE('',*,*,#3875,.T.);
#2056=ORIENTED_EDGE('',*,*,#3862,.T.);
#2057=ORIENTED_EDGE('',*,*,#3864,.T.);
#2058=ORIENTED_EDGE('',*,*,#3885,.T.);
#2059=ORIENTED_EDGE('',*,*,#3868,.T.);
#2060=ORIENTED_EDGE('',*,*,#3869,.T.);
#2061=ORIENTED_EDGE('',*,*,#3899,.T.);
#2062=ORIENTED_EDGE('',*,*,#3882,.F.);
#2063=ORIENTED_EDGE('',*,*,#3881,.F.);
#2064=ORIENTED_EDGE('',*,*,#3880,.T.);
#2065=ORIENTED_EDGE('',*,*,#3882,.T.);
#2066=ORIENTED_EDGE('',*,*,#3901,.T.);
#2067=ORIENTED_EDGE('',*,*,#3902,.T.);
#2068=ORIENTED_EDGE('',*,*,#3903,.T.);
#2069=ORIENTED_EDGE('',*,*,#3883,.F.);
#2070=ORIENTED_EDGE('',*,*,#3900,.F.);
#2071=ORIENTED_EDGE('',*,*,#3859,.T.);
#2072=ORIENTED_EDGE('',*,*,#3886,.T.);
#2073=ORIENTED_EDGE('',*,*,#3878,.T.);
#2074=ORIENTED_EDGE('',*,*,#3884,.F.);
#2075=ORIENTED_EDGE('',*,*,#3861,.T.);
#2076=ORIENTED_EDGE('',*,*,#3887,.T.);
#2077=ORIENTED_EDGE('',*,*,#3877,.T.);
#2078=ORIENTED_EDGE('',*,*,#3885,.F.);
#2079=ORIENTED_EDGE('',*,*,#3863,.T.);
#2080=ORIENTED_EDGE('',*,*,#3898,.T.);
#2081=ORIENTED_EDGE('',*,*,#3884,.T.);
#2082=ORIENTED_EDGE('',*,*,#3870,.T.);
#2083=ORIENTED_EDGE('',*,*,#3871,.T.);
#2084=ORIENTED_EDGE('',*,*,#3875,.F.);
#2085=ORIENTED_EDGE('',*,*,#3874,.F.);
#2086=ORIENTED_EDGE('',*,*,#3886,.F.);
#2087=ORIENTED_EDGE('',*,*,#3866,.F.);
#2088=ORIENTED_EDGE('',*,*,#3873,.F.);
#2089=ORIENTED_EDGE('',*,*,#3872,.F.);
#2090=ORIENTED_EDGE('',*,*,#3887,.F.);
#2091=ORIENTED_EDGE('',*,*,#3865,.F.);
#2092=ORIENTED_EDGE('',*,*,#3903,.F.);
#2093=ORIENTED_EDGE('',*,*,#3888,.F.);
#2094=ORIENTED_EDGE('',*,*,#3890,.T.);
#2095=ORIENTED_EDGE('',*,*,#3855,.T.);
#2096=ORIENTED_EDGE('',*,*,#3891,.F.);
#2097=ORIENTED_EDGE('',*,*,#3889,.F.);
#2098=ORIENTED_EDGE('',*,*,#3893,.T.);
#2099=ORIENTED_EDGE('',*,*,#3853,.T.);
#2100=ORIENTED_EDGE('',*,*,#3894,.F.);
#2101=ORIENTED_EDGE('',*,*,#3892,.F.);
#2102=ORIENTED_EDGE('',*,*,#3856,.F.);
#2103=ORIENTED_EDGE('',*,*,#3857,.T.);
#2104=ORIENTED_EDGE('',*,*,#3893,.F.);
#2105=ORIENTED_EDGE('',*,*,#3895,.F.);
#2106=ORIENTED_EDGE('',*,*,#3863,.F.);
#2107=ORIENTED_EDGE('',*,*,#3860,.F.);
#2108=ORIENTED_EDGE('',*,*,#3865,.T.);
#2109=ORIENTED_EDGE('',*,*,#3861,.F.);
#2110=ORIENTED_EDGE('',*,*,#3864,.F.);
#2111=ORIENTED_EDGE('',*,*,#3867,.T.);
#2112=ORIENTED_EDGE('',*,*,#3856,.T.);
#2113=ORIENTED_EDGE('',*,*,#3897,.F.);
#2114=ORIENTED_EDGE('',*,*,#3900,.T.);
#2115=ORIENTED_EDGE('',*,*,#3881,.T.);
#2116=ORIENTED_EDGE('',*,*,#3901,.F.);
#2117=ORIENTED_EDGE('',*,*,#3899,.F.);
#2118=ORIENTED_EDGE('',*,*,#3880,.F.);
#2119=ORIENTED_EDGE('',*,*,#3883,.T.);
#2120=ORIENTED_EDGE('',*,*,#3888,.T.);
#2121=ORIENTED_EDGE('',*,*,#3902,.F.);
#2122=ORIENTED_EDGE('',*,*,#3904,.T.);
#2123=ORIENTED_EDGE('',*,*,#3905,.T.);
#2124=ORIENTED_EDGE('',*,*,#3906,.F.);
#2125=ORIENTED_EDGE('',*,*,#3907,.F.);
#2126=ORIENTED_EDGE('',*,*,#4279,.T.);
#2127=ORIENTED_EDGE('',*,*,#3909,.F.);
#2128=ORIENTED_EDGE('',*,*,#3905,.F.);
#2129=ORIENTED_EDGE('',*,*,#3908,.T.);
#2130=ORIENTED_EDGE('',*,*,#3911,.T.);
#2131=ORIENTED_EDGE('',*,*,#3907,.T.);
#2132=ORIENTED_EDGE('',*,*,#3912,.F.);
#2133=ORIENTED_EDGE('',*,*,#3910,.F.);
#2134=ORIENTED_EDGE('',*,*,#4106,.T.);
#2135=ORIENTED_EDGE('',*,*,#4107,.T.);
#2136=ORIENTED_EDGE('',*,*,#3916,.F.);
#2137=ORIENTED_EDGE('',*,*,#4108,.F.);
#2138=ORIENTED_EDGE('',*,*,#3914,.F.);
#2139=ORIENTED_EDGE('',*,*,#4111,.T.);
#2140=ORIENTED_EDGE('',*,*,#3917,.T.);
#2141=ORIENTED_EDGE('',*,*,#3918,.T.);
#2142=ORIENTED_EDGE('',*,*,#3919,.T.);
#2143=ORIENTED_EDGE('',*,*,#3920,.T.);
#2144=ORIENTED_EDGE('',*,*,#3921,.T.);
#2145=ORIENTED_EDGE('',*,*,#4185,.T.);
#2146=ORIENTED_EDGE('',*,*,#3955,.F.);
#2147=ORIENTED_EDGE('',*,*,#3958,.F.);
#2148=ORIENTED_EDGE('',*,*,#3956,.T.);
#2149=ORIENTED_EDGE('',*,*,#4186,.T.);
#2150=ORIENTED_EDGE('',*,*,#3937,.F.);
#2151=ORIENTED_EDGE('',*,*,#3936,.F.);
#2152=ORIENTED_EDGE('',*,*,#3955,.T.);
#2153=ORIENTED_EDGE('',*,*,#4187,.T.);
#2154=ORIENTED_EDGE('',*,*,#3956,.F.);
#2155=ORIENTED_EDGE('',*,*,#3939,.F.);
#2156=ORIENTED_EDGE('',*,*,#3938,.T.);
#2157=ORIENTED_EDGE('',*,*,#3944,.T.);
#2158=ORIENTED_EDGE('',*,*,#4188,.T.);
#2159=ORIENTED_EDGE('',*,*,#4198,.T.);
#2160=ORIENTED_EDGE('',*,*,#3941,.F.);
#2161=ORIENTED_EDGE('',*,*,#3945,.T.);
#2162=ORIENTED_EDGE('',*,*,#4189,.T.);
#2163=ORIENTED_EDGE('',*,*,#3944,.F.);
#2164=ORIENTED_EDGE('',*,*,#3940,.F.);
#2165=ORIENTED_EDGE('',*,*,#3946,.T.);
#2166=ORIENTED_EDGE('',*,*,#4190,.T.);
#2167=ORIENTED_EDGE('',*,*,#3945,.F.);
#2168=ORIENTED_EDGE('',*,*,#3942,.F.);
#2169=ORIENTED_EDGE('',*,*,#4198,.F.);
#2170=ORIENTED_EDGE('',*,*,#4191,.T.);
#2171=ORIENTED_EDGE('',*,*,#3946,.F.);
#2172=ORIENTED_EDGE('',*,*,#3943,.F.);
#2173=ORIENTED_EDGE('',*,*,#3951,.T.);
#2174=ORIENTED_EDGE('',*,*,#4192,.T.);
#2175=ORIENTED_EDGE('',*,*,#4199,.T.);
#2176=ORIENTED_EDGE('',*,*,#3947,.F.);
#2177=ORIENTED_EDGE('',*,*,#3952,.T.);
#2178=ORIENTED_EDGE('',*,*,#4193,.T.);
#2179=ORIENTED_EDGE('',*,*,#3951,.F.);
#2180=ORIENTED_EDGE('',*,*,#3948,.F.);
#2181=ORIENTED_EDGE('',*,*,#3953,.T.);
#2182=ORIENTED_EDGE('',*,*,#4194,.T.);
#2183=ORIENTED_EDGE('',*,*,#3952,.F.);
#2184=ORIENTED_EDGE('',*,*,#3950,.F.);
#2185=ORIENTED_EDGE('',*,*,#4199,.F.);
#2186=ORIENTED_EDGE('',*,*,#4195,.T.);
#2187=ORIENTED_EDGE('',*,*,#3953,.F.);
#2188=ORIENTED_EDGE('',*,*,#3949,.F.);
#2189=ORIENTED_EDGE('',*,*,#4113,.T.);
#2190=ORIENTED_EDGE('',*,*,#3957,.F.);
#2191=ORIENTED_EDGE('',*,*,#3937,.T.);
#2192=ORIENTED_EDGE('',*,*,#4196,.T.);
#2193=ORIENTED_EDGE('',*,*,#4289,.T.);
#2194=ORIENTED_EDGE('',*,*,#3967,.F.);
#2195=ORIENTED_EDGE('',*,*,#3968,.F.);
#2196=ORIENTED_EDGE('',*,*,#4290,.F.);
#2197=ORIENTED_EDGE('',*,*,#4292,.T.);
#2198=ORIENTED_EDGE('',*,*,#3970,.F.);
#2199=ORIENTED_EDGE('',*,*,#3971,.F.);
#2200=ORIENTED_EDGE('',*,*,#4293,.F.);
#2201=ORIENTED_EDGE('',*,*,#4295,.T.);
#2202=ORIENTED_EDGE('',*,*,#4296,.T.);
#2203=ORIENTED_EDGE('',*,*,#3972,.F.);
#2204=ORIENTED_EDGE('',*,*,#4008,.T.);
#2205=ORIENTED_EDGE('',*,*,#3974,.T.);
#2206=ORIENTED_EDGE('',*,*,#4300,.T.);
#2207=ORIENTED_EDGE('',*,*,#3978,.T.);
#2208=ORIENTED_EDGE('',*,*,#4304,.T.);
#2209=ORIENTED_EDGE('',*,*,#4298,.T.);
#2210=ORIENTED_EDGE('',*,*,#3973,.F.);
#2211=ORIENTED_EDGE('',*,*,#3975,.F.);
#2212=ORIENTED_EDGE('',*,*,#4300,.F.);
#2213=ORIENTED_EDGE('',*,*,#3976,.T.);
#2214=ORIENTED_EDGE('',*,*,#4302,.T.);
#2215=ORIENTED_EDGE('',*,*,#3973,.T.);
#2216=ORIENTED_EDGE('',*,*,#4299,.T.);
#2217=ORIENTED_EDGE('',*,*,#4301,.T.);
#2218=ORIENTED_EDGE('',*,*,#3982,.F.);
#2219=ORIENTED_EDGE('',*,*,#3977,.F.);
#2220=ORIENTED_EDGE('',*,*,#4302,.F.);
#2221=ORIENTED_EDGE('',*,*,#4303,.T.);
#2222=ORIENTED_EDGE('',*,*,#3978,.F.);
#2223=ORIENTED_EDGE('',*,*,#4010,.F.);
#2224=ORIENTED_EDGE('',*,*,#4009,.T.);
#2225=ORIENTED_EDGE('',*,*,#4297,.F.);
#2226=ORIENTED_EDGE('',*,*,#4008,.F.);
#2227=ORIENTED_EDGE('',*,*,#4307,.F.);
#2228=ORIENTED_EDGE('',*,*,#3980,.F.);
#2229=ORIENTED_EDGE('',*,*,#4306,.T.);
#2230=ORIENTED_EDGE('',*,*,#4307,.T.);
#2231=ORIENTED_EDGE('',*,*,#3981,.F.);
#2232=ORIENTED_EDGE('',*,*,#3979,.T.);
#2233=ORIENTED_EDGE('',*,*,#4308,.T.);
#2234=ORIENTED_EDGE('',*,*,#4309,.T.);
#2235=ORIENTED_EDGE('',*,*,#3983,.F.);
#2236=ORIENTED_EDGE('',*,*,#4006,.T.);
#2237=ORIENTED_EDGE('',*,*,#3985,.T.);
#2238=ORIENTED_EDGE('',*,*,#4313,.T.);
#2239=ORIENTED_EDGE('',*,*,#3989,.T.);
#2240=ORIENTED_EDGE('',*,*,#4317,.T.);
#2241=ORIENTED_EDGE('',*,*,#4311,.T.);
#2242=ORIENTED_EDGE('',*,*,#3984,.F.);
#2243=ORIENTED_EDGE('',*,*,#3986,.F.);
#2244=ORIENTED_EDGE('',*,*,#4313,.F.);
#2245=ORIENTED_EDGE('',*,*,#3987,.T.);
#2246=ORIENTED_EDGE('',*,*,#4315,.T.);
#2247=ORIENTED_EDGE('',*,*,#3984,.T.);
#2248=ORIENTED_EDGE('',*,*,#4312,.T.);
#2249=ORIENTED_EDGE('',*,*,#4314,.T.);
#2250=ORIENTED_EDGE('',*,*,#3993,.F.);
#2251=ORIENTED_EDGE('',*,*,#3988,.F.);
#2252=ORIENTED_EDGE('',*,*,#4315,.F.);
#2253=ORIENTED_EDGE('',*,*,#4316,.T.);
#2254=ORIENTED_EDGE('',*,*,#3989,.F.);
#2255=ORIENTED_EDGE('',*,*,#4012,.F.);
#2256=ORIENTED_EDGE('',*,*,#4011,.T.);
#2257=ORIENTED_EDGE('',*,*,#4310,.F.);
#2258=ORIENTED_EDGE('',*,*,#4006,.F.);
#2259=ORIENTED_EDGE('',*,*,#4320,.F.);
#2260=ORIENTED_EDGE('',*,*,#3991,.F.);
#2261=ORIENTED_EDGE('',*,*,#4319,.T.);
#2262=ORIENTED_EDGE('',*,*,#4320,.T.);
#2263=ORIENTED_EDGE('',*,*,#3992,.F.);
#2264=ORIENTED_EDGE('',*,*,#3990,.T.);
#2265=ORIENTED_EDGE('',*,*,#3970,.T.);
#2266=ORIENTED_EDGE('',*,*,#4294,.T.);
#2267=ORIENTED_EDGE('',*,*,#4305,.F.);
#2268=ORIENTED_EDGE('',*,*,#4009,.F.);
#2269=ORIENTED_EDGE('',*,*,#3967,.T.);
#2270=ORIENTED_EDGE('',*,*,#4291,.T.);
#2271=ORIENTED_EDGE('',*,*,#4318,.F.);
#2272=ORIENTED_EDGE('',*,*,#4011,.F.);
#2273=ORIENTED_EDGE('',*,*,#4115,.T.);
#2274=ORIENTED_EDGE('',*,*,#4035,.T.);
#2275=ORIENTED_EDGE('',*,*,#4016,.T.);
#2276=ORIENTED_EDGE('',*,*,#4169,.T.);
#2277=ORIENTED_EDGE('',*,*,#4037,.F.);
#2278=ORIENTED_EDGE('',*,*,#4072,.F.);
#2279=ORIENTED_EDGE('',*,*,#4041,.F.);
#2280=ORIENTED_EDGE('',*,*,#4039,.F.);
#2281=ORIENTED_EDGE('',*,*,#4003,.T.);
#2282=ORIENTED_EDGE('',*,*,#4322,.T.);
#2283=ORIENTED_EDGE('',*,*,#3969,.T.);
#2284=ORIENTED_EDGE('',*,*,#4293,.T.);
#2285=ORIENTED_EDGE('',*,*,#3966,.T.);
#2286=ORIENTED_EDGE('',*,*,#4290,.T.);
#2287=ORIENTED_EDGE('',*,*,#3995,.T.);
#2288=ORIENTED_EDGE('',*,*,#3994,.T.);
#2289=ORIENTED_EDGE('',*,*,#4001,.T.);
#2290=ORIENTED_EDGE('',*,*,#4000,.T.);
#2291=ORIENTED_EDGE('',*,*,#3999,.T.);
#2292=ORIENTED_EDGE('',*,*,#3998,.T.);
#2293=ORIENTED_EDGE('',*,*,#3997,.T.);
#2294=ORIENTED_EDGE('',*,*,#3996,.T.);
#2295=ORIENTED_EDGE('',*,*,#4059,.T.);
#2296=ORIENTED_EDGE('',*,*,#4061,.F.);
#2297=ORIENTED_EDGE('',*,*,#4060,.T.);
#2298=ORIENTED_EDGE('',*,*,#4069,.T.);
#2299=ORIENTED_EDGE('',*,*,#3934,.F.);
#2300=ORIENTED_EDGE('',*,*,#3933,.F.);
#2301=ORIENTED_EDGE('',*,*,#4038,.F.);
#2302=ORIENTED_EDGE('',*,*,#4039,.T.);
#2303=ORIENTED_EDGE('',*,*,#4040,.T.);
#2304=ORIENTED_EDGE('',*,*,#3930,.F.);
#2305=ORIENTED_EDGE('',*,*,#3931,.T.);
#2306=ORIENTED_EDGE('',*,*,#4042,.T.);
#2307=ORIENTED_EDGE('',*,*,#4048,.T.);
#2308=ORIENTED_EDGE('',*,*,#4073,.T.);
#2309=ORIENTED_EDGE('',*,*,#4049,.T.);
#2310=ORIENTED_EDGE('',*,*,#4061,.T.);
#2311=ORIENTED_EDGE('',*,*,#4050,.T.);
#2312=ORIENTED_EDGE('',*,*,#4051,.T.);
#2313=ORIENTED_EDGE('',*,*,#4052,.T.);
#2314=ORIENTED_EDGE('',*,*,#4053,.T.);
#2315=ORIENTED_EDGE('',*,*,#4054,.T.);
#2316=ORIENTED_EDGE('',*,*,#4055,.T.);
#2317=ORIENTED_EDGE('',*,*,#4056,.T.);
#2318=ORIENTED_EDGE('',*,*,#4057,.T.);
#2319=ORIENTED_EDGE('',*,*,#4139,.T.);
#2320=ORIENTED_EDGE('',*,*,#4058,.T.);
#2321=ORIENTED_EDGE('',*,*,#4127,.F.);
#2322=ORIENTED_EDGE('',*,*,#4132,.F.);
#2323=ORIENTED_EDGE('',*,*,#4131,.F.);
#2324=ORIENTED_EDGE('',*,*,#4140,.T.);
#2325=ORIENTED_EDGE('',*,*,#4323,.T.);
#2326=ORIENTED_EDGE('',*,*,#4130,.F.);
#2327=ORIENTED_EDGE('',*,*,#4129,.F.);
#2328=ORIENTED_EDGE('',*,*,#4128,.F.);
#2329=ORIENTED_EDGE('',*,*,#4002,.F.);
#2330=ORIENTED_EDGE('',*,*,#3994,.F.);
#2331=ORIENTED_EDGE('',*,*,#4062,.F.);
#2332=ORIENTED_EDGE('',*,*,#4050,.F.);
#2333=ORIENTED_EDGE('',*,*,#4062,.T.);
#2334=ORIENTED_EDGE('',*,*,#3995,.F.);
#2335=ORIENTED_EDGE('',*,*,#4063,.F.);
#2336=ORIENTED_EDGE('',*,*,#4051,.F.);
#2337=ORIENTED_EDGE('',*,*,#4063,.T.);
#2338=ORIENTED_EDGE('',*,*,#3996,.F.);
#2339=ORIENTED_EDGE('',*,*,#4064,.F.);
#2340=ORIENTED_EDGE('',*,*,#4052,.F.);
#2341=ORIENTED_EDGE('',*,*,#4064,.T.);
#2342=ORIENTED_EDGE('',*,*,#3997,.F.);
#2343=ORIENTED_EDGE('',*,*,#4065,.F.);
#2344=ORIENTED_EDGE('',*,*,#4053,.F.);
#2345=ORIENTED_EDGE('',*,*,#4065,.T.);
#2346=ORIENTED_EDGE('',*,*,#3998,.F.);
#2347=ORIENTED_EDGE('',*,*,#4066,.F.);
#2348=ORIENTED_EDGE('',*,*,#4054,.F.);
#2349=ORIENTED_EDGE('',*,*,#4066,.T.);
#2350=ORIENTED_EDGE('',*,*,#3999,.F.);
#2351=ORIENTED_EDGE('',*,*,#4067,.F.);
#2352=ORIENTED_EDGE('',*,*,#4055,.F.);
#2353=ORIENTED_EDGE('',*,*,#4067,.T.);
#2354=ORIENTED_EDGE('',*,*,#4000,.F.);
#2355=ORIENTED_EDGE('',*,*,#4068,.F.);
#2356=ORIENTED_EDGE('',*,*,#4056,.F.);
#2357=ORIENTED_EDGE('',*,*,#4068,.T.);
#2358=ORIENTED_EDGE('',*,*,#4001,.F.);
#2359=ORIENTED_EDGE('',*,*,#4002,.T.);
#2360=ORIENTED_EDGE('',*,*,#4057,.F.);
#2361=ORIENTED_EDGE('',*,*,#4321,.T.);
#2362=ORIENTED_EDGE('',*,*,#4140,.F.);
#2363=ORIENTED_EDGE('',*,*,#4136,.T.);
#2364=ORIENTED_EDGE('',*,*,#4138,.F.);
#2365=ORIENTED_EDGE('',*,*,#4134,.T.);
#2366=ORIENTED_EDGE('',*,*,#4058,.F.);
#2367=ORIENTED_EDGE('',*,*,#4004,.F.);
#2368=ORIENTED_EDGE('',*,*,#4322,.F.);
#2369=ORIENTED_EDGE('',*,*,#4036,.T.);
#2370=ORIENTED_EDGE('',*,*,#4221,.T.);
#2371=ORIENTED_EDGE('',*,*,#4070,.F.);
#2372=ORIENTED_EDGE('',*,*,#4071,.T.);
#2373=ORIENTED_EDGE('',*,*,#4204,.F.);
#2374=ORIENTED_EDGE('',*,*,#4042,.F.);
#2375=ORIENTED_EDGE('',*,*,#3932,.T.);
#2376=ORIENTED_EDGE('',*,*,#4043,.T.);
#2377=ORIENTED_EDGE('',*,*,#4047,.T.);
#2378=ORIENTED_EDGE('',*,*,#4223,.T.);
#2379=ORIENTED_EDGE('',*,*,#4034,.F.);
#2380=ORIENTED_EDGE('',*,*,#4013,.F.);
#2381=ORIENTED_EDGE('',*,*,#4019,.F.);
#2382=ORIENTED_EDGE('',*,*,#4017,.F.);
#2383=ORIENTED_EDGE('',*,*,#4035,.F.);
#2384=ORIENTED_EDGE('',*,*,#4225,.T.);
#2385=ORIENTED_EDGE('',*,*,#4309,.F.);
#2386=ORIENTED_EDGE('',*,*,#4005,.F.);
#2387=ORIENTED_EDGE('',*,*,#4254,.T.);
#2388=ORIENTED_EDGE('',*,*,#4248,.T.);
#2389=ORIENTED_EDGE('',*,*,#4274,.T.);
#2390=ORIENTED_EDGE('',*,*,#4275,.T.);
#2391=ORIENTED_EDGE('',*,*,#4252,.T.);
#2392=ORIENTED_EDGE('',*,*,#4262,.T.);
#2393=ORIENTED_EDGE('',*,*,#4257,.T.);
#2394=ORIENTED_EDGE('',*,*,#4255,.T.);
#2395=ORIENTED_EDGE('',*,*,#4277,.T.);
#2396=ORIENTED_EDGE('',*,*,#4259,.T.);
#2397=ORIENTED_EDGE('',*,*,#4270,.T.);
#2398=ORIENTED_EDGE('',*,*,#4264,.T.);
#2399=ORIENTED_EDGE('',*,*,#4266,.T.);
#2400=ORIENTED_EDGE('',*,*,#4268,.T.);
#2401=ORIENTED_EDGE('',*,*,#4092,.F.);
#2402=ORIENTED_EDGE('',*,*,#4090,.F.);
#2403=ORIENTED_EDGE('',*,*,#4088,.T.);
#2404=ORIENTED_EDGE('',*,*,#4091,.T.);
#2405=ORIENTED_EDGE('',*,*,#4101,.T.);
#2406=ORIENTED_EDGE('',*,*,#4083,.T.);
#2407=ORIENTED_EDGE('',*,*,#4084,.T.);
#2408=ORIENTED_EDGE('',*,*,#4085,.T.);
#2409=ORIENTED_EDGE('',*,*,#3932,.F.);
#2410=ORIENTED_EDGE('',*,*,#3931,.F.);
#2411=ORIENTED_EDGE('',*,*,#4095,.F.);
#2412=ORIENTED_EDGE('',*,*,#4077,.F.);
#2413=ORIENTED_EDGE('',*,*,#4076,.F.);
#2414=ORIENTED_EDGE('',*,*,#4075,.T.);
#2415=ORIENTED_EDGE('',*,*,#3925,.F.);
#2416=ORIENTED_EDGE('',*,*,#4080,.F.);
#2417=ORIENTED_EDGE('',*,*,#4078,.F.);
#2418=ORIENTED_EDGE('',*,*,#4077,.T.);
#2419=ORIENTED_EDGE('',*,*,#3924,.F.);
#2420=ORIENTED_EDGE('',*,*,#4102,.T.);
#2421=ORIENTED_EDGE('',*,*,#4079,.F.);
#2422=ORIENTED_EDGE('',*,*,#4081,.T.);
#2423=ORIENTED_EDGE('',*,*,#3922,.F.);
#2424=ORIENTED_EDGE('',*,*,#4093,.T.);
#2425=ORIENTED_EDGE('',*,*,#4095,.T.);
#2426=ORIENTED_EDGE('',*,*,#3930,.T.);
#2427=ORIENTED_EDGE('',*,*,#4094,.F.);
#2428=ORIENTED_EDGE('',*,*,#4091,.F.);
#2429=ORIENTED_EDGE('',*,*,#3927,.T.);
#2430=ORIENTED_EDGE('',*,*,#3929,.T.);
#2431=ORIENTED_EDGE('',*,*,#4099,.T.);
#2432=ORIENTED_EDGE('',*,*,#4092,.T.);
#2433=ORIENTED_EDGE('',*,*,#4099,.F.);
#2434=ORIENTED_EDGE('',*,*,#4103,.F.);
#2435=ORIENTED_EDGE('',*,*,#4111,.F.);
#2436=ORIENTED_EDGE('',*,*,#3913,.T.);
#2437=ORIENTED_EDGE('',*,*,#3926,.F.);
#2438=ORIENTED_EDGE('',*,*,#4075,.F.);
#2439=ORIENTED_EDGE('',*,*,#4110,.F.);
#2440=ORIENTED_EDGE('',*,*,#4107,.F.);
#2441=ORIENTED_EDGE('',*,*,#4096,.F.);
#2442=ORIENTED_EDGE('',*,*,#4083,.F.);
#2443=ORIENTED_EDGE('',*,*,#4100,.T.);
#2444=ORIENTED_EDGE('',*,*,#3920,.F.);
#2445=ORIENTED_EDGE('',*,*,#4097,.F.);
#2446=ORIENTED_EDGE('',*,*,#4084,.F.);
#2447=ORIENTED_EDGE('',*,*,#4096,.T.);
#2448=ORIENTED_EDGE('',*,*,#3919,.F.);
#2449=ORIENTED_EDGE('',*,*,#4103,.T.);
#2450=ORIENTED_EDGE('',*,*,#3929,.F.);
#2451=ORIENTED_EDGE('',*,*,#4098,.T.);
#2452=ORIENTED_EDGE('',*,*,#3917,.F.);
#2453=ORIENTED_EDGE('',*,*,#4144,.T.);
#2454=ORIENTED_EDGE('',*,*,#4147,.T.);
#2455=ORIENTED_EDGE('',*,*,#4045,.F.);
#2456=ORIENTED_EDGE('',*,*,#4105,.F.);
#2457=ORIENTED_EDGE('',*,*,#4044,.F.);
#2458=ORIENTED_EDGE('',*,*,#4082,.F.);
#2459=ORIENTED_EDGE('',*,*,#4080,.T.);
#2460=ORIENTED_EDGE('',*,*,#3923,.F.);
#2461=ORIENTED_EDGE('',*,*,#4081,.F.);
#2462=ORIENTED_EDGE('',*,*,#4148,.F.);
#2463=ORIENTED_EDGE('',*,*,#3934,.T.);
#2464=ORIENTED_EDGE('',*,*,#3935,.T.);
#2465=ORIENTED_EDGE('',*,*,#4105,.T.);
#2466=ORIENTED_EDGE('',*,*,#4205,.T.);
#2467=ORIENTED_EDGE('',*,*,#4109,.T.);
#2468=ORIENTED_EDGE('',*,*,#3922,.T.);
#2469=ORIENTED_EDGE('',*,*,#3923,.T.);
#2470=ORIENTED_EDGE('',*,*,#3924,.T.);
#2471=ORIENTED_EDGE('',*,*,#3925,.T.);
#2472=ORIENTED_EDGE('',*,*,#3926,.T.);
#2473=ORIENTED_EDGE('',*,*,#4106,.F.);
#2474=ORIENTED_EDGE('',*,*,#4108,.T.);
#2475=ORIENTED_EDGE('',*,*,#4074,.F.);
#2476=ORIENTED_EDGE('',*,*,#4102,.F.);
#2477=ORIENTED_EDGE('',*,*,#4109,.F.);
#2478=ORIENTED_EDGE('',*,*,#3915,.F.);
#2479=ORIENTED_EDGE('',*,*,#3921,.F.);
#2480=ORIENTED_EDGE('',*,*,#4100,.F.);
#2481=ORIENTED_EDGE('',*,*,#4101,.F.);
#2482=ORIENTED_EDGE('',*,*,#4093,.F.);
#2483=ORIENTED_EDGE('',*,*,#4210,.T.);
#2484=ORIENTED_EDGE('',*,*,#4114,.F.);
#2485=ORIENTED_EDGE('',*,*,#4211,.T.);
#2486=ORIENTED_EDGE('',*,*,#4117,.T.);
#2487=ORIENTED_EDGE('',*,*,#4116,.T.);
#2488=ORIENTED_EDGE('',*,*,#4118,.T.);
#2489=ORIENTED_EDGE('',*,*,#4112,.T.);
#2490=ORIENTED_EDGE('',*,*,#4227,.T.);
#2491=ORIENTED_EDGE('',*,*,#4114,.T.);
#2492=ORIENTED_EDGE('',*,*,#4229,.T.);
#2493=ORIENTED_EDGE('',*,*,#4120,.F.);
#2494=ORIENTED_EDGE('',*,*,#4119,.F.);
#2495=ORIENTED_EDGE('',*,*,#4127,.T.);
#2496=ORIENTED_EDGE('',*,*,#4134,.F.);
#2497=ORIENTED_EDGE('',*,*,#4123,.F.);
#2498=ORIENTED_EDGE('',*,*,#4122,.F.);
#2499=ORIENTED_EDGE('',*,*,#4121,.T.);
#2500=ORIENTED_EDGE('',*,*,#4129,.T.);
#2501=ORIENTED_EDGE('',*,*,#4131,.T.);
#2502=ORIENTED_EDGE('',*,*,#4125,.F.);
#2503=ORIENTED_EDGE('',*,*,#4142,.F.);
#2504=ORIENTED_EDGE('',*,*,#4136,.F.);
#2505=ORIENTED_EDGE('',*,*,#4119,.T.);
#2506=ORIENTED_EDGE('',*,*,#4126,.F.);
#2507=ORIENTED_EDGE('',*,*,#4125,.T.);
#2508=ORIENTED_EDGE('',*,*,#4132,.T.);
#2509=ORIENTED_EDGE('',*,*,#4137,.T.);
#2510=ORIENTED_EDGE('',*,*,#4141,.T.);
#2511=ORIENTED_EDGE('',*,*,#4122,.T.);
#2512=ORIENTED_EDGE('',*,*,#4124,.T.);
#2513=ORIENTED_EDGE('',*,*,#4128,.T.);
#2514=ORIENTED_EDGE('',*,*,#4121,.F.);
#2515=ORIENTED_EDGE('',*,*,#4141,.F.);
#2516=ORIENTED_EDGE('',*,*,#4133,.F.);
#2517=ORIENTED_EDGE('',*,*,#4124,.F.);
#2518=ORIENTED_EDGE('',*,*,#4123,.T.);
#2519=ORIENTED_EDGE('',*,*,#4130,.T.);
#2520=ORIENTED_EDGE('',*,*,#4135,.F.);
#2521=ORIENTED_EDGE('',*,*,#4138,.T.);
#2522=ORIENTED_EDGE('',*,*,#4142,.T.);
#2523=ORIENTED_EDGE('',*,*,#4126,.T.);
#2524=ORIENTED_EDGE('',*,*,#4120,.T.);
#2525=ORIENTED_EDGE('',*,*,#4143,.T.);
#2526=ORIENTED_EDGE('',*,*,#4145,.T.);
#2527=ORIENTED_EDGE('',*,*,#4144,.F.);
#2528=ORIENTED_EDGE('',*,*,#4146,.F.);
#2529=ORIENTED_EDGE('',*,*,#4149,.T.);
#2530=ORIENTED_EDGE('',*,*,#4037,.T.);
#2531=ORIENTED_EDGE('',*,*,#4038,.T.);
#2532=ORIENTED_EDGE('',*,*,#4206,.T.);
#2533=ORIENTED_EDGE('',*,*,#4147,.F.);
#2534=ORIENTED_EDGE('',*,*,#4145,.F.);
#2535=ORIENTED_EDGE('',*,*,#4089,.F.);
#2536=ORIENTED_EDGE('',*,*,#3928,.F.);
#2537=ORIENTED_EDGE('',*,*,#4104,.F.);
#2538=ORIENTED_EDGE('',*,*,#4043,.F.);
#2539=ORIENTED_EDGE('',*,*,#4085,.F.);
#2540=ORIENTED_EDGE('',*,*,#4097,.T.);
#2541=ORIENTED_EDGE('',*,*,#3918,.F.);
#2542=ORIENTED_EDGE('',*,*,#4098,.F.);
#2543=ORIENTED_EDGE('',*,*,#3927,.F.);
#2544=ORIENTED_EDGE('',*,*,#4088,.F.);
#2545=ORIENTED_EDGE('',*,*,#4152,.F.);
#2546=ORIENTED_EDGE('',*,*,#4151,.F.);
#2547=ORIENTED_EDGE('',*,*,#3914,.T.);
#2548=ORIENTED_EDGE('',*,*,#3915,.T.);
#2549=ORIENTED_EDGE('',*,*,#4154,.F.);
#2550=ORIENTED_EDGE('',*,*,#3913,.F.);
#2551=ORIENTED_EDGE('',*,*,#4094,.T.);
#2552=ORIENTED_EDGE('',*,*,#4040,.F.);
#2553=ORIENTED_EDGE('',*,*,#4041,.T.);
#2554=ORIENTED_EDGE('',*,*,#4153,.T.);
#2555=ORIENTED_EDGE('',*,*,#4155,.F.);
#2556=ORIENTED_EDGE('',*,*,#4152,.T.);
#2557=ORIENTED_EDGE('',*,*,#4090,.T.);
#2558=ORIENTED_EDGE('',*,*,#4154,.T.);
#2559=ORIENTED_EDGE('',*,*,#4155,.T.);
#2560=ORIENTED_EDGE('',*,*,#4150,.F.);
#2561=ORIENTED_EDGE('',*,*,#4156,.F.);
#2562=ORIENTED_EDGE('',*,*,#4151,.T.);
#2563=ORIENTED_EDGE('',*,*,#4156,.T.);
#2564=ORIENTED_EDGE('',*,*,#4086,.F.);
#2565=ORIENTED_EDGE('',*,*,#4208,.F.);
#2566=ORIENTED_EDGE('',*,*,#4089,.T.);
#2567=ORIENTED_EDGE('',*,*,#4169,.F.);
#2568=ORIENTED_EDGE('',*,*,#4158,.T.);
#2569=ORIENTED_EDGE('',*,*,#4159,.T.);
#2570=ORIENTED_EDGE('',*,*,#4157,.T.);
#2571=ORIENTED_EDGE('',*,*,#4168,.T.);
#2572=ORIENTED_EDGE('',*,*,#4224,.T.);
#2573=ORIENTED_EDGE('',*,*,#4273,.T.);
#2574=ORIENTED_EDGE('',*,*,#4226,.T.);
#2575=ORIENTED_EDGE('',*,*,#4163,.T.);
#2576=ORIENTED_EDGE('',*,*,#4162,.T.);
#2577=ORIENTED_EDGE('',*,*,#4161,.T.);
#2578=ORIENTED_EDGE('',*,*,#4160,.T.);
#2579=ORIENTED_EDGE('',*,*,#4167,.T.);
#2580=ORIENTED_EDGE('',*,*,#4166,.T.);
#2581=ORIENTED_EDGE('',*,*,#4165,.T.);
#2582=ORIENTED_EDGE('',*,*,#4164,.T.);
#2583=ORIENTED_EDGE('',*,*,#4015,.F.);
#2584=ORIENTED_EDGE('',*,*,#4013,.T.);
#2585=ORIENTED_EDGE('',*,*,#4014,.T.);
#2586=ORIENTED_EDGE('',*,*,#4157,.F.);
#2587=ORIENTED_EDGE('',*,*,#4016,.F.);
#2588=ORIENTED_EDGE('',*,*,#4017,.T.);
#2589=ORIENTED_EDGE('',*,*,#4018,.T.);
#2590=ORIENTED_EDGE('',*,*,#4158,.F.);
#2591=ORIENTED_EDGE('',*,*,#4018,.F.);
#2592=ORIENTED_EDGE('',*,*,#4019,.T.);
#2593=ORIENTED_EDGE('',*,*,#4015,.T.);
#2594=ORIENTED_EDGE('',*,*,#4159,.F.);
#2595=ORIENTED_EDGE('',*,*,#4170,.F.);
#2596=ORIENTED_EDGE('',*,*,#4160,.F.);
#2597=ORIENTED_EDGE('',*,*,#4024,.F.);
#2598=ORIENTED_EDGE('',*,*,#4021,.F.);
#2599=ORIENTED_EDGE('',*,*,#4024,.T.);
#2600=ORIENTED_EDGE('',*,*,#4161,.F.);
#2601=ORIENTED_EDGE('',*,*,#4025,.F.);
#2602=ORIENTED_EDGE('',*,*,#4023,.F.);
#2603=ORIENTED_EDGE('',*,*,#4025,.T.);
#2604=ORIENTED_EDGE('',*,*,#4162,.F.);
#2605=ORIENTED_EDGE('',*,*,#4026,.F.);
#2606=ORIENTED_EDGE('',*,*,#4022,.F.);
#2607=ORIENTED_EDGE('',*,*,#4026,.T.);
#2608=ORIENTED_EDGE('',*,*,#4163,.F.);
#2609=ORIENTED_EDGE('',*,*,#4170,.T.);
#2610=ORIENTED_EDGE('',*,*,#4020,.F.);
#2611=ORIENTED_EDGE('',*,*,#4171,.F.);
#2612=ORIENTED_EDGE('',*,*,#4164,.F.);
#2613=ORIENTED_EDGE('',*,*,#4031,.F.);
#2614=ORIENTED_EDGE('',*,*,#4029,.F.);
#2615=ORIENTED_EDGE('',*,*,#4031,.T.);
#2616=ORIENTED_EDGE('',*,*,#4165,.F.);
#2617=ORIENTED_EDGE('',*,*,#4032,.F.);
#2618=ORIENTED_EDGE('',*,*,#4030,.F.);
#2619=ORIENTED_EDGE('',*,*,#4032,.T.);
#2620=ORIENTED_EDGE('',*,*,#4166,.F.);
#2621=ORIENTED_EDGE('',*,*,#4033,.F.);
#2622=ORIENTED_EDGE('',*,*,#4027,.F.);
#2623=ORIENTED_EDGE('',*,*,#4033,.T.);
#2624=ORIENTED_EDGE('',*,*,#4167,.F.);
#2625=ORIENTED_EDGE('',*,*,#4171,.T.);
#2626=ORIENTED_EDGE('',*,*,#4028,.F.);
#2627=ORIENTED_EDGE('',*,*,#4212,.T.);
#2628=ORIENTED_EDGE('',*,*,#4168,.F.);
#2629=ORIENTED_EDGE('',*,*,#4014,.F.);
#2630=ORIENTED_EDGE('',*,*,#4034,.T.);
#2631=ORIENTED_EDGE('',*,*,#4172,.T.);
#2632=ORIENTED_EDGE('',*,*,#4178,.T.);
#2633=ORIENTED_EDGE('',*,*,#4179,.T.);
#2634=ORIENTED_EDGE('',*,*,#4177,.T.);
#2635=ORIENTED_EDGE('',*,*,#4222,.T.);
#2636=ORIENTED_EDGE('',*,*,#4272,.T.);
#2637=ORIENTED_EDGE('',*,*,#4176,.T.);
#2638=ORIENTED_EDGE('',*,*,#4175,.T.);
#2639=ORIENTED_EDGE('',*,*,#4174,.T.);
#2640=ORIENTED_EDGE('',*,*,#4173,.T.);
#2641=ORIENTED_EDGE('',*,*,#4180,.F.);
#2642=ORIENTED_EDGE('',*,*,#4173,.F.);
#2643=ORIENTED_EDGE('',*,*,#3963,.F.);
#2644=ORIENTED_EDGE('',*,*,#3959,.F.);
#2645=ORIENTED_EDGE('',*,*,#3963,.T.);
#2646=ORIENTED_EDGE('',*,*,#4174,.F.);
#2647=ORIENTED_EDGE('',*,*,#3964,.F.);
#2648=ORIENTED_EDGE('',*,*,#3960,.F.);
#2649=ORIENTED_EDGE('',*,*,#3964,.T.);
#2650=ORIENTED_EDGE('',*,*,#4175,.F.);
#2651=ORIENTED_EDGE('',*,*,#3965,.F.);
#2652=ORIENTED_EDGE('',*,*,#3962,.F.);
#2653=ORIENTED_EDGE('',*,*,#3965,.T.);
#2654=ORIENTED_EDGE('',*,*,#4176,.F.);
#2655=ORIENTED_EDGE('',*,*,#4180,.T.);
#2656=ORIENTED_EDGE('',*,*,#3961,.F.);
#2657=ORIENTED_EDGE('',*,*,#4213,.T.);
#2658=ORIENTED_EDGE('',*,*,#4177,.F.);
#2659=ORIENTED_EDGE('',*,*,#4181,.T.);
#2660=ORIENTED_EDGE('',*,*,#4070,.T.);
#2661=ORIENTED_EDGE('',*,*,#4182,.T.);
#2662=ORIENTED_EDGE('',*,*,#4071,.F.);
#2663=ORIENTED_EDGE('',*,*,#4181,.F.);
#2664=ORIENTED_EDGE('',*,*,#4179,.F.);
#2665=ORIENTED_EDGE('',*,*,#4273,.F.);
#2666=ORIENTED_EDGE('',*,*,#4216,.F.);
#2667=ORIENTED_EDGE('',*,*,#4047,.F.);
#2668=ORIENTED_EDGE('',*,*,#4104,.T.);
#2669=ORIENTED_EDGE('',*,*,#4207,.F.);
#2670=ORIENTED_EDGE('',*,*,#4184,.F.);
#2671=ORIENTED_EDGE('',*,*,#4272,.F.);
#2672=ORIENTED_EDGE('',*,*,#4215,.F.);
#2673=ORIENTED_EDGE('',*,*,#4036,.F.);
#2674=ORIENTED_EDGE('',*,*,#4214,.F.);
#2675=ORIENTED_EDGE('',*,*,#4196,.F.);
#2676=ORIENTED_EDGE('',*,*,#4186,.F.);
#2677=ORIENTED_EDGE('',*,*,#4185,.F.);
#2678=ORIENTED_EDGE('',*,*,#4187,.F.);
#2679=ORIENTED_EDGE('',*,*,#4197,.T.);
#2680=ORIENTED_EDGE('',*,*,#4271,.T.);
#2681=ORIENTED_EDGE('',*,*,#4220,.T.);
#2682=ORIENTED_EDGE('',*,*,#4188,.F.);
#2683=ORIENTED_EDGE('',*,*,#4189,.F.);
#2684=ORIENTED_EDGE('',*,*,#4190,.F.);
#2685=ORIENTED_EDGE('',*,*,#4191,.F.);
#2686=ORIENTED_EDGE('',*,*,#4192,.F.);
#2687=ORIENTED_EDGE('',*,*,#4193,.F.);
#2688=ORIENTED_EDGE('',*,*,#4194,.F.);
#2689=ORIENTED_EDGE('',*,*,#4195,.F.);
#2690=ORIENTED_EDGE('',*,*,#4086,.T.);
#2691=ORIENTED_EDGE('',*,*,#4150,.T.);
#2692=ORIENTED_EDGE('',*,*,#4153,.F.);
#2693=ORIENTED_EDGE('',*,*,#4072,.T.);
#2694=ORIENTED_EDGE('',*,*,#4149,.F.);
#2695=ORIENTED_EDGE('',*,*,#4143,.F.);
#2696=ORIENTED_EDGE('',*,*,#4203,.T.);
#2697=ORIENTED_EDGE('',*,*,#4282,.T.);
#2698=ORIENTED_EDGE('',*,*,#4202,.F.);
#2699=ORIENTED_EDGE('',*,*,#4073,.F.);
#2700=ORIENTED_EDGE('',*,*,#4183,.F.);
#2701=ORIENTED_EDGE('',*,*,#4172,.F.);
#2702=ORIENTED_EDGE('',*,*,#4184,.T.);
#2703=ORIENTED_EDGE('',*,*,#4087,.F.);
#2704=ORIENTED_EDGE('',*,*,#4271,.F.);
#2705=ORIENTED_EDGE('',*,*,#3954,.F.);
#2706=ORIENTED_EDGE('',*,*,#4118,.F.);
#2707=ORIENTED_EDGE('',*,*,#4201,.T.);
#2708=ORIENTED_EDGE('',*,*,#4200,.T.);
#2709=ORIENTED_EDGE('',*,*,#4203,.F.);
#2710=ORIENTED_EDGE('',*,*,#4146,.T.);
#2711=ORIENTED_EDGE('',*,*,#4148,.T.);
#2712=ORIENTED_EDGE('',*,*,#4079,.T.);
#2713=ORIENTED_EDGE('',*,*,#4074,.T.);
#2714=ORIENTED_EDGE('',*,*,#3916,.T.);
#2715=ORIENTED_EDGE('',*,*,#4110,.T.);
#2716=ORIENTED_EDGE('',*,*,#4076,.T.);
#2717=ORIENTED_EDGE('',*,*,#4078,.T.);
#2718=ORIENTED_EDGE('',*,*,#4082,.T.);
#2719=ORIENTED_EDGE('',*,*,#4046,.T.);
#2720=ORIENTED_EDGE('',*,*,#4217,.F.);
#2721=ORIENTED_EDGE('',*,*,#4183,.T.);
#2722=ORIENTED_EDGE('',*,*,#4048,.F.);
#2723=ORIENTED_EDGE('',*,*,#4059,.F.);
#2724=ORIENTED_EDGE('',*,*,#4204,.T.);
#2725=ORIENTED_EDGE('',*,*,#4182,.F.);
#2726=ORIENTED_EDGE('',*,*,#4178,.F.);
#2727=ORIENTED_EDGE('',*,*,#4205,.F.);
#2728=ORIENTED_EDGE('',*,*,#4045,.T.);
#2729=ORIENTED_EDGE('',*,*,#4206,.F.);
#2730=ORIENTED_EDGE('',*,*,#3933,.T.);
#2731=ORIENTED_EDGE('',*,*,#4087,.T.);
#2732=ORIENTED_EDGE('',*,*,#4207,.T.);
#2733=ORIENTED_EDGE('',*,*,#3928,.T.);
#2734=ORIENTED_EDGE('',*,*,#4208,.T.);
#2735=ORIENTED_EDGE('',*,*,#4112,.F.);
#2736=ORIENTED_EDGE('',*,*,#3954,.T.);
#2737=ORIENTED_EDGE('',*,*,#4197,.F.);
#2738=ORIENTED_EDGE('',*,*,#3938,.F.);
#2739=ORIENTED_EDGE('',*,*,#4209,.F.);
#2740=ORIENTED_EDGE('',*,*,#4218,.F.);
#2741=ORIENTED_EDGE('',*,*,#4220,.F.);
#2742=ORIENTED_EDGE('',*,*,#4217,.T.);
#2743=ORIENTED_EDGE('',*,*,#4219,.F.);
#2744=ORIENTED_EDGE('',*,*,#4113,.F.);
#2745=ORIENTED_EDGE('',*,*,#4221,.F.);
#2746=ORIENTED_EDGE('',*,*,#4215,.T.);
#2747=ORIENTED_EDGE('',*,*,#4222,.F.);
#2748=ORIENTED_EDGE('',*,*,#4213,.F.);
#2749=ORIENTED_EDGE('',*,*,#4223,.F.);
#2750=ORIENTED_EDGE('',*,*,#4216,.T.);
#2751=ORIENTED_EDGE('',*,*,#4224,.F.);
#2752=ORIENTED_EDGE('',*,*,#4212,.F.);
#2753=ORIENTED_EDGE('',*,*,#4226,.F.);
#2754=ORIENTED_EDGE('',*,*,#4214,.T.);
#2755=ORIENTED_EDGE('',*,*,#4225,.F.);
#2756=ORIENTED_EDGE('',*,*,#4115,.F.);
#2757=ORIENTED_EDGE('',*,*,#4227,.F.);
#2758=ORIENTED_EDGE('',*,*,#4218,.T.);
#2759=ORIENTED_EDGE('',*,*,#4228,.F.);
#2760=ORIENTED_EDGE('',*,*,#4211,.F.);
#2761=ORIENTED_EDGE('',*,*,#4230,.F.);
#2762=ORIENTED_EDGE('',*,*,#4278,.T.);
#2763=ORIENTED_EDGE('',*,*,#4229,.F.);
#2764=ORIENTED_EDGE('',*,*,#4210,.F.);
#2765=ORIENTED_EDGE('',*,*,#3941,.T.);
#2766=ORIENTED_EDGE('',*,*,#4232,.T.);
#2767=ORIENTED_EDGE('',*,*,#4231,.F.);
#2768=ORIENTED_EDGE('',*,*,#4233,.F.);
#2769=ORIENTED_EDGE('',*,*,#3940,.T.);
#2770=ORIENTED_EDGE('',*,*,#4233,.T.);
#2771=ORIENTED_EDGE('',*,*,#4234,.F.);
#2772=ORIENTED_EDGE('',*,*,#4235,.T.);
#2773=ORIENTED_EDGE('',*,*,#3942,.T.);
#2774=ORIENTED_EDGE('',*,*,#4235,.F.);
#2775=ORIENTED_EDGE('',*,*,#4236,.F.);
#2776=ORIENTED_EDGE('',*,*,#4238,.F.);
#2777=ORIENTED_EDGE('',*,*,#3943,.T.);
#2778=ORIENTED_EDGE('',*,*,#4238,.T.);
#2779=ORIENTED_EDGE('',*,*,#4237,.F.);
#2780=ORIENTED_EDGE('',*,*,#4232,.F.);
#2781=ORIENTED_EDGE('',*,*,#3947,.T.);
#2782=ORIENTED_EDGE('',*,*,#4241,.T.);
#2783=ORIENTED_EDGE('',*,*,#4240,.F.);
#2784=ORIENTED_EDGE('',*,*,#4239,.T.);
#2785=ORIENTED_EDGE('',*,*,#3948,.T.);
#2786=ORIENTED_EDGE('',*,*,#4239,.F.);
#2787=ORIENTED_EDGE('',*,*,#4242,.F.);
#2788=ORIENTED_EDGE('',*,*,#4243,.T.);
#2789=ORIENTED_EDGE('',*,*,#3950,.T.);
#2790=ORIENTED_EDGE('',*,*,#4243,.F.);
#2791=ORIENTED_EDGE('',*,*,#4244,.F.);
#2792=ORIENTED_EDGE('',*,*,#4246,.F.);
#2793=ORIENTED_EDGE('',*,*,#3949,.T.);
#2794=ORIENTED_EDGE('',*,*,#4246,.T.);
#2795=ORIENTED_EDGE('',*,*,#4245,.F.);
#2796=ORIENTED_EDGE('',*,*,#4241,.F.);
#2797=ORIENTED_EDGE('',*,*,#4247,.T.);
#2798=ORIENTED_EDGE('',*,*,#4274,.F.);
#2799=ORIENTED_EDGE('',*,*,#4250,.F.);
#2800=ORIENTED_EDGE('',*,*,#3959,.T.);
#2801=ORIENTED_EDGE('',*,*,#4250,.T.);
#2802=ORIENTED_EDGE('',*,*,#4248,.F.);
#2803=ORIENTED_EDGE('',*,*,#4249,.T.);
#2804=ORIENTED_EDGE('',*,*,#3962,.T.);
#2805=ORIENTED_EDGE('',*,*,#4253,.T.);
#2806=ORIENTED_EDGE('',*,*,#4252,.F.);
#2807=ORIENTED_EDGE('',*,*,#4251,.F.);
#2808=ORIENTED_EDGE('',*,*,#3961,.T.);
#2809=ORIENTED_EDGE('',*,*,#4249,.F.);
#2810=ORIENTED_EDGE('',*,*,#4254,.F.);
#2811=ORIENTED_EDGE('',*,*,#4253,.F.);
#2812=ORIENTED_EDGE('',*,*,#4021,.T.);
#2813=ORIENTED_EDGE('',*,*,#4276,.F.);
#2814=ORIENTED_EDGE('',*,*,#4257,.F.);
#2815=ORIENTED_EDGE('',*,*,#4261,.F.);
#2816=ORIENTED_EDGE('',*,*,#4023,.T.);
#2817=ORIENTED_EDGE('',*,*,#4258,.T.);
#2818=ORIENTED_EDGE('',*,*,#4277,.F.);
#2819=ORIENTED_EDGE('',*,*,#4256,.F.);
#2820=ORIENTED_EDGE('',*,*,#4022,.T.);
#2821=ORIENTED_EDGE('',*,*,#4260,.T.);
#2822=ORIENTED_EDGE('',*,*,#4259,.F.);
#2823=ORIENTED_EDGE('',*,*,#4258,.F.);
#2824=ORIENTED_EDGE('',*,*,#4020,.T.);
#2825=ORIENTED_EDGE('',*,*,#4261,.T.);
#2826=ORIENTED_EDGE('',*,*,#4262,.F.);
#2827=ORIENTED_EDGE('',*,*,#4260,.F.);
#2828=ORIENTED_EDGE('',*,*,#4029,.T.);
#2829=ORIENTED_EDGE('',*,*,#4263,.T.);
#2830=ORIENTED_EDGE('',*,*,#4264,.F.);
#2831=ORIENTED_EDGE('',*,*,#4265,.T.);
#2832=ORIENTED_EDGE('',*,*,#4030,.T.);
#2833=ORIENTED_EDGE('',*,*,#4267,.F.);
#2834=ORIENTED_EDGE('',*,*,#4266,.F.);
#2835=ORIENTED_EDGE('',*,*,#4263,.F.);
#2836=ORIENTED_EDGE('',*,*,#4027,.T.);
#2837=ORIENTED_EDGE('',*,*,#4269,.T.);
#2838=ORIENTED_EDGE('',*,*,#4268,.F.);
#2839=ORIENTED_EDGE('',*,*,#4267,.T.);
#2840=ORIENTED_EDGE('',*,*,#4028,.T.);
#2841=ORIENTED_EDGE('',*,*,#4265,.F.);
#2842=ORIENTED_EDGE('',*,*,#4270,.F.);
#2843=ORIENTED_EDGE('',*,*,#4269,.F.);
#2844=ORIENTED_EDGE('',*,*,#3960,.T.);
#2845=ORIENTED_EDGE('',*,*,#4251,.T.);
#2846=ORIENTED_EDGE('',*,*,#4275,.F.);
#2847=ORIENTED_EDGE('',*,*,#4247,.F.);
#2848=ORIENTED_EDGE('',*,*,#4256,.T.);
#2849=ORIENTED_EDGE('',*,*,#4255,.F.);
#2850=ORIENTED_EDGE('',*,*,#4276,.T.);
#2851=ORIENTED_EDGE('',*,*,#4280,.T.);
#2852=ORIENTED_EDGE('',*,*,#4060,.F.);
#2853=ORIENTED_EDGE('',*,*,#4049,.F.);
#2854=ORIENTED_EDGE('',*,*,#4202,.T.);
#2855=ORIENTED_EDGE('',*,*,#4279,.F.);
#2856=ORIENTED_EDGE('',*,*,#4281,.T.);
#2857=ORIENTED_EDGE('',*,*,#4230,.T.);
#2858=ORIENTED_EDGE('',*,*,#4117,.F.);
#2859=ORIENTED_EDGE('',*,*,#4228,.T.);
#2860=ORIENTED_EDGE('',*,*,#4209,.T.);
#2861=ORIENTED_EDGE('',*,*,#3939,.T.);
#2862=ORIENTED_EDGE('',*,*,#3958,.T.);
#2863=ORIENTED_EDGE('',*,*,#3936,.T.);
#2864=ORIENTED_EDGE('',*,*,#3957,.T.);
#2865=ORIENTED_EDGE('',*,*,#4219,.T.);
#2866=ORIENTED_EDGE('',*,*,#4046,.F.);
#2867=ORIENTED_EDGE('',*,*,#4044,.T.);
#2868=ORIENTED_EDGE('',*,*,#3935,.F.);
#2869=ORIENTED_EDGE('',*,*,#4069,.F.);
#2870=ORIENTED_EDGE('',*,*,#4280,.F.);
#2871=ORIENTED_EDGE('',*,*,#3908,.F.);
#2872=ORIENTED_EDGE('',*,*,#3904,.F.);
#2873=ORIENTED_EDGE('',*,*,#3911,.F.);
#2874=ORIENTED_EDGE('',*,*,#4296,.F.);
#2875=ORIENTED_EDGE('',*,*,#4007,.F.);
#2876=ORIENTED_EDGE('',*,*,#4236,.T.);
#2877=ORIENTED_EDGE('',*,*,#4234,.T.);
#2878=ORIENTED_EDGE('',*,*,#4231,.T.);
#2879=ORIENTED_EDGE('',*,*,#4237,.T.);
#2880=ORIENTED_EDGE('',*,*,#4244,.T.);
#2881=ORIENTED_EDGE('',*,*,#4242,.T.);
#2882=ORIENTED_EDGE('',*,*,#4240,.T.);
#2883=ORIENTED_EDGE('',*,*,#4245,.T.);
#2884=ORIENTED_EDGE('',*,*,#4288,.T.);
#2885=ORIENTED_EDGE('',*,*,#4328,.T.);
#2886=ORIENTED_EDGE('',*,*,#3910,.T.);
#2887=ORIENTED_EDGE('',*,*,#4283,.T.);
#2888=ORIENTED_EDGE('',*,*,#4201,.F.);
#2889=ORIENTED_EDGE('',*,*,#4116,.F.);
#2890=ORIENTED_EDGE('',*,*,#4278,.F.);
#2891=ORIENTED_EDGE('',*,*,#4281,.F.);
#2892=ORIENTED_EDGE('',*,*,#4282,.F.);
#2893=ORIENTED_EDGE('',*,*,#4200,.F.);
#2894=ORIENTED_EDGE('',*,*,#4283,.F.);
#2895=ORIENTED_EDGE('',*,*,#3912,.T.);
#2896=ORIENTED_EDGE('',*,*,#3906,.T.);
#2897=ORIENTED_EDGE('',*,*,#3909,.T.);
#2898=ORIENTED_EDGE('',*,*,#4286,.T.);
#2899=ORIENTED_EDGE('',*,*,#4326,.T.);
#2900=ORIENTED_EDGE('',*,*,#4284,.F.);
#2901=ORIENTED_EDGE('',*,*,#4285,.T.);
#2902=ORIENTED_EDGE('',*,*,#4326,.F.);
#2903=ORIENTED_EDGE('',*,*,#4324,.F.);
#2904=ORIENTED_EDGE('',*,*,#4327,.T.);
#2905=ORIENTED_EDGE('',*,*,#4288,.F.);
#2906=ORIENTED_EDGE('',*,*,#4287,.F.);
#2907=ORIENTED_EDGE('',*,*,#4284,.T.);
#2908=ORIENTED_EDGE('',*,*,#3966,.F.);
#2909=ORIENTED_EDGE('',*,*,#3968,.T.);
#2910=ORIENTED_EDGE('',*,*,#4291,.F.);
#2911=ORIENTED_EDGE('',*,*,#4289,.F.);
#2912=ORIENTED_EDGE('',*,*,#3969,.F.);
#2913=ORIENTED_EDGE('',*,*,#3971,.T.);
#2914=ORIENTED_EDGE('',*,*,#4294,.F.);
#2915=ORIENTED_EDGE('',*,*,#4292,.F.);
#2916=ORIENTED_EDGE('',*,*,#4297,.T.);
#2917=ORIENTED_EDGE('',*,*,#3972,.T.);
#2918=ORIENTED_EDGE('',*,*,#4007,.T.);
#2919=ORIENTED_EDGE('',*,*,#4295,.F.);
#2920=ORIENTED_EDGE('',*,*,#3974,.F.);
#2921=ORIENTED_EDGE('',*,*,#3975,.T.);
#2922=ORIENTED_EDGE('',*,*,#4299,.F.);
#2923=ORIENTED_EDGE('',*,*,#4298,.F.);
#2924=ORIENTED_EDGE('',*,*,#3976,.F.);
#2925=ORIENTED_EDGE('',*,*,#3977,.T.);
#2926=ORIENTED_EDGE('',*,*,#3979,.F.);
#2927=ORIENTED_EDGE('',*,*,#4301,.F.);
#2928=ORIENTED_EDGE('',*,*,#4305,.T.);
#2929=ORIENTED_EDGE('',*,*,#4010,.T.);
#2930=ORIENTED_EDGE('',*,*,#4304,.F.);
#2931=ORIENTED_EDGE('',*,*,#4303,.F.);
#2932=ORIENTED_EDGE('',*,*,#3982,.T.);
#2933=ORIENTED_EDGE('',*,*,#3981,.T.);
#2934=ORIENTED_EDGE('',*,*,#3980,.T.);
#2935=ORIENTED_EDGE('',*,*,#4306,.F.);
#2936=ORIENTED_EDGE('',*,*,#4310,.T.);
#2937=ORIENTED_EDGE('',*,*,#3983,.T.);
#2938=ORIENTED_EDGE('',*,*,#4005,.T.);
#2939=ORIENTED_EDGE('',*,*,#4308,.F.);
#2940=ORIENTED_EDGE('',*,*,#3985,.F.);
#2941=ORIENTED_EDGE('',*,*,#3986,.T.);
#2942=ORIENTED_EDGE('',*,*,#4312,.F.);
#2943=ORIENTED_EDGE('',*,*,#4311,.F.);
#2944=ORIENTED_EDGE('',*,*,#3987,.F.);
#2945=ORIENTED_EDGE('',*,*,#3988,.T.);
#2946=ORIENTED_EDGE('',*,*,#3990,.F.);
#2947=ORIENTED_EDGE('',*,*,#4314,.F.);
#2948=ORIENTED_EDGE('',*,*,#4318,.T.);
#2949=ORIENTED_EDGE('',*,*,#4012,.T.);
#2950=ORIENTED_EDGE('',*,*,#4317,.F.);
#2951=ORIENTED_EDGE('',*,*,#4316,.F.);
#2952=ORIENTED_EDGE('',*,*,#3993,.T.);
#2953=ORIENTED_EDGE('',*,*,#3992,.T.);
#2954=ORIENTED_EDGE('',*,*,#3991,.T.);
#2955=ORIENTED_EDGE('',*,*,#4319,.F.);
#2956=ORIENTED_EDGE('',*,*,#4003,.F.);
#2957=ORIENTED_EDGE('',*,*,#4004,.T.);
#2958=ORIENTED_EDGE('',*,*,#4139,.F.);
#2959=ORIENTED_EDGE('',*,*,#4133,.T.);
#2960=ORIENTED_EDGE('',*,*,#4137,.F.);
#2961=ORIENTED_EDGE('',*,*,#4135,.T.);
#2962=ORIENTED_EDGE('',*,*,#4323,.F.);
#2963=ORIENTED_EDGE('',*,*,#4321,.F.);
#2964=ORIENTED_EDGE('',*,*,#4324,.T.);
#2965=ORIENTED_EDGE('',*,*,#4286,.F.);
#2966=ORIENTED_EDGE('',*,*,#4285,.F.);
#2967=ORIENTED_EDGE('',*,*,#4325,.F.);
#2968=ORIENTED_EDGE('',*,*,#4325,.T.);
#2969=ORIENTED_EDGE('',*,*,#4287,.T.);
#2970=ORIENTED_EDGE('',*,*,#4328,.F.);
#2971=ORIENTED_EDGE('',*,*,#4327,.F.);
#2972=ORIENTED_EDGE('',*,*,#4626,.F.);
#2973=ORIENTED_EDGE('',*,*,#4329,.T.);
#2974=ORIENTED_EDGE('',*,*,#4629,.F.);
#2975=ORIENTED_EDGE('',*,*,#4625,.F.);
#2976=ORIENTED_EDGE('',*,*,#4330,.F.);
#2977=ORIENTED_EDGE('',*,*,#4628,.T.);
#2978=ORIENTED_EDGE('',*,*,#4629,.T.);
#2979=ORIENTED_EDGE('',*,*,#4331,.T.);
#2980=ORIENTED_EDGE('',*,*,#4627,.T.);
#2981=ORIENTED_EDGE('',*,*,#4595,.T.);
#2982=ORIENTED_EDGE('',*,*,#4596,.T.);
#2983=ORIENTED_EDGE('',*,*,#4593,.T.);
#2984=ORIENTED_EDGE('',*,*,#4443,.F.);
#2985=ORIENTED_EDGE('',*,*,#4522,.T.);
#2986=ORIENTED_EDGE('',*,*,#4539,.T.);
#2987=ORIENTED_EDGE('',*,*,#4336,.F.);
#2988=ORIENTED_EDGE('',*,*,#4540,.F.);
#2989=ORIENTED_EDGE('',*,*,#4523,.T.);
#2990=ORIENTED_EDGE('',*,*,#4542,.T.);
#2991=ORIENTED_EDGE('',*,*,#4337,.F.);
#2992=ORIENTED_EDGE('',*,*,#4541,.F.);
#2993=ORIENTED_EDGE('',*,*,#4524,.T.);
#2994=ORIENTED_EDGE('',*,*,#4543,.T.);
#2995=ORIENTED_EDGE('',*,*,#4338,.F.);
#2996=ORIENTED_EDGE('',*,*,#4542,.F.);
#2997=ORIENTED_EDGE('',*,*,#4526,.T.);
#2998=ORIENTED_EDGE('',*,*,#4525,.T.);
#2999=ORIENTED_EDGE('',*,*,#4339,.F.);
#3000=ORIENTED_EDGE('',*,*,#4543,.F.);
#3001=ORIENTED_EDGE('',*,*,#4527,.T.);
#3002=ORIENTED_EDGE('',*,*,#4528,.T.);
#3003=ORIENTED_EDGE('',*,*,#4540,.T.);
#3004=ORIENTED_EDGE('',*,*,#4544,.F.);
#3005=ORIENTED_EDGE('',*,*,#4545,.T.);
#3006=ORIENTED_EDGE('',*,*,#4340,.F.);
#3007=ORIENTED_EDGE('',*,*,#4539,.F.);
#3008=ORIENTED_EDGE('',*,*,#4529,.F.);
#3009=ORIENTED_EDGE('',*,*,#4530,.T.);
#3010=ORIENTED_EDGE('',*,*,#4541,.T.);
#3011=ORIENTED_EDGE('',*,*,#4341,.T.);
#3012=ORIENTED_EDGE('',*,*,#4546,.F.);
#3013=ORIENTED_EDGE('',*,*,#4531,.T.);
#3014=ORIENTED_EDGE('',*,*,#4343,.F.);
#3015=ORIENTED_EDGE('',*,*,#4342,.F.);
#3016=ORIENTED_EDGE('',*,*,#4344,.T.);
#3017=ORIENTED_EDGE('',*,*,#4532,.T.);
#3018=ORIENTED_EDGE('',*,*,#4347,.F.);
#3019=ORIENTED_EDGE('',*,*,#4346,.F.);
#3020=ORIENTED_EDGE('',*,*,#4345,.T.);
#3021=ORIENTED_EDGE('',*,*,#4533,.T.);
#3022=ORIENTED_EDGE('',*,*,#4349,.F.);
#3023=ORIENTED_EDGE('',*,*,#4348,.F.);
#3024=ORIENTED_EDGE('',*,*,#4347,.T.);
#3025=ORIENTED_EDGE('',*,*,#4650,.F.);
#3026=ORIENTED_EDGE('',*,*,#4350,.F.);
#3027=ORIENTED_EDGE('',*,*,#4349,.T.);
#3028=ORIENTED_EDGE('',*,*,#4534,.T.);
#3029=ORIENTED_EDGE('',*,*,#4535,.T.);
#3030=ORIENTED_EDGE('',*,*,#4344,.F.);
#3031=ORIENTED_EDGE('',*,*,#4352,.F.);
#3032=ORIENTED_EDGE('',*,*,#4649,.F.);
#3033=ORIENTED_EDGE('',*,*,#4536,.T.);
#3034=ORIENTED_EDGE('',*,*,#4353,.F.);
#3035=ORIENTED_EDGE('',*,*,#4355,.F.);
#3036=ORIENTED_EDGE('',*,*,#4343,.T.);
#3037=ORIENTED_EDGE('',*,*,#4537,.T.);
#3038=ORIENTED_EDGE('',*,*,#4345,.F.);
#3039=ORIENTED_EDGE('',*,*,#4356,.T.);
#3040=ORIENTED_EDGE('',*,*,#4354,.T.);
#3041=ORIENTED_EDGE('',*,*,#4616,.T.);
#3042=ORIENTED_EDGE('',*,*,#4389,.F.);
#3043=ORIENTED_EDGE('',*,*,#4362,.F.);
#3044=ORIENTED_EDGE('',*,*,#4361,.T.);
#3045=ORIENTED_EDGE('',*,*,#4367,.T.);
#3046=ORIENTED_EDGE('',*,*,#4617,.T.);
#3047=ORIENTED_EDGE('',*,*,#4623,.T.);
#3048=ORIENTED_EDGE('',*,*,#4363,.F.);
#3049=ORIENTED_EDGE('',*,*,#4368,.T.);
#3050=ORIENTED_EDGE('',*,*,#4618,.T.);
#3051=ORIENTED_EDGE('',*,*,#4367,.F.);
#3052=ORIENTED_EDGE('',*,*,#4365,.F.);
#3053=ORIENTED_EDGE('',*,*,#4369,.T.);
#3054=ORIENTED_EDGE('',*,*,#4619,.T.);
#3055=ORIENTED_EDGE('',*,*,#4368,.F.);
#3056=ORIENTED_EDGE('',*,*,#4364,.F.);
#3057=ORIENTED_EDGE('',*,*,#4623,.F.);
#3058=ORIENTED_EDGE('',*,*,#4620,.T.);
#3059=ORIENTED_EDGE('',*,*,#4369,.F.);
#3060=ORIENTED_EDGE('',*,*,#4383,.F.);
#3061=ORIENTED_EDGE('',*,*,#4632,.T.);
#3062=ORIENTED_EDGE('',*,*,#4372,.F.);
#3063=ORIENTED_EDGE('',*,*,#4371,.F.);
#3064=ORIENTED_EDGE('',*,*,#4390,.T.);
#3065=ORIENTED_EDGE('',*,*,#4633,.T.);
#3066=ORIENTED_EDGE('',*,*,#4391,.F.);
#3067=ORIENTED_EDGE('',*,*,#4374,.F.);
#3068=ORIENTED_EDGE('',*,*,#4373,.T.);
#3069=ORIENTED_EDGE('',*,*,#4379,.T.);
#3070=ORIENTED_EDGE('',*,*,#4634,.T.);
#3071=ORIENTED_EDGE('',*,*,#4645,.T.);
#3072=ORIENTED_EDGE('',*,*,#4375,.F.);
#3073=ORIENTED_EDGE('',*,*,#4380,.T.);
#3074=ORIENTED_EDGE('',*,*,#4635,.T.);
#3075=ORIENTED_EDGE('',*,*,#4379,.F.);
#3076=ORIENTED_EDGE('',*,*,#4377,.F.);
#3077=ORIENTED_EDGE('',*,*,#4381,.T.);
#3078=ORIENTED_EDGE('',*,*,#4636,.T.);
#3079=ORIENTED_EDGE('',*,*,#4380,.F.);
#3080=ORIENTED_EDGE('',*,*,#4376,.F.);
#3081=ORIENTED_EDGE('',*,*,#4645,.F.);
#3082=ORIENTED_EDGE('',*,*,#4637,.T.);
#3083=ORIENTED_EDGE('',*,*,#4381,.F.);
#3084=ORIENTED_EDGE('',*,*,#4378,.F.);
#3085=ORIENTED_EDGE('',*,*,#4386,.T.);
#3086=ORIENTED_EDGE('',*,*,#4638,.T.);
#3087=ORIENTED_EDGE('',*,*,#4646,.T.);
#3088=ORIENTED_EDGE('',*,*,#4384,.F.);
#3089=ORIENTED_EDGE('',*,*,#4387,.T.);
#3090=ORIENTED_EDGE('',*,*,#4639,.T.);
#3091=ORIENTED_EDGE('',*,*,#4386,.F.);
#3092=ORIENTED_EDGE('',*,*,#4385,.F.);
#3093=ORIENTED_EDGE('',*,*,#4388,.T.);
#3094=ORIENTED_EDGE('',*,*,#4640,.T.);
#3095=ORIENTED_EDGE('',*,*,#4387,.F.);
#3096=ORIENTED_EDGE('',*,*,#4366,.F.);
#3097=ORIENTED_EDGE('',*,*,#4646,.F.);
#3098=ORIENTED_EDGE('',*,*,#4641,.T.);
#3099=ORIENTED_EDGE('',*,*,#4388,.F.);
#3100=ORIENTED_EDGE('',*,*,#4382,.F.);
#3101=ORIENTED_EDGE('',*,*,#4644,.T.);
#3102=ORIENTED_EDGE('',*,*,#4390,.F.);
#3103=ORIENTED_EDGE('',*,*,#4394,.F.);
#3104=ORIENTED_EDGE('',*,*,#4391,.T.);
#3105=ORIENTED_EDGE('',*,*,#4589,.T.);
#3106=ORIENTED_EDGE('',*,*,#4395,.F.);
#3107=ORIENTED_EDGE('',*,*,#4389,.T.);
#3108=ORIENTED_EDGE('',*,*,#4622,.T.);
#3109=ORIENTED_EDGE('',*,*,#4409,.T.);
#3110=ORIENTED_EDGE('',*,*,#4735,.T.);
#3111=ORIENTED_EDGE('',*,*,#4413,.T.);
#3112=ORIENTED_EDGE('',*,*,#4739,.T.);
#3113=ORIENTED_EDGE('',*,*,#4733,.T.);
#3114=ORIENTED_EDGE('',*,*,#4408,.F.);
#3115=ORIENTED_EDGE('',*,*,#4410,.F.);
#3116=ORIENTED_EDGE('',*,*,#4735,.F.);
#3117=ORIENTED_EDGE('',*,*,#4411,.T.);
#3118=ORIENTED_EDGE('',*,*,#4737,.T.);
#3119=ORIENTED_EDGE('',*,*,#4408,.T.);
#3120=ORIENTED_EDGE('',*,*,#4734,.T.);
#3121=ORIENTED_EDGE('',*,*,#4736,.T.);
#3122=ORIENTED_EDGE('',*,*,#4417,.F.);
#3123=ORIENTED_EDGE('',*,*,#4412,.F.);
#3124=ORIENTED_EDGE('',*,*,#4737,.F.);
#3125=ORIENTED_EDGE('',*,*,#4738,.T.);
#3126=ORIENTED_EDGE('',*,*,#4413,.F.);
#3127=ORIENTED_EDGE('',*,*,#4420,.F.);
#3128=ORIENTED_EDGE('',*,*,#4419,.T.);
#3129=ORIENTED_EDGE('',*,*,#4754,.F.);
#3130=ORIENTED_EDGE('',*,*,#4418,.F.);
#3131=ORIENTED_EDGE('',*,*,#4742,.F.);
#3132=ORIENTED_EDGE('',*,*,#4415,.F.);
#3133=ORIENTED_EDGE('',*,*,#4741,.T.);
#3134=ORIENTED_EDGE('',*,*,#4742,.T.);
#3135=ORIENTED_EDGE('',*,*,#4416,.F.);
#3136=ORIENTED_EDGE('',*,*,#4414,.T.);
#3137=ORIENTED_EDGE('',*,*,#4406,.T.);
#3138=ORIENTED_EDGE('',*,*,#4760,.T.);
#3139=ORIENTED_EDGE('',*,*,#4740,.F.);
#3140=ORIENTED_EDGE('',*,*,#4419,.F.);
#3141=ORIENTED_EDGE('',*,*,#4424,.T.);
#3142=ORIENTED_EDGE('',*,*,#4745,.T.);
#3143=ORIENTED_EDGE('',*,*,#4428,.T.);
#3144=ORIENTED_EDGE('',*,*,#4749,.T.);
#3145=ORIENTED_EDGE('',*,*,#4743,.T.);
#3146=ORIENTED_EDGE('',*,*,#4423,.F.);
#3147=ORIENTED_EDGE('',*,*,#4425,.F.);
#3148=ORIENTED_EDGE('',*,*,#4745,.F.);
#3149=ORIENTED_EDGE('',*,*,#4426,.T.);
#3150=ORIENTED_EDGE('',*,*,#4747,.T.);
#3151=ORIENTED_EDGE('',*,*,#4423,.T.);
#3152=ORIENTED_EDGE('',*,*,#4744,.T.);
#3153=ORIENTED_EDGE('',*,*,#4746,.T.);
#3154=ORIENTED_EDGE('',*,*,#4432,.F.);
#3155=ORIENTED_EDGE('',*,*,#4427,.F.);
#3156=ORIENTED_EDGE('',*,*,#4747,.F.);
#3157=ORIENTED_EDGE('',*,*,#4748,.T.);
#3158=ORIENTED_EDGE('',*,*,#4428,.F.);
#3159=ORIENTED_EDGE('',*,*,#4435,.F.);
#3160=ORIENTED_EDGE('',*,*,#4434,.T.);
#3161=ORIENTED_EDGE('',*,*,#4757,.F.);
#3162=ORIENTED_EDGE('',*,*,#4433,.F.);
#3163=ORIENTED_EDGE('',*,*,#4752,.F.);
#3164=ORIENTED_EDGE('',*,*,#4430,.F.);
#3165=ORIENTED_EDGE('',*,*,#4751,.T.);
#3166=ORIENTED_EDGE('',*,*,#4752,.T.);
#3167=ORIENTED_EDGE('',*,*,#4431,.F.);
#3168=ORIENTED_EDGE('',*,*,#4429,.T.);
#3169=ORIENTED_EDGE('',*,*,#4421,.T.);
#3170=ORIENTED_EDGE('',*,*,#4763,.T.);
#3171=ORIENTED_EDGE('',*,*,#4750,.F.);
#3172=ORIENTED_EDGE('',*,*,#4434,.F.);
#3173=ORIENTED_EDGE('',*,*,#4753,.T.);
#3174=ORIENTED_EDGE('',*,*,#4492,.F.);
#3175=ORIENTED_EDGE('',*,*,#4407,.F.);
#3176=ORIENTED_EDGE('',*,*,#4418,.T.);
#3177=ORIENTED_EDGE('',*,*,#4440,.T.);
#3178=ORIENTED_EDGE('',*,*,#4438,.T.);
#3179=ORIENTED_EDGE('',*,*,#4575,.F.);
#3180=ORIENTED_EDGE('',*,*,#4578,.F.);
#3181=ORIENTED_EDGE('',*,*,#4451,.T.);
#3182=ORIENTED_EDGE('',*,*,#4444,.T.);
#3183=ORIENTED_EDGE('',*,*,#4445,.T.);
#3184=ORIENTED_EDGE('',*,*,#4446,.F.);
#3185=ORIENTED_EDGE('',*,*,#4559,.F.);
#3186=ORIENTED_EDGE('',*,*,#4674,.T.);
#3187=ORIENTED_EDGE('',*,*,#4653,.T.);
#3188=ORIENTED_EDGE('',*,*,#4362,.T.);
#3189=ORIENTED_EDGE('',*,*,#4395,.T.);
#3190=ORIENTED_EDGE('',*,*,#4681,.T.);
#3191=ORIENTED_EDGE('',*,*,#4450,.F.);
#3192=ORIENTED_EDGE('',*,*,#4677,.T.);
#3193=ORIENTED_EDGE('',*,*,#4454,.F.);
#3194=ORIENTED_EDGE('',*,*,#4397,.F.);
#3195=ORIENTED_EDGE('',*,*,#4459,.F.);
#3196=ORIENTED_EDGE('',*,*,#4669,.T.);
#3197=ORIENTED_EDGE('',*,*,#4490,.T.);
#3198=ORIENTED_EDGE('',*,*,#4671,.T.);
#3199=ORIENTED_EDGE('',*,*,#4483,.F.);
#3200=ORIENTED_EDGE('',*,*,#4462,.F.);
#3201=ORIENTED_EDGE('',*,*,#4468,.F.);
#3202=ORIENTED_EDGE('',*,*,#4466,.F.);
#3203=ORIENTED_EDGE('',*,*,#4485,.F.);
#3204=ORIENTED_EDGE('',*,*,#4679,.T.);
#3205=ORIENTED_EDGE('',*,*,#4486,.T.);
#3206=ORIENTED_EDGE('',*,*,#4506,.F.);
#3207=ORIENTED_EDGE('',*,*,#4508,.T.);
#3208=ORIENTED_EDGE('',*,*,#4505,.T.);
#3209=ORIENTED_EDGE('',*,*,#4509,.F.);
#3210=ORIENTED_EDGE('',*,*,#4507,.F.);
#3211=ORIENTED_EDGE('',*,*,#4393,.F.);
#3212=ORIENTED_EDGE('',*,*,#4683,.T.);
#3213=ORIENTED_EDGE('',*,*,#4392,.T.);
#3214=ORIENTED_EDGE('',*,*,#4374,.T.);
#3215=ORIENTED_EDGE('',*,*,#4394,.T.);
#3216=ORIENTED_EDGE('',*,*,#4371,.T.);
#3217=ORIENTED_EDGE('',*,*,#4651,.F.);
#3218=ORIENTED_EDGE('',*,*,#4676,.T.);
#3219=ORIENTED_EDGE('',*,*,#4497,.T.);
#3220=ORIENTED_EDGE('',*,*,#4758,.T.);
#3221=ORIENTED_EDGE('',*,*,#4491,.T.);
#3222=ORIENTED_EDGE('',*,*,#4461,.F.);
#3223=ORIENTED_EDGE('',*,*,#4439,.T.);
#3224=ORIENTED_EDGE('',*,*,#4492,.T.);
#3225=ORIENTED_EDGE('',*,*,#4755,.T.);
#3226=ORIENTED_EDGE('',*,*,#4698,.T.);
#3227=ORIENTED_EDGE('',*,*,#4696,.T.);
#3228=ORIENTED_EDGE('',*,*,#4694,.T.);
#3229=ORIENTED_EDGE('',*,*,#4700,.T.);
#3230=ORIENTED_EDGE('',*,*,#4686,.T.);
#3231=ORIENTED_EDGE('',*,*,#4692,.T.);
#3232=ORIENTED_EDGE('',*,*,#4690,.T.);
#3233=ORIENTED_EDGE('',*,*,#4688,.T.);
#3234=ORIENTED_EDGE('',*,*,#4706,.T.);
#3235=ORIENTED_EDGE('',*,*,#4704,.T.);
#3236=ORIENTED_EDGE('',*,*,#4702,.T.);
#3237=ORIENTED_EDGE('',*,*,#4708,.T.);
#3238=ORIENTED_EDGE('',*,*,#4716,.T.);
#3239=ORIENTED_EDGE('',*,*,#4709,.T.);
#3240=ORIENTED_EDGE('',*,*,#4711,.T.);
#3241=ORIENTED_EDGE('',*,*,#4713,.T.);
#3242=ORIENTED_EDGE('',*,*,#4724,.T.);
#3243=ORIENTED_EDGE('',*,*,#4718,.T.);
#3244=ORIENTED_EDGE('',*,*,#4720,.T.);
#3245=ORIENTED_EDGE('',*,*,#4722,.T.);
#3246=ORIENTED_EDGE('',*,*,#4732,.T.);
#3247=ORIENTED_EDGE('',*,*,#4726,.T.);
#3248=ORIENTED_EDGE('',*,*,#4727,.T.);
#3249=ORIENTED_EDGE('',*,*,#4729,.T.);
#3250=ORIENTED_EDGE('',*,*,#4453,.T.);
#3251=ORIENTED_EDGE('',*,*,#4444,.F.);
#3252=ORIENTED_EDGE('',*,*,#4452,.F.);
#3253=ORIENTED_EDGE('',*,*,#4448,.F.);
#3254=ORIENTED_EDGE('',*,*,#4445,.F.);
#3255=ORIENTED_EDGE('',*,*,#4453,.F.);
#3256=ORIENTED_EDGE('',*,*,#4449,.F.);
#3257=ORIENTED_EDGE('',*,*,#4442,.T.);
#3258=ORIENTED_EDGE('',*,*,#4456,.F.);
#3259=ORIENTED_EDGE('',*,*,#4458,.F.);
#3260=ORIENTED_EDGE('',*,*,#4489,.T.);
#3261=ORIENTED_EDGE('',*,*,#4441,.F.);
#3262=ORIENTED_EDGE('',*,*,#4460,.F.);
#3263=ORIENTED_EDGE('',*,*,#4455,.T.);
#3264=ORIENTED_EDGE('',*,*,#4459,.T.);
#3265=ORIENTED_EDGE('',*,*,#4396,.T.);
#3266=ORIENTED_EDGE('',*,*,#4586,.T.);
#3267=ORIENTED_EDGE('',*,*,#4460,.T.);
#3268=ORIENTED_EDGE('',*,*,#4437,.T.);
#3269=ORIENTED_EDGE('',*,*,#4461,.T.);
#3270=ORIENTED_EDGE('',*,*,#4457,.F.);
#3271=ORIENTED_EDGE('',*,*,#4655,.T.);
#3272=ORIENTED_EDGE('',*,*,#4485,.T.);
#3273=ORIENTED_EDGE('',*,*,#4465,.T.);
#3274=ORIENTED_EDGE('',*,*,#4610,.T.);
#3275=ORIENTED_EDGE('',*,*,#4457,.T.);
#3276=ORIENTED_EDGE('',*,*,#4491,.F.);
#3277=ORIENTED_EDGE('',*,*,#4487,.F.);
#3278=ORIENTED_EDGE('',*,*,#4489,.F.);
#3279=ORIENTED_EDGE('',*,*,#4756,.T.);
#3280=ORIENTED_EDGE('',*,*,#4497,.F.);
#3281=ORIENTED_EDGE('',*,*,#4422,.F.);
#3282=ORIENTED_EDGE('',*,*,#4433,.T.);
#3283=ORIENTED_EDGE('',*,*,#4759,.T.);
#3284=ORIENTED_EDGE('',*,*,#4406,.F.);
#3285=ORIENTED_EDGE('',*,*,#4494,.F.);
#3286=ORIENTED_EDGE('',*,*,#4761,.F.);
#3287=ORIENTED_EDGE('',*,*,#4762,.T.);
#3288=ORIENTED_EDGE('',*,*,#4421,.F.);
#3289=ORIENTED_EDGE('',*,*,#4496,.F.);
#3290=ORIENTED_EDGE('',*,*,#4764,.F.);
#3291=ORIENTED_EDGE('',*,*,#4499,.F.);
#3292=ORIENTED_EDGE('',*,*,#4500,.T.);
#3293=ORIENTED_EDGE('',*,*,#4504,.F.);
#3294=ORIENTED_EDGE('',*,*,#4501,.F.);
#3295=ORIENTED_EDGE('',*,*,#4493,.T.);
#3296=ORIENTED_EDGE('',*,*,#4761,.T.);
#3297=ORIENTED_EDGE('',*,*,#4495,.T.);
#3298=ORIENTED_EDGE('',*,*,#4764,.T.);
#3299=ORIENTED_EDGE('',*,*,#4359,.T.);
#3300=ORIENTED_EDGE('',*,*,#4360,.F.);
#3301=ORIENTED_EDGE('',*,*,#4505,.F.);
#3302=ORIENTED_EDGE('',*,*,#4358,.T.);
#3303=ORIENTED_EDGE('',*,*,#4357,.T.);
#3304=ORIENTED_EDGE('',*,*,#4503,.F.);
#3305=ORIENTED_EDGE('',*,*,#4501,.T.);
#3306=ORIENTED_EDGE('',*,*,#4502,.T.);
#3307=ORIENTED_EDGE('',*,*,#4513,.F.);
#3308=ORIENTED_EDGE('',*,*,#4357,.F.);
#3309=ORIENTED_EDGE('',*,*,#4512,.T.);
#3310=ORIENTED_EDGE('',*,*,#4520,.F.);
#3311=ORIENTED_EDGE('',*,*,#4519,.F.);
#3312=ORIENTED_EDGE('',*,*,#4510,.T.);
#3313=ORIENTED_EDGE('',*,*,#4436,.F.);
#3314=ORIENTED_EDGE('',*,*,#4593,.F.);
#3315=ORIENTED_EDGE('',*,*,#4333,.F.);
#3316=ORIENTED_EDGE('',*,*,#4498,.T.);
#3317=ORIENTED_EDGE('',*,*,#4511,.F.);
#3318=ORIENTED_EDGE('',*,*,#4351,.T.);
#3319=ORIENTED_EDGE('',*,*,#4352,.T.);
#3320=ORIENTED_EDGE('',*,*,#4342,.T.);
#3321=ORIENTED_EDGE('',*,*,#4355,.T.);
#3322=ORIENTED_EDGE('',*,*,#4553,.F.);
#3323=ORIENTED_EDGE('',*,*,#4512,.F.);
#3324=ORIENTED_EDGE('',*,*,#4358,.F.);
#3325=ORIENTED_EDGE('',*,*,#4508,.F.);
#3326=ORIENTED_EDGE('',*,*,#4551,.F.);
#3327=ORIENTED_EDGE('',*,*,#4356,.F.);
#3328=ORIENTED_EDGE('',*,*,#4346,.T.);
#3329=ORIENTED_EDGE('',*,*,#4348,.T.);
#3330=ORIENTED_EDGE('',*,*,#4350,.T.);
#3331=ORIENTED_EDGE('',*,*,#4516,.T.);
#3332=ORIENTED_EDGE('',*,*,#4331,.F.);
#3333=ORIENTED_EDGE('',*,*,#4329,.F.);
#3334=ORIENTED_EDGE('',*,*,#4514,.F.);
#3335=ORIENTED_EDGE('',*,*,#4518,.F.);
#3336=ORIENTED_EDGE('',*,*,#4335,.F.);
#3337=ORIENTED_EDGE('',*,*,#4517,.F.);
#3338=ORIENTED_EDGE('',*,*,#4359,.F.);
#3339=ORIENTED_EDGE('',*,*,#4567,.T.);
#3340=ORIENTED_EDGE('',*,*,#4562,.F.);
#3341=ORIENTED_EDGE('',*,*,#4565,.T.);
#3342=ORIENTED_EDGE('',*,*,#4518,.T.);
#3343=ORIENTED_EDGE('',*,*,#4502,.F.);
#3344=ORIENTED_EDGE('',*,*,#4504,.T.);
#3345=ORIENTED_EDGE('',*,*,#4538,.T.);
#3346=ORIENTED_EDGE('',*,*,#4525,.F.);
#3347=ORIENTED_EDGE('',*,*,#4550,.F.);
#3348=ORIENTED_EDGE('',*,*,#4527,.F.);
#3349=ORIENTED_EDGE('',*,*,#4535,.F.);
#3350=ORIENTED_EDGE('',*,*,#4547,.F.);
#3351=ORIENTED_EDGE('',*,*,#4534,.F.);
#3352=ORIENTED_EDGE('',*,*,#4533,.F.);
#3353=ORIENTED_EDGE('',*,*,#4532,.F.);
#3354=ORIENTED_EDGE('',*,*,#4537,.F.);
#3355=ORIENTED_EDGE('',*,*,#4548,.F.);
#3356=ORIENTED_EDGE('',*,*,#4536,.F.);
#3357=ORIENTED_EDGE('',*,*,#4531,.F.);
#3358=ORIENTED_EDGE('',*,*,#4528,.F.);
#3359=ORIENTED_EDGE('',*,*,#4550,.T.);
#3360=ORIENTED_EDGE('',*,*,#4526,.F.);
#3361=ORIENTED_EDGE('',*,*,#4524,.F.);
#3362=ORIENTED_EDGE('',*,*,#4523,.F.);
#3363=ORIENTED_EDGE('',*,*,#4530,.F.);
#3364=ORIENTED_EDGE('',*,*,#4549,.F.);
#3365=ORIENTED_EDGE('',*,*,#4529,.T.);
#3366=ORIENTED_EDGE('',*,*,#4522,.F.);
#3367=ORIENTED_EDGE('',*,*,#4654,.F.);
#3368=ORIENTED_EDGE('',*,*,#4509,.T.);
#3369=ORIENTED_EDGE('',*,*,#4360,.T.);
#3370=ORIENTED_EDGE('',*,*,#4517,.T.);
#3371=ORIENTED_EDGE('',*,*,#4656,.T.);
#3372=ORIENTED_EDGE('',*,*,#4559,.T.);
#3373=ORIENTED_EDGE('',*,*,#4657,.T.);
#3374=ORIENTED_EDGE('',*,*,#4556,.F.);
#3375=ORIENTED_EDGE('',*,*,#4558,.T.);
#3376=ORIENTED_EDGE('',*,*,#4560,.T.);
#3377=ORIENTED_EDGE('',*,*,#4554,.T.);
#3378=ORIENTED_EDGE('',*,*,#4673,.T.);
#3379=ORIENTED_EDGE('',*,*,#4556,.T.);
#3380=ORIENTED_EDGE('',*,*,#4675,.T.);
#3381=ORIENTED_EDGE('',*,*,#4452,.T.);
#3382=ORIENTED_EDGE('',*,*,#4451,.F.);
#3383=ORIENTED_EDGE('',*,*,#4447,.F.);
#3384=ORIENTED_EDGE('',*,*,#4563,.T.);
#3385=ORIENTED_EDGE('',*,*,#4562,.T.);
#3386=ORIENTED_EDGE('',*,*,#4561,.F.);
#3387=ORIENTED_EDGE('',*,*,#4564,.F.);
#3388=ORIENTED_EDGE('',*,*,#4569,.F.);
#3389=ORIENTED_EDGE('',*,*,#4571,.T.);
#3390=ORIENTED_EDGE('',*,*,#4568,.F.);
#3391=ORIENTED_EDGE('',*,*,#4570,.F.);
#3392=ORIENTED_EDGE('',*,*,#4574,.T.);
#3393=ORIENTED_EDGE('',*,*,#4499,.T.);
#3394=ORIENTED_EDGE('',*,*,#4503,.T.);
#3395=ORIENTED_EDGE('',*,*,#4513,.T.);
#3396=ORIENTED_EDGE('',*,*,#4573,.F.);
#3397=ORIENTED_EDGE('',*,*,#4570,.T.);
#3398=ORIENTED_EDGE('',*,*,#4521,.F.);
#3399=ORIENTED_EDGE('',*,*,#4511,.T.);
#3400=ORIENTED_EDGE('',*,*,#4572,.F.);
#3401=ORIENTED_EDGE('',*,*,#4571,.F.);
#3402=ORIENTED_EDGE('',*,*,#4586,.F.);
#3403=ORIENTED_EDGE('',*,*,#4579,.T.);
#3404=ORIENTED_EDGE('',*,*,#4584,.T.);
#3405=ORIENTED_EDGE('',*,*,#4678,.T.);
#3406=ORIENTED_EDGE('',*,*,#4613,.T.);
#3407=ORIENTED_EDGE('',*,*,#4576,.T.);
#3408=ORIENTED_EDGE('',*,*,#4334,.T.);
#3409=ORIENTED_EDGE('',*,*,#4594,.T.);
#3410=ORIENTED_EDGE('',*,*,#4575,.T.);
#3411=ORIENTED_EDGE('',*,*,#4585,.T.);
#3412=ORIENTED_EDGE('',*,*,#4577,.T.);
#3413=ORIENTED_EDGE('',*,*,#4648,.T.);
#3414=ORIENTED_EDGE('',*,*,#4670,.T.);
#3415=ORIENTED_EDGE('',*,*,#4583,.T.);
#3416=ORIENTED_EDGE('',*,*,#4582,.T.);
#3417=ORIENTED_EDGE('',*,*,#4581,.T.);
#3418=ORIENTED_EDGE('',*,*,#4580,.T.);
#3419=ORIENTED_EDGE('',*,*,#4488,.T.);
#3420=ORIENTED_EDGE('',*,*,#4442,.F.);
#3421=ORIENTED_EDGE('',*,*,#4588,.F.);
#3422=ORIENTED_EDGE('',*,*,#4438,.F.);
#3423=ORIENTED_EDGE('',*,*,#4440,.F.);
#3424=ORIENTED_EDGE('',*,*,#4443,.T.);
#3425=ORIENTED_EDGE('',*,*,#4436,.T.);
#3426=ORIENTED_EDGE('',*,*,#4396,.F.);
#3427=ORIENTED_EDGE('',*,*,#4397,.T.);
#3428=ORIENTED_EDGE('',*,*,#4398,.T.);
#3429=ORIENTED_EDGE('',*,*,#4579,.F.);
#3430=ORIENTED_EDGE('',*,*,#4587,.F.);
#3431=ORIENTED_EDGE('',*,*,#4580,.F.);
#3432=ORIENTED_EDGE('',*,*,#4403,.F.);
#3433=ORIENTED_EDGE('',*,*,#4399,.F.);
#3434=ORIENTED_EDGE('',*,*,#4403,.T.);
#3435=ORIENTED_EDGE('',*,*,#4581,.F.);
#3436=ORIENTED_EDGE('',*,*,#4404,.F.);
#3437=ORIENTED_EDGE('',*,*,#4401,.F.);
#3438=ORIENTED_EDGE('',*,*,#4404,.T.);
#3439=ORIENTED_EDGE('',*,*,#4582,.F.);
#3440=ORIENTED_EDGE('',*,*,#4405,.F.);
#3441=ORIENTED_EDGE('',*,*,#4400,.F.);
#3442=ORIENTED_EDGE('',*,*,#4405,.T.);
#3443=ORIENTED_EDGE('',*,*,#4583,.F.);
#3444=ORIENTED_EDGE('',*,*,#4587,.T.);
#3445=ORIENTED_EDGE('',*,*,#4402,.F.);
#3446=ORIENTED_EDGE('',*,*,#4658,.T.);
#3447=ORIENTED_EDGE('',*,*,#4584,.F.);
#3448=ORIENTED_EDGE('',*,*,#4398,.F.);
#3449=ORIENTED_EDGE('',*,*,#4454,.T.);
#3450=ORIENTED_EDGE('',*,*,#4588,.T.);
#3451=ORIENTED_EDGE('',*,*,#4458,.T.);
#3452=ORIENTED_EDGE('',*,*,#4590,.F.);
#3453=ORIENTED_EDGE('',*,*,#4585,.F.);
#3454=ORIENTED_EDGE('',*,*,#4334,.F.);
#3455=ORIENTED_EDGE('',*,*,#4591,.F.);
#3456=ORIENTED_EDGE('',*,*,#4333,.T.);
#3457=ORIENTED_EDGE('',*,*,#4596,.F.);
#3458=ORIENTED_EDGE('',*,*,#4592,.F.);
#3459=ORIENTED_EDGE('',*,*,#4578,.T.);
#3460=ORIENTED_EDGE('',*,*,#4594,.F.);
#3461=ORIENTED_EDGE('',*,*,#4592,.T.);
#3462=ORIENTED_EDGE('',*,*,#4595,.F.);
#3463=ORIENTED_EDGE('',*,*,#4610,.F.);
#3464=ORIENTED_EDGE('',*,*,#4599,.T.);
#3465=ORIENTED_EDGE('',*,*,#4600,.T.);
#3466=ORIENTED_EDGE('',*,*,#4598,.T.);
#3467=ORIENTED_EDGE('',*,*,#4609,.T.);
#3468=ORIENTED_EDGE('',*,*,#4672,.T.);
#3469=ORIENTED_EDGE('',*,*,#4555,.T.);
#3470=ORIENTED_EDGE('',*,*,#4597,.T.);
#3471=ORIENTED_EDGE('',*,*,#4484,.T.);
#3472=ORIENTED_EDGE('',*,*,#4680,.T.);
#3473=ORIENTED_EDGE('',*,*,#4604,.T.);
#3474=ORIENTED_EDGE('',*,*,#4603,.T.);
#3475=ORIENTED_EDGE('',*,*,#4602,.T.);
#3476=ORIENTED_EDGE('',*,*,#4601,.T.);
#3477=ORIENTED_EDGE('',*,*,#4608,.T.);
#3478=ORIENTED_EDGE('',*,*,#4607,.T.);
#3479=ORIENTED_EDGE('',*,*,#4606,.T.);
#3480=ORIENTED_EDGE('',*,*,#4605,.T.);
#3481=ORIENTED_EDGE('',*,*,#4464,.F.);
#3482=ORIENTED_EDGE('',*,*,#4462,.T.);
#3483=ORIENTED_EDGE('',*,*,#4463,.T.);
#3484=ORIENTED_EDGE('',*,*,#4598,.F.);
#3485=ORIENTED_EDGE('',*,*,#4465,.F.);
#3486=ORIENTED_EDGE('',*,*,#4466,.T.);
#3487=ORIENTED_EDGE('',*,*,#4467,.T.);
#3488=ORIENTED_EDGE('',*,*,#4599,.F.);
#3489=ORIENTED_EDGE('',*,*,#4467,.F.);
#3490=ORIENTED_EDGE('',*,*,#4468,.T.);
#3491=ORIENTED_EDGE('',*,*,#4464,.T.);
#3492=ORIENTED_EDGE('',*,*,#4600,.F.);
#3493=ORIENTED_EDGE('',*,*,#4611,.F.);
#3494=ORIENTED_EDGE('',*,*,#4601,.F.);
#3495=ORIENTED_EDGE('',*,*,#4473,.F.);
#3496=ORIENTED_EDGE('',*,*,#4471,.F.);
#3497=ORIENTED_EDGE('',*,*,#4473,.T.);
#3498=ORIENTED_EDGE('',*,*,#4602,.F.);
#3499=ORIENTED_EDGE('',*,*,#4474,.F.);
#3500=ORIENTED_EDGE('',*,*,#4472,.F.);
#3501=ORIENTED_EDGE('',*,*,#4474,.T.);
#3502=ORIENTED_EDGE('',*,*,#4603,.F.);
#3503=ORIENTED_EDGE('',*,*,#4475,.F.);
#3504=ORIENTED_EDGE('',*,*,#4469,.F.);
#3505=ORIENTED_EDGE('',*,*,#4475,.T.);
#3506=ORIENTED_EDGE('',*,*,#4604,.F.);
#3507=ORIENTED_EDGE('',*,*,#4611,.T.);
#3508=ORIENTED_EDGE('',*,*,#4470,.F.);
#3509=ORIENTED_EDGE('',*,*,#4612,.F.);
#3510=ORIENTED_EDGE('',*,*,#4605,.F.);
#3511=ORIENTED_EDGE('',*,*,#4480,.F.);
#3512=ORIENTED_EDGE('',*,*,#4479,.F.);
#3513=ORIENTED_EDGE('',*,*,#4480,.T.);
#3514=ORIENTED_EDGE('',*,*,#4606,.F.);
#3515=ORIENTED_EDGE('',*,*,#4481,.F.);
#3516=ORIENTED_EDGE('',*,*,#4477,.F.);
#3517=ORIENTED_EDGE('',*,*,#4481,.T.);
#3518=ORIENTED_EDGE('',*,*,#4607,.F.);
#3519=ORIENTED_EDGE('',*,*,#4482,.F.);
#3520=ORIENTED_EDGE('',*,*,#4476,.F.);
#3521=ORIENTED_EDGE('',*,*,#4482,.T.);
#3522=ORIENTED_EDGE('',*,*,#4608,.F.);
#3523=ORIENTED_EDGE('',*,*,#4612,.T.);
#3524=ORIENTED_EDGE('',*,*,#4478,.F.);
#3525=ORIENTED_EDGE('',*,*,#4659,.T.);
#3526=ORIENTED_EDGE('',*,*,#4609,.F.);
#3527=ORIENTED_EDGE('',*,*,#4463,.F.);
#3528=ORIENTED_EDGE('',*,*,#4483,.T.);
#3529=ORIENTED_EDGE('',*,*,#4484,.F.);
#3530=ORIENTED_EDGE('',*,*,#4597,.F.);
#3531=ORIENTED_EDGE('',*,*,#4555,.F.);
#3532=ORIENTED_EDGE('',*,*,#4661,.F.);
#3533=ORIENTED_EDGE('',*,*,#4490,.F.);
#3534=ORIENTED_EDGE('',*,*,#4662,.F.);
#3535=ORIENTED_EDGE('',*,*,#4648,.F.);
#3536=ORIENTED_EDGE('',*,*,#4577,.F.);
#3537=ORIENTED_EDGE('',*,*,#4590,.T.);
#3538=ORIENTED_EDGE('',*,*,#4456,.T.);
#3539=ORIENTED_EDGE('',*,*,#4488,.F.);
#3540=ORIENTED_EDGE('',*,*,#4510,.F.);
#3541=ORIENTED_EDGE('',*,*,#4652,.F.);
#3542=ORIENTED_EDGE('',*,*,#4486,.F.);
#3543=ORIENTED_EDGE('',*,*,#4660,.F.);
#3544=ORIENTED_EDGE('',*,*,#4622,.F.);
#3545=ORIENTED_EDGE('',*,*,#4616,.F.);
#3546=ORIENTED_EDGE('',*,*,#4621,.T.);
#3547=ORIENTED_EDGE('',*,*,#4614,.F.);
#3548=ORIENTED_EDGE('',*,*,#4330,.T.);
#3549=ORIENTED_EDGE('',*,*,#4332,.T.);
#3550=ORIENTED_EDGE('',*,*,#4615,.T.);
#3551=ORIENTED_EDGE('',*,*,#4624,.T.);
#3552=ORIENTED_EDGE('',*,*,#4682,.T.);
#3553=ORIENTED_EDGE('',*,*,#4617,.F.);
#3554=ORIENTED_EDGE('',*,*,#4618,.F.);
#3555=ORIENTED_EDGE('',*,*,#4619,.F.);
#3556=ORIENTED_EDGE('',*,*,#4620,.F.);
#3557=ORIENTED_EDGE('',*,*,#4663,.F.);
#3558=ORIENTED_EDGE('',*,*,#4450,.T.);
#3559=ORIENTED_EDGE('',*,*,#4664,.F.);
#3560=ORIENTED_EDGE('',*,*,#4624,.F.);
#3561=ORIENTED_EDGE('',*,*,#4615,.F.);
#3562=ORIENTED_EDGE('',*,*,#4630,.F.);
#3563=ORIENTED_EDGE('',*,*,#4627,.F.);
#3564=ORIENTED_EDGE('',*,*,#4516,.F.);
#3565=ORIENTED_EDGE('',*,*,#4515,.T.);
#3566=ORIENTED_EDGE('',*,*,#4561,.T.);
#3567=ORIENTED_EDGE('',*,*,#4567,.F.);
#3568=ORIENTED_EDGE('',*,*,#4500,.F.);
#3569=ORIENTED_EDGE('',*,*,#4574,.F.);
#3570=ORIENTED_EDGE('',*,*,#4568,.T.);
#3571=ORIENTED_EDGE('',*,*,#4572,.T.);
#3572=ORIENTED_EDGE('',*,*,#4498,.F.);
#3573=ORIENTED_EDGE('',*,*,#4591,.T.);
#3574=ORIENTED_EDGE('',*,*,#4576,.F.);
#3575=ORIENTED_EDGE('',*,*,#4613,.F.);
#3576=ORIENTED_EDGE('',*,*,#4630,.T.);
#3577=ORIENTED_EDGE('',*,*,#4332,.F.);
#3578=ORIENTED_EDGE('',*,*,#4625,.T.);
#3579=ORIENTED_EDGE('',*,*,#4628,.F.);
#3580=ORIENTED_EDGE('',*,*,#4631,.F.);
#3581=ORIENTED_EDGE('',*,*,#4642,.F.);
#3582=ORIENTED_EDGE('',*,*,#4632,.F.);
#3583=ORIENTED_EDGE('',*,*,#4644,.F.);
#3584=ORIENTED_EDGE('',*,*,#4633,.F.);
#3585=ORIENTED_EDGE('',*,*,#4643,.T.);
#3586=ORIENTED_EDGE('',*,*,#4684,.T.);
#3587=ORIENTED_EDGE('',*,*,#4557,.T.);
#3588=ORIENTED_EDGE('',*,*,#4634,.F.);
#3589=ORIENTED_EDGE('',*,*,#4635,.F.);
#3590=ORIENTED_EDGE('',*,*,#4636,.F.);
#3591=ORIENTED_EDGE('',*,*,#4637,.F.);
#3592=ORIENTED_EDGE('',*,*,#4638,.F.);
#3593=ORIENTED_EDGE('',*,*,#4639,.F.);
#3594=ORIENTED_EDGE('',*,*,#4640,.F.);
#3595=ORIENTED_EDGE('',*,*,#4641,.F.);
#3596=ORIENTED_EDGE('',*,*,#4665,.T.);
#3597=ORIENTED_EDGE('',*,*,#4643,.F.);
#3598=ORIENTED_EDGE('',*,*,#4373,.F.);
#3599=ORIENTED_EDGE('',*,*,#4392,.F.);
#3600=ORIENTED_EDGE('',*,*,#4666,.F.);
#3601=ORIENTED_EDGE('',*,*,#4393,.T.);
#3602=ORIENTED_EDGE('',*,*,#4552,.F.);
#3603=ORIENTED_EDGE('',*,*,#4341,.F.);
#3604=ORIENTED_EDGE('',*,*,#4337,.T.);
#3605=ORIENTED_EDGE('',*,*,#4338,.T.);
#3606=ORIENTED_EDGE('',*,*,#4339,.T.);
#3607=ORIENTED_EDGE('',*,*,#4538,.F.);
#3608=ORIENTED_EDGE('',*,*,#4544,.T.);
#3609=ORIENTED_EDGE('',*,*,#4336,.T.);
#3610=ORIENTED_EDGE('',*,*,#4340,.T.);
#3611=ORIENTED_EDGE('',*,*,#4566,.F.);
#3612=ORIENTED_EDGE('',*,*,#4564,.T.);
#3613=ORIENTED_EDGE('',*,*,#4515,.F.);
#3614=ORIENTED_EDGE('',*,*,#4514,.T.);
#3615=ORIENTED_EDGE('',*,*,#4626,.T.);
#3616=ORIENTED_EDGE('',*,*,#4614,.T.);
#3617=ORIENTED_EDGE('',*,*,#4370,.F.);
#3618=ORIENTED_EDGE('',*,*,#4560,.F.);
#3619=ORIENTED_EDGE('',*,*,#4647,.T.);
#3620=ORIENTED_EDGE('',*,*,#4631,.T.);
#3621=ORIENTED_EDGE('',*,*,#4557,.F.);
#3622=ORIENTED_EDGE('',*,*,#4649,.T.);
#3623=ORIENTED_EDGE('',*,*,#4351,.F.);
#3624=ORIENTED_EDGE('',*,*,#4650,.T.);
#3625=ORIENTED_EDGE('',*,*,#4547,.T.);
#3626=ORIENTED_EDGE('',*,*,#4651,.T.);
#3627=ORIENTED_EDGE('',*,*,#4372,.T.);
#3628=ORIENTED_EDGE('',*,*,#4642,.T.);
#3629=ORIENTED_EDGE('',*,*,#4647,.F.);
#3630=ORIENTED_EDGE('',*,*,#4558,.F.);
#3631=ORIENTED_EDGE('',*,*,#4667,.F.);
#3632=ORIENTED_EDGE('',*,*,#4569,.T.);
#3633=ORIENTED_EDGE('',*,*,#4573,.T.);
#3634=ORIENTED_EDGE('',*,*,#4520,.T.);
#3635=ORIENTED_EDGE('',*,*,#4553,.T.);
#3636=ORIENTED_EDGE('',*,*,#4353,.T.);
#3637=ORIENTED_EDGE('',*,*,#4548,.T.);
#3638=ORIENTED_EDGE('',*,*,#4354,.F.);
#3639=ORIENTED_EDGE('',*,*,#4551,.T.);
#3640=ORIENTED_EDGE('',*,*,#4506,.T.);
#3641=ORIENTED_EDGE('',*,*,#4652,.T.);
#3642=ORIENTED_EDGE('',*,*,#4519,.T.);
#3643=ORIENTED_EDGE('',*,*,#4521,.T.);
#3644=ORIENTED_EDGE('',*,*,#4554,.F.);
#3645=ORIENTED_EDGE('',*,*,#4370,.T.);
#3646=ORIENTED_EDGE('',*,*,#4621,.F.);
#3647=ORIENTED_EDGE('',*,*,#4361,.F.);
#3648=ORIENTED_EDGE('',*,*,#4653,.F.);
#3649=ORIENTED_EDGE('',*,*,#4668,.F.);
#3650=ORIENTED_EDGE('',*,*,#4566,.T.);
#3651=ORIENTED_EDGE('',*,*,#4545,.F.);
#3652=ORIENTED_EDGE('',*,*,#4549,.T.);
#3653=ORIENTED_EDGE('',*,*,#4546,.T.);
#3654=ORIENTED_EDGE('',*,*,#4552,.T.);
#3655=ORIENTED_EDGE('',*,*,#4507,.T.);
#3656=ORIENTED_EDGE('',*,*,#4654,.T.);
#3657=ORIENTED_EDGE('',*,*,#4335,.T.);
#3658=ORIENTED_EDGE('',*,*,#4565,.F.);
#3659=ORIENTED_EDGE('',*,*,#4563,.F.);
#3660=ORIENTED_EDGE('',*,*,#4670,.F.);
#3661=ORIENTED_EDGE('',*,*,#4662,.T.);
#3662=ORIENTED_EDGE('',*,*,#4669,.F.);
#3663=ORIENTED_EDGE('',*,*,#4455,.F.);
#3664=ORIENTED_EDGE('',*,*,#4671,.F.);
#3665=ORIENTED_EDGE('',*,*,#4661,.T.);
#3666=ORIENTED_EDGE('',*,*,#4672,.F.);
#3667=ORIENTED_EDGE('',*,*,#4659,.F.);
#3668=ORIENTED_EDGE('',*,*,#4673,.F.);
#3669=ORIENTED_EDGE('',*,*,#4668,.T.);
#3670=ORIENTED_EDGE('',*,*,#4674,.F.);
#3671=ORIENTED_EDGE('',*,*,#4656,.F.);
#3672=ORIENTED_EDGE('',*,*,#4676,.F.);
#3673=ORIENTED_EDGE('',*,*,#4667,.T.);
#3674=ORIENTED_EDGE('',*,*,#4675,.F.);
#3675=ORIENTED_EDGE('',*,*,#4657,.F.);
#3676=ORIENTED_EDGE('',*,*,#4677,.F.);
#3677=ORIENTED_EDGE('',*,*,#4663,.T.);
#3678=ORIENTED_EDGE('',*,*,#4678,.F.);
#3679=ORIENTED_EDGE('',*,*,#4658,.F.);
#3680=ORIENTED_EDGE('',*,*,#4680,.F.);
#3681=ORIENTED_EDGE('',*,*,#4660,.T.);
#3682=ORIENTED_EDGE('',*,*,#4679,.F.);
#3683=ORIENTED_EDGE('',*,*,#4655,.F.);
#3684=ORIENTED_EDGE('',*,*,#4682,.F.);
#3685=ORIENTED_EDGE('',*,*,#4664,.T.);
#3686=ORIENTED_EDGE('',*,*,#4681,.F.);
#3687=ORIENTED_EDGE('',*,*,#4589,.F.);
#3688=ORIENTED_EDGE('',*,*,#4683,.F.);
#3689=ORIENTED_EDGE('',*,*,#4666,.T.);
#3690=ORIENTED_EDGE('',*,*,#4684,.F.);
#3691=ORIENTED_EDGE('',*,*,#4665,.F.);
#3692=ORIENTED_EDGE('',*,*,#4363,.T.);
#3693=ORIENTED_EDGE('',*,*,#4687,.T.);
#3694=ORIENTED_EDGE('',*,*,#4686,.F.);
#3695=ORIENTED_EDGE('',*,*,#4685,.T.);
#3696=ORIENTED_EDGE('',*,*,#4365,.T.);
#3697=ORIENTED_EDGE('',*,*,#4685,.F.);
#3698=ORIENTED_EDGE('',*,*,#4688,.F.);
#3699=ORIENTED_EDGE('',*,*,#4689,.T.);
#3700=ORIENTED_EDGE('',*,*,#4364,.T.);
#3701=ORIENTED_EDGE('',*,*,#4689,.F.);
#3702=ORIENTED_EDGE('',*,*,#4690,.F.);
#3703=ORIENTED_EDGE('',*,*,#4691,.T.);
#3704=ORIENTED_EDGE('',*,*,#4383,.T.);
#3705=ORIENTED_EDGE('',*,*,#4691,.F.);
#3706=ORIENTED_EDGE('',*,*,#4692,.F.);
#3707=ORIENTED_EDGE('',*,*,#4687,.F.);
#3708=ORIENTED_EDGE('',*,*,#4384,.T.);
#3709=ORIENTED_EDGE('',*,*,#4695,.T.);
#3710=ORIENTED_EDGE('',*,*,#4694,.F.);
#3711=ORIENTED_EDGE('',*,*,#4693,.T.);
#3712=ORIENTED_EDGE('',*,*,#4385,.T.);
#3713=ORIENTED_EDGE('',*,*,#4693,.F.);
#3714=ORIENTED_EDGE('',*,*,#4696,.F.);
#3715=ORIENTED_EDGE('',*,*,#4697,.T.);
#3716=ORIENTED_EDGE('',*,*,#4366,.T.);
#3717=ORIENTED_EDGE('',*,*,#4697,.F.);
#3718=ORIENTED_EDGE('',*,*,#4698,.F.);
#3719=ORIENTED_EDGE('',*,*,#4699,.T.);
#3720=ORIENTED_EDGE('',*,*,#4382,.T.);
#3721=ORIENTED_EDGE('',*,*,#4699,.F.);
#3722=ORIENTED_EDGE('',*,*,#4700,.F.);
#3723=ORIENTED_EDGE('',*,*,#4695,.F.);
#3724=ORIENTED_EDGE('',*,*,#4375,.T.);
#3725=ORIENTED_EDGE('',*,*,#4703,.T.);
#3726=ORIENTED_EDGE('',*,*,#4702,.F.);
#3727=ORIENTED_EDGE('',*,*,#4701,.T.);
#3728=ORIENTED_EDGE('',*,*,#4377,.T.);
#3729=ORIENTED_EDGE('',*,*,#4701,.F.);
#3730=ORIENTED_EDGE('',*,*,#4704,.F.);
#3731=ORIENTED_EDGE('',*,*,#4705,.T.);
#3732=ORIENTED_EDGE('',*,*,#4376,.T.);
#3733=ORIENTED_EDGE('',*,*,#4705,.F.);
#3734=ORIENTED_EDGE('',*,*,#4706,.F.);
#3735=ORIENTED_EDGE('',*,*,#4707,.T.);
#3736=ORIENTED_EDGE('',*,*,#4378,.T.);
#3737=ORIENTED_EDGE('',*,*,#4707,.F.);
#3738=ORIENTED_EDGE('',*,*,#4708,.F.);
#3739=ORIENTED_EDGE('',*,*,#4703,.F.);
#3740=ORIENTED_EDGE('',*,*,#4471,.T.);
#3741=ORIENTED_EDGE('',*,*,#4710,.F.);
#3742=ORIENTED_EDGE('',*,*,#4709,.F.);
#3743=ORIENTED_EDGE('',*,*,#4715,.F.);
#3744=ORIENTED_EDGE('',*,*,#4472,.T.);
#3745=ORIENTED_EDGE('',*,*,#4712,.T.);
#3746=ORIENTED_EDGE('',*,*,#4711,.F.);
#3747=ORIENTED_EDGE('',*,*,#4710,.T.);
#3748=ORIENTED_EDGE('',*,*,#4469,.T.);
#3749=ORIENTED_EDGE('',*,*,#4714,.T.);
#3750=ORIENTED_EDGE('',*,*,#4713,.F.);
#3751=ORIENTED_EDGE('',*,*,#4712,.F.);
#3752=ORIENTED_EDGE('',*,*,#4470,.T.);
#3753=ORIENTED_EDGE('',*,*,#4715,.T.);
#3754=ORIENTED_EDGE('',*,*,#4716,.F.);
#3755=ORIENTED_EDGE('',*,*,#4714,.F.);
#3756=ORIENTED_EDGE('',*,*,#4479,.T.);
#3757=ORIENTED_EDGE('',*,*,#4717,.T.);
#3758=ORIENTED_EDGE('',*,*,#4718,.F.);
#3759=ORIENTED_EDGE('',*,*,#4719,.T.);
#3760=ORIENTED_EDGE('',*,*,#4477,.T.);
#3761=ORIENTED_EDGE('',*,*,#4721,.T.);
#3762=ORIENTED_EDGE('',*,*,#4720,.F.);
#3763=ORIENTED_EDGE('',*,*,#4717,.F.);
#3764=ORIENTED_EDGE('',*,*,#4476,.T.);
#3765=ORIENTED_EDGE('',*,*,#4723,.T.);
#3766=ORIENTED_EDGE('',*,*,#4722,.F.);
#3767=ORIENTED_EDGE('',*,*,#4721,.F.);
#3768=ORIENTED_EDGE('',*,*,#4478,.T.);
#3769=ORIENTED_EDGE('',*,*,#4719,.F.);
#3770=ORIENTED_EDGE('',*,*,#4724,.F.);
#3771=ORIENTED_EDGE('',*,*,#4723,.F.);
#3772=ORIENTED_EDGE('',*,*,#4399,.T.);
#3773=ORIENTED_EDGE('',*,*,#4725,.T.);
#3774=ORIENTED_EDGE('',*,*,#4726,.F.);
#3775=ORIENTED_EDGE('',*,*,#4731,.F.);
#3776=ORIENTED_EDGE('',*,*,#4401,.T.);
#3777=ORIENTED_EDGE('',*,*,#4728,.T.);
#3778=ORIENTED_EDGE('',*,*,#4727,.F.);
#3779=ORIENTED_EDGE('',*,*,#4725,.F.);
#3780=ORIENTED_EDGE('',*,*,#4400,.T.);
#3781=ORIENTED_EDGE('',*,*,#4730,.T.);
#3782=ORIENTED_EDGE('',*,*,#4729,.F.);
#3783=ORIENTED_EDGE('',*,*,#4728,.F.);
#3784=ORIENTED_EDGE('',*,*,#4402,.T.);
#3785=ORIENTED_EDGE('',*,*,#4731,.T.);
#3786=ORIENTED_EDGE('',*,*,#4732,.F.);
#3787=ORIENTED_EDGE('',*,*,#4730,.F.);
#3788=ORIENTED_EDGE('',*,*,#4409,.F.);
#3789=ORIENTED_EDGE('',*,*,#4410,.T.);
#3790=ORIENTED_EDGE('',*,*,#4734,.F.);
#3791=ORIENTED_EDGE('',*,*,#4733,.F.);
#3792=ORIENTED_EDGE('',*,*,#4411,.F.);
#3793=ORIENTED_EDGE('',*,*,#4412,.T.);
#3794=ORIENTED_EDGE('',*,*,#4414,.F.);
#3795=ORIENTED_EDGE('',*,*,#4736,.F.);
#3796=ORIENTED_EDGE('',*,*,#4449,.T.);
#3797=ORIENTED_EDGE('',*,*,#4448,.T.);
#3798=ORIENTED_EDGE('',*,*,#4447,.T.);
#3799=ORIENTED_EDGE('',*,*,#4446,.T.);
#3800=ORIENTED_EDGE('',*,*,#4740,.T.);
#3801=ORIENTED_EDGE('',*,*,#4420,.T.);
#3802=ORIENTED_EDGE('',*,*,#4739,.F.);
#3803=ORIENTED_EDGE('',*,*,#4738,.F.);
#3804=ORIENTED_EDGE('',*,*,#4417,.T.);
#3805=ORIENTED_EDGE('',*,*,#4416,.T.);
#3806=ORIENTED_EDGE('',*,*,#4415,.T.);
#3807=ORIENTED_EDGE('',*,*,#4741,.F.);
#3808=ORIENTED_EDGE('',*,*,#4424,.F.);
#3809=ORIENTED_EDGE('',*,*,#4425,.T.);
#3810=ORIENTED_EDGE('',*,*,#4744,.F.);
#3811=ORIENTED_EDGE('',*,*,#4743,.F.);
#3812=ORIENTED_EDGE('',*,*,#4426,.F.);
#3813=ORIENTED_EDGE('',*,*,#4427,.T.);
#3814=ORIENTED_EDGE('',*,*,#4429,.F.);
#3815=ORIENTED_EDGE('',*,*,#4746,.F.);
#3816=ORIENTED_EDGE('',*,*,#4750,.T.);
#3817=ORIENTED_EDGE('',*,*,#4435,.T.);
#3818=ORIENTED_EDGE('',*,*,#4749,.F.);
#3819=ORIENTED_EDGE('',*,*,#4748,.F.);
#3820=ORIENTED_EDGE('',*,*,#4432,.T.);
#3821=ORIENTED_EDGE('',*,*,#4431,.T.);
#3822=ORIENTED_EDGE('',*,*,#4430,.T.);
#3823=ORIENTED_EDGE('',*,*,#4751,.F.);
#3824=ORIENTED_EDGE('',*,*,#4754,.T.);
#3825=ORIENTED_EDGE('',*,*,#4407,.T.);
#3826=ORIENTED_EDGE('',*,*,#4439,.F.);
#3827=ORIENTED_EDGE('',*,*,#4437,.F.);
#3828=ORIENTED_EDGE('',*,*,#4441,.T.);
#3829=ORIENTED_EDGE('',*,*,#4487,.T.);
#3830=ORIENTED_EDGE('',*,*,#4755,.F.);
#3831=ORIENTED_EDGE('',*,*,#4753,.F.);
#3832=ORIENTED_EDGE('',*,*,#4757,.T.);
#3833=ORIENTED_EDGE('',*,*,#4422,.T.);
#3834=ORIENTED_EDGE('',*,*,#4758,.F.);
#3835=ORIENTED_EDGE('',*,*,#4756,.F.);
#3836=ORIENTED_EDGE('',*,*,#4493,.F.);
#3837=ORIENTED_EDGE('',*,*,#4494,.T.);
#3838=ORIENTED_EDGE('',*,*,#4760,.F.);
#3839=ORIENTED_EDGE('',*,*,#4759,.F.);
#3840=ORIENTED_EDGE('',*,*,#4495,.F.);
#3841=ORIENTED_EDGE('',*,*,#4496,.T.);
#3842=ORIENTED_EDGE('',*,*,#4763,.F.);
#3843=ORIENTED_EDGE('',*,*,#4762,.F.);
#3844=EDGE_CURVE('',#5176,#5178,#4808,.T.);
#3845=EDGE_CURVE('',#5176,#5177,#4765,.T.);
#3846=EDGE_CURVE('',#5177,#5179,#4809,.T.);
#3847=EDGE_CURVE('',#5178,#5179,#4766,.T.);
#3848=EDGE_CURVE('',#5178,#5176,#4810,.T.);
#3849=EDGE_CURVE('',#5179,#5177,#4811,.T.);
#3850=EDGE_CURVE('',#5180,#5205,#4812,.T.);
#3851=EDGE_CURVE('',#5181,#5206,#4813,.T.);
#3852=EDGE_CURVE('',#5182,#5207,#4814,.T.);
#3853=EDGE_CURVE('',#5182,#5183,#154,.T.);
#3854=EDGE_CURVE('',#5183,#5208,#4815,.T.);
#3855=EDGE_CURVE('',#5180,#5181,#4767,.T.);
#3856=EDGE_CURVE('',#5184,#5209,#4816,.T.);
#3857=EDGE_CURVE('',#5184,#5182,#4768,.T.);
#3858=EDGE_CURVE('',#5185,#5186,#4769,.T.);
#3859=EDGE_CURVE('',#5187,#5188,#4770,.T.);
#3860=EDGE_CURVE('',#5189,#5190,#4771,.T.);
#3861=EDGE_CURVE('',#5191,#5192,#4772,.T.);
#3862=EDGE_CURVE('',#5186,#5193,#4817,.T.);
#3863=EDGE_CURVE('',#5190,#5210,#4818,.T.);
#3864=EDGE_CURVE('',#5193,#5191,#4819,.T.);
#3865=EDGE_CURVE('',#5189,#5192,#4820,.T.);
#3866=EDGE_CURVE('',#5185,#5188,#4821,.T.);
#3867=EDGE_CURVE('',#5193,#5184,#4773,.T.);
#3868=EDGE_CURVE('',#5195,#5194,#155,.T.);
#3869=EDGE_CURVE('',#5194,#5186,#156,.T.);
#3870=EDGE_CURVE('',#5196,#5197,#157,.T.);
#3871=EDGE_CURVE('',#5197,#5190,#158,.T.);
#3872=EDGE_CURVE('',#5198,#5199,#159,.T.);
#3873=EDGE_CURVE('',#5199,#5185,#160,.T.);
#3874=EDGE_CURVE('',#5200,#5201,#161,.T.);
#3875=EDGE_CURVE('',#5201,#5189,#162,.T.);
#3876=EDGE_CURVE('',#5199,#5194,#163,.T.);
#3877=EDGE_CURVE('',#5198,#5195,#164,.T.);
#3878=EDGE_CURVE('',#5200,#5196,#165,.T.);
#3879=EDGE_CURVE('',#5201,#5197,#166,.T.);
#3880=EDGE_CURVE('',#5202,#5211,#4822,.T.);
#3881=EDGE_CURVE('',#5202,#5203,#167,.T.);
#3882=EDGE_CURVE('',#5203,#5212,#4823,.T.);
#3883=EDGE_CURVE('',#5202,#5204,#4774,.T.);
#3884=EDGE_CURVE('',#5187,#5196,#168,.T.);
#3885=EDGE_CURVE('',#5191,#5195,#169,.T.);
#3886=EDGE_CURVE('',#5188,#5200,#170,.T.);
#3887=EDGE_CURVE('',#5192,#5198,#171,.T.);
#3888=EDGE_CURVE('',#5204,#5213,#4824,.T.);
#3889=EDGE_CURVE('',#5205,#5206,#4775,.T.);
#3890=EDGE_CURVE('',#5205,#5180,#4825,.T.);
#3891=EDGE_CURVE('',#5206,#5181,#4826,.T.);
#3892=EDGE_CURVE('',#5207,#5208,#172,.T.);
#3893=EDGE_CURVE('',#5207,#5182,#4827,.T.);
#3894=EDGE_CURVE('',#5208,#5183,#4828,.T.);
#3895=EDGE_CURVE('',#5209,#5207,#4776,.T.);
#3896=EDGE_CURVE('',#5209,#5184,#4829,.T.);
#3897=EDGE_CURVE('',#5210,#5209,#4777,.T.);
#3898=EDGE_CURVE('',#5210,#5187,#4830,.T.);
#3899=EDGE_CURVE('',#5211,#5212,#173,.T.);
#3900=EDGE_CURVE('',#5211,#5202,#4831,.T.);
#3901=EDGE_CURVE('',#5212,#5203,#4832,.T.);
#3902=EDGE_CURVE('',#5211,#5213,#4778,.T.);
#3903=EDGE_CURVE('',#5213,#5204,#4833,.T.);
#3904=EDGE_CURVE('',#5214,#5215,#174,.T.);
#3905=EDGE_CURVE('',#5215,#5216,#175,.T.);
#3906=EDGE_CURVE('',#5217,#5216,#176,.T.);
#3907=EDGE_CURVE('',#5214,#5217,#177,.T.);
#3908=EDGE_CURVE('',#5215,#5458,#178,.T.);
#3909=EDGE_CURVE('',#5216,#5457,#179,.T.);
#3910=EDGE_CURVE('',#5218,#5219,#180,.T.);
#3911=EDGE_CURVE('',#5218,#5214,#4834,.T.);
#3912=EDGE_CURVE('',#5219,#5217,#4835,.T.);
#3913=EDGE_CURVE('',#5222,#5221,#181,.T.);
#3914=EDGE_CURVE('',#5222,#5223,#182,.T.);
#3915=EDGE_CURVE('',#5223,#5220,#183,.T.);
#3916=EDGE_CURVE('',#5225,#5224,#184,.T.);
#3917=EDGE_CURVE('',#5227,#5226,#185,.T.);
#3918=EDGE_CURVE('',#5226,#5228,#186,.T.);
#3919=EDGE_CURVE('',#5228,#5229,#187,.T.);
#3920=EDGE_CURVE('',#5229,#5230,#188,.T.);
#3921=EDGE_CURVE('',#5230,#5223,#189,.T.);
#3922=EDGE_CURVE('',#5232,#5231,#190,.T.);
#3923=EDGE_CURVE('',#5231,#5233,#191,.T.);
#3924=EDGE_CURVE('',#5233,#5234,#192,.T.);
#3925=EDGE_CURVE('',#5234,#5235,#193,.T.);
#3926=EDGE_CURVE('',#5235,#5330,#194,.T.);
#3927=EDGE_CURVE('',#5236,#5239,#195,.T.);
#3928=EDGE_CURVE('',#5237,#5326,#196,.T.);
#3929=EDGE_CURVE('',#5239,#5238,#197,.T.);
#3930=EDGE_CURVE('',#5241,#5242,#198,.T.);
#3931=EDGE_CURVE('',#5241,#5243,#199,.T.);
#3932=EDGE_CURVE('',#5243,#5295,#200,.T.);
#3933=EDGE_CURVE('',#5244,#5245,#201,.T.);
#3934=EDGE_CURVE('',#5245,#5246,#202,.T.);
#3935=EDGE_CURVE('',#5246,#5296,#203,.T.);
#3936=EDGE_CURVE('',#5249,#5251,#4836,.T.);
#3937=EDGE_CURVE('',#5251,#5378,#4779,.T.);
#3938=EDGE_CURVE('',#5252,#5379,#204,.T.);
#3939=EDGE_CURVE('',#5252,#5250,#4837,.T.);
#3940=EDGE_CURVE('',#5417,#5415,#205,.T.);
#3941=EDGE_CURVE('',#5415,#5416,#206,.T.);
#3942=EDGE_CURVE('',#5418,#5417,#207,.T.);
#3943=EDGE_CURVE('',#5416,#5418,#208,.T.);
#3944=EDGE_CURVE('',#5415,#5380,#209,.T.);
#3945=EDGE_CURVE('',#5417,#5382,#210,.T.);
#3946=EDGE_CURVE('',#5418,#5383,#211,.T.);
#3947=EDGE_CURVE('',#5423,#5424,#212,.T.);
#3948=EDGE_CURVE('',#5425,#5423,#213,.T.);
#3949=EDGE_CURVE('',#5424,#5426,#214,.T.);
#3950=EDGE_CURVE('',#5426,#5425,#215,.T.);
#3951=EDGE_CURVE('',#5423,#5384,#216,.T.);
#3952=EDGE_CURVE('',#5425,#5386,#217,.T.);
#3953=EDGE_CURVE('',#5426,#5387,#218,.T.);
#3954=EDGE_CURVE('',#5248,#5388,#219,.T.);
#3955=EDGE_CURVE('',#5249,#5377,#4780,.T.);
#3956=EDGE_CURVE('',#5250,#5376,#4781,.T.);
#3957=EDGE_CURVE('',#5251,#5391,#220,.T.);
#3958=EDGE_CURVE('',#5250,#5249,#221,.T.);
#3959=EDGE_CURVE('',#5435,#5436,#222,.T.);
#3960=EDGE_CURVE('',#5436,#5437,#223,.T.);
#3961=EDGE_CURVE('',#5438,#5435,#224,.T.);
#3962=EDGE_CURVE('',#5437,#5438,#225,.T.);
#3963=EDGE_CURVE('',#5436,#5369,#226,.T.);
#3964=EDGE_CURVE('',#5437,#5371,#227,.T.);
#3965=EDGE_CURVE('',#5438,#5372,#228,.T.);
#3966=EDGE_CURVE('',#5253,#5462,#4838,.T.);
#3967=EDGE_CURVE('',#5254,#5463,#4839,.T.);
#3968=EDGE_CURVE('',#5253,#5254,#4782,.T.);
#3969=EDGE_CURVE('',#5255,#5464,#4840,.T.);
#3970=EDGE_CURVE('',#5256,#5465,#4841,.T.);
#3971=EDGE_CURVE('',#5255,#5256,#4783,.T.);
#3972=EDGE_CURVE('',#5257,#5283,#229,.T.);
#3973=EDGE_CURVE('',#5260,#5469,#4842,.T.);
#3974=EDGE_CURVE('',#5259,#5468,#4843,.T.);
#3975=EDGE_CURVE('',#5259,#5260,#230,.T.);
#3976=EDGE_CURVE('',#5261,#5470,#4844,.T.);
#3977=EDGE_CURVE('',#5261,#5262,#231,.T.);
#3978=EDGE_CURVE('',#5258,#5472,#4845,.T.);
#3979=EDGE_CURVE('',#5264,#5262,#4846,.T.);
#3980=EDGE_CURVE('',#5263,#5473,#4847,.T.);
#3981=EDGE_CURVE('',#5264,#5263,#4848,.T.);
#3982=EDGE_CURVE('',#5262,#5264,#4849,.T.);
#3983=EDGE_CURVE('',#5265,#5282,#232,.T.);
#3984=EDGE_CURVE('',#5268,#5477,#4850,.T.);
#3985=EDGE_CURVE('',#5267,#5476,#4851,.T.);
#3986=EDGE_CURVE('',#5267,#5268,#233,.T.);
#3987=EDGE_CURVE('',#5269,#5478,#4852,.T.);
#3988=EDGE_CURVE('',#5269,#5270,#234,.T.);
#3989=EDGE_CURVE('',#5266,#5480,#4853,.T.);
#3990=EDGE_CURVE('',#5272,#5270,#4854,.T.);
#3991=EDGE_CURVE('',#5271,#5481,#4855,.T.);
#3992=EDGE_CURVE('',#5272,#5271,#4856,.T.);
#3993=EDGE_CURVE('',#5270,#5272,#4857,.T.);
#3994=EDGE_CURVE('',#5273,#5274,#235,.T.);
#3995=EDGE_CURVE('',#5275,#5273,#4858,.T.);
#3996=EDGE_CURVE('',#5276,#5275,#236,.T.);
#3997=EDGE_CURVE('',#5277,#5276,#4859,.T.);
#3998=EDGE_CURVE('',#5278,#5277,#237,.T.);
#3999=EDGE_CURVE('',#5279,#5278,#4860,.T.);
#4000=EDGE_CURVE('',#5280,#5279,#238,.T.);
#4001=EDGE_CURVE('',#5274,#5280,#4861,.T.);
#4002=EDGE_CURVE('',#5274,#5300,#239,.T.);
#4003=EDGE_CURVE('',#5281,#5482,#4862,.T.);
#4004=EDGE_CURVE('',#5281,#5308,#240,.T.);
#4005=EDGE_CURVE('',#5282,#5475,#4863,.T.);
#4006=EDGE_CURVE('',#5265,#5474,#4864,.T.);
#4007=EDGE_CURVE('',#5283,#5467,#4865,.T.);
#4008=EDGE_CURVE('',#5257,#5466,#4866,.T.);
#4009=EDGE_CURVE('',#5284,#5471,#4867,.T.);
#4010=EDGE_CURVE('',#5284,#5258,#241,.T.);
#4011=EDGE_CURVE('',#5285,#5479,#4868,.T.);
#4012=EDGE_CURVE('',#5285,#5266,#242,.T.);
#4013=EDGE_CURVE('',#5286,#5287,#4869,.T.);
#4014=EDGE_CURVE('',#5287,#5357,#4784,.T.);
#4015=EDGE_CURVE('',#5286,#5356,#4785,.T.);
#4016=EDGE_CURVE('',#5288,#5358,#243,.T.);
#4017=EDGE_CURVE('',#5288,#5289,#4870,.T.);
#4018=EDGE_CURVE('',#5289,#5359,#4786,.T.);
#4019=EDGE_CURVE('',#5289,#5286,#244,.T.);
#4020=EDGE_CURVE('',#5446,#5443,#245,.T.);
#4021=EDGE_CURVE('',#5443,#5444,#246,.T.);
#4022=EDGE_CURVE('',#5445,#5446,#247,.T.);
#4023=EDGE_CURVE('',#5444,#5445,#248,.T.);
#4024=EDGE_CURVE('',#5444,#5360,#249,.T.);
#4025=EDGE_CURVE('',#5445,#5362,#250,.T.);
#4026=EDGE_CURVE('',#5446,#5363,#251,.T.);
#4027=EDGE_CURVE('',#5453,#5454,#252,.T.);
#4028=EDGE_CURVE('',#5454,#5451,#253,.T.);
#4029=EDGE_CURVE('',#5451,#5452,#254,.T.);
#4030=EDGE_CURVE('',#5452,#5453,#255,.T.);
#4031=EDGE_CURVE('',#5452,#5364,#256,.T.);
#4032=EDGE_CURVE('',#5453,#5366,#257,.T.);
#4033=EDGE_CURVE('',#5454,#5367,#258,.T.);
#4034=EDGE_CURVE('',#5287,#5392,#259,.T.);
#4035=EDGE_CURVE('',#5393,#5288,#260,.T.);
#4036=EDGE_CURVE('',#5395,#5394,#261,.T.);
#4037=EDGE_CURVE('',#5291,#5293,#262,.T.);
#4038=EDGE_CURVE('',#5293,#5244,#263,.T.);
#4039=EDGE_CURVE('',#5293,#5294,#264,.T.);
#4040=EDGE_CURVE('',#5294,#5242,#265,.T.);
#4041=EDGE_CURVE('',#5294,#5292,#266,.T.);
#4042=EDGE_CURVE('',#5243,#5311,#267,.T.);
#4043=EDGE_CURVE('',#5295,#5299,#268,.T.);
#4044=EDGE_CURVE('',#5298,#5296,#269,.T.);
#4045=EDGE_CURVE('',#5297,#5240,#270,.T.);
#4046=EDGE_CURVE('',#5298,#5396,#271,.T.);
#4047=EDGE_CURVE('',#5299,#5397,#272,.T.);
#4048=EDGE_CURVE('',#5313,#5309,#273,.T.);
#4049=EDGE_CURVE('',#5310,#5314,#274,.T.);
#4050=EDGE_CURVE('',#5300,#5301,#275,.T.);
#4051=EDGE_CURVE('',#5301,#5302,#4871,.T.);
#4052=EDGE_CURVE('',#5302,#5303,#276,.T.);
#4053=EDGE_CURVE('',#5303,#5304,#4872,.T.);
#4054=EDGE_CURVE('',#5304,#5305,#277,.T.);
#4055=EDGE_CURVE('',#5305,#5306,#4873,.T.);
#4056=EDGE_CURVE('',#5306,#5307,#278,.T.);
#4057=EDGE_CURVE('',#5307,#5300,#4874,.T.);
#4058=EDGE_CURVE('',#5308,#5336,#4875,.T.);
#4059=EDGE_CURVE('',#5311,#5313,#279,.T.);
#4060=EDGE_CURVE('',#5314,#5312,#280,.T.);
#4061=EDGE_CURVE('',#5314,#5313,#281,.T.);
#4062=EDGE_CURVE('',#5301,#5273,#282,.T.);
#4063=EDGE_CURVE('',#5302,#5275,#283,.T.);
#4064=EDGE_CURVE('',#5303,#5276,#284,.T.);
#4065=EDGE_CURVE('',#5304,#5277,#285,.T.);
#4066=EDGE_CURVE('',#5305,#5278,#286,.T.);
#4067=EDGE_CURVE('',#5306,#5279,#287,.T.);
#4068=EDGE_CURVE('',#5307,#5280,#288,.T.);
#4069=EDGE_CURVE('',#5312,#5246,#289,.T.);
#4070=EDGE_CURVE('',#5316,#5398,#290,.T.);
#4071=EDGE_CURVE('',#5316,#5315,#4876,.T.);
#4072=EDGE_CURVE('',#5292,#5291,#291,.T.);
#4073=EDGE_CURVE('',#5309,#5310,#292,.T.);
#4074=EDGE_CURVE('',#5317,#5225,#293,.T.);
#4075=EDGE_CURVE('',#5318,#5235,#294,.T.);
#4076=EDGE_CURVE('',#5318,#5319,#295,.T.);
#4077=EDGE_CURVE('',#5319,#5234,#296,.T.);
#4078=EDGE_CURVE('',#5319,#5320,#297,.T.);
#4079=EDGE_CURVE('',#5321,#5317,#298,.T.);
#4080=EDGE_CURVE('',#5320,#5233,#299,.T.);
#4081=EDGE_CURVE('',#5321,#5231,#300,.T.);
#4082=EDGE_CURVE('',#5320,#5298,#301,.T.);
#4083=EDGE_CURVE('',#5322,#5323,#302,.T.);
#4084=EDGE_CURVE('',#5323,#5324,#303,.T.);
#4085=EDGE_CURVE('',#5324,#5295,#304,.T.);
#4086=EDGE_CURVE('',#5325,#5353,#305,.T.);
#4087=EDGE_CURVE('',#5325,#5290,#306,.T.);
#4088=EDGE_CURVE('',#5327,#5236,#307,.T.);
#4089=EDGE_CURVE('',#5326,#5352,#308,.T.);
#4090=EDGE_CURVE('',#5327,#5221,#309,.T.);
#4091=EDGE_CURVE('',#5236,#5328,#310,.T.);
#4092=EDGE_CURVE('',#5221,#5328,#311,.T.);
#4093=EDGE_CURVE('',#5220,#5329,#312,.T.);
#4094=EDGE_CURVE('',#5220,#5242,#313,.T.);
#4095=EDGE_CURVE('',#5329,#5241,#314,.T.);
#4096=EDGE_CURVE('',#5323,#5229,#315,.T.);
#4097=EDGE_CURVE('',#5324,#5228,#316,.T.);
#4098=EDGE_CURVE('',#5239,#5226,#317,.T.);
#4099=EDGE_CURVE('',#5238,#5328,#318,.T.);
#4100=EDGE_CURVE('',#5322,#5230,#319,.T.);
#4101=EDGE_CURVE('',#5329,#5322,#320,.T.);
#4102=EDGE_CURVE('',#5232,#5317,#321,.T.);
#4103=EDGE_CURVE('',#5227,#5238,#322,.T.);
#4104=EDGE_CURVE('',#5299,#5237,#323,.T.);
#4105=EDGE_CURVE('',#5296,#5297,#324,.T.);
#4106=EDGE_CURVE('',#5331,#5330,#325,.T.);
#4107=EDGE_CURVE('',#5330,#5224,#326,.T.);
#4108=EDGE_CURVE('',#5331,#5225,#327,.T.);
#4109=EDGE_CURVE('',#5331,#5232,#328,.T.);
#4110=EDGE_CURVE('',#5224,#5318,#329,.T.);
#4111=EDGE_CURVE('',#5222,#5227,#330,.T.);
#4112=EDGE_CURVE('',#5248,#5399,#331,.T.);
#4113=EDGE_CURVE('',#5408,#5391,#332,.T.);
#4114=EDGE_CURVE('',#5401,#5400,#333,.T.);
#4115=EDGE_CURVE('',#5406,#5393,#334,.T.);
#4116=EDGE_CURVE('',#5402,#5247,#335,.T.);
#4117=EDGE_CURVE('',#5404,#5403,#336,.T.);
#4118=EDGE_CURVE('',#5247,#5248,#337,.T.);
#4119=EDGE_CURVE('',#5340,#5332,#338,.T.);
#4120=EDGE_CURVE('',#5332,#5345,#339,.T.);
#4121=EDGE_CURVE('',#5333,#5341,#340,.T.);
#4122=EDGE_CURVE('',#5333,#5334,#341,.T.);
#4123=EDGE_CURVE('',#5334,#5342,#342,.T.);
#4124=EDGE_CURVE('',#5334,#5346,#343,.T.);
#4125=EDGE_CURVE('',#5335,#5343,#344,.T.);
#4126=EDGE_CURVE('',#5335,#5332,#345,.T.);
#4127=EDGE_CURVE('',#5340,#5336,#346,.T.);
#4128=EDGE_CURVE('',#5339,#5341,#347,.T.);
#4129=EDGE_CURVE('',#5341,#5342,#348,.T.);
#4130=EDGE_CURVE('',#5342,#5338,#349,.T.);
#4131=EDGE_CURVE('',#5337,#5343,#350,.T.);
#4132=EDGE_CURVE('',#5343,#5340,#351,.T.);
#4133=EDGE_CURVE('',#5339,#5344,#352,.T.);
#4134=EDGE_CURVE('',#5345,#5336,#353,.T.);
#4135=EDGE_CURVE('',#5346,#5338,#354,.T.);
#4136=EDGE_CURVE('',#5337,#5347,#355,.T.);
#4137=EDGE_CURVE('',#5346,#5344,#4877,.T.);
#4138=EDGE_CURVE('',#5345,#5347,#4878,.T.);
#4139=EDGE_CURVE('',#5339,#5308,#4879,.T.);
#4140=EDGE_CURVE('',#5337,#5483,#4880,.T.);
#4141=EDGE_CURVE('',#5344,#5333,#356,.T.);
#4142=EDGE_CURVE('',#5347,#5335,#357,.T.);
#4143=EDGE_CURVE('',#5351,#5350,#358,.T.);
#4144=EDGE_CURVE('',#5348,#5349,#359,.T.);
#4145=EDGE_CURVE('',#5350,#5349,#360,.T.);
#4146=EDGE_CURVE('',#5351,#5348,#361,.T.);
#4147=EDGE_CURVE('',#5349,#5240,#362,.T.);
#4148=EDGE_CURVE('',#5348,#5321,#363,.T.);
#4149=EDGE_CURVE('',#5350,#5291,#364,.T.);
#4150=EDGE_CURVE('',#5353,#5355,#365,.T.);
#4151=EDGE_CURVE('',#5352,#5354,#366,.T.);
#4152=EDGE_CURVE('',#5354,#5327,#367,.T.);
#4153=EDGE_CURVE('',#5292,#5355,#368,.T.);
#4154=EDGE_CURVE('',#5221,#5220,#369,.T.);
#4155=EDGE_CURVE('',#5354,#5355,#370,.T.);
#4156=EDGE_CURVE('',#5352,#5353,#371,.T.);
#4157=EDGE_CURVE('',#5356,#5357,#4881,.T.);
#4158=EDGE_CURVE('',#5358,#5359,#4882,.T.);
#4159=EDGE_CURVE('',#5359,#5356,#372,.T.);
#4160=EDGE_CURVE('',#5360,#5361,#373,.T.);
#4161=EDGE_CURVE('',#5362,#5360,#374,.T.);
#4162=EDGE_CURVE('',#5363,#5362,#375,.T.);
#4163=EDGE_CURVE('',#5361,#5363,#376,.T.);
#4164=EDGE_CURVE('',#5364,#5365,#377,.T.);
#4165=EDGE_CURVE('',#5366,#5364,#378,.T.);
#4166=EDGE_CURVE('',#5367,#5366,#379,.T.);
#4167=EDGE_CURVE('',#5365,#5367,#380,.T.);
#4168=EDGE_CURVE('',#5357,#5405,#381,.T.);
#4169=EDGE_CURVE('',#5358,#5406,#382,.T.);
#4170=EDGE_CURVE('',#5361,#5443,#383,.T.);
#4171=EDGE_CURVE('',#5365,#5451,#384,.T.);
#4172=EDGE_CURVE('',#5368,#5374,#385,.T.);
#4173=EDGE_CURVE('',#5369,#5370,#386,.T.);
#4174=EDGE_CURVE('',#5371,#5369,#387,.T.);
#4175=EDGE_CURVE('',#5372,#5371,#388,.T.);
#4176=EDGE_CURVE('',#5370,#5372,#389,.T.);
#4177=EDGE_CURVE('',#5373,#5407,#390,.T.);
#4178=EDGE_CURVE('',#5374,#5375,#391,.T.);
#4179=EDGE_CURVE('',#5375,#5373,#4883,.T.);
#4180=EDGE_CURVE('',#5370,#5435,#392,.T.);
#4181=EDGE_CURVE('',#5373,#5316,#393,.T.);
#4182=EDGE_CURVE('',#5375,#5315,#394,.T.);
#4183=EDGE_CURVE('',#5374,#5309,#395,.T.);
#4184=EDGE_CURVE('',#5368,#5290,#396,.T.);
#4185=EDGE_CURVE('',#5376,#5377,#397,.T.);
#4186=EDGE_CURVE('',#5377,#5378,#4884,.T.);
#4187=EDGE_CURVE('',#5379,#5376,#4885,.T.);
#4188=EDGE_CURVE('',#5380,#5381,#398,.T.);
#4189=EDGE_CURVE('',#5382,#5380,#399,.T.);
#4190=EDGE_CURVE('',#5383,#5382,#400,.T.);
#4191=EDGE_CURVE('',#5381,#5383,#401,.T.);
#4192=EDGE_CURVE('',#5384,#5385,#402,.T.);
#4193=EDGE_CURVE('',#5386,#5384,#403,.T.);
#4194=EDGE_CURVE('',#5387,#5386,#404,.T.);
#4195=EDGE_CURVE('',#5385,#5387,#405,.T.);
#4196=EDGE_CURVE('',#5378,#5408,#406,.T.);
#4197=EDGE_CURVE('',#5379,#5388,#407,.T.);
#4198=EDGE_CURVE('',#5381,#5416,#408,.T.);
#4199=EDGE_CURVE('',#5385,#5424,#409,.T.);
#4200=EDGE_CURVE('',#5390,#5389,#410,.T.);
#4201=EDGE_CURVE('',#5247,#5390,#411,.T.);
#4202=EDGE_CURVE('',#5310,#5457,#412,.T.);
#4203=EDGE_CURVE('',#5351,#5389,#413,.T.);
#4204=EDGE_CURVE('',#5311,#5315,#414,.T.);
#4205=EDGE_CURVE('',#5297,#5245,#415,.T.);
#4206=EDGE_CURVE('',#5244,#5240,#416,.T.);
#4207=EDGE_CURVE('',#5290,#5237,#417,.T.);
#4208=EDGE_CURVE('',#5326,#5325,#418,.T.);
#4209=EDGE_CURVE('',#5410,#5252,#419,.T.);
#4210=EDGE_CURVE('',#5403,#5400,#420,.T.);
#4211=EDGE_CURVE('',#5401,#5404,#421,.T.);
#4212=EDGE_CURVE('',#5392,#5405,#422,.T.);
#4213=EDGE_CURVE('',#5398,#5407,#423,.T.);
#4214=EDGE_CURVE('',#5412,#5395,#424,.T.);
#4215=EDGE_CURVE('',#5394,#5413,#425,.T.);
#4216=EDGE_CURVE('',#5397,#5411,#426,.T.);
#4217=EDGE_CURVE('',#5414,#5396,#427,.T.);
#4218=EDGE_CURVE('',#5399,#5410,#428,.T.);
#4219=EDGE_CURVE('',#5391,#5396,#429,.T.);
#4220=EDGE_CURVE('',#5414,#5408,#430,.T.);
#4221=EDGE_CURVE('',#5394,#5398,#431,.T.);
#4222=EDGE_CURVE('',#5407,#5413,#432,.T.);
#4223=EDGE_CURVE('',#5397,#5392,#433,.T.);
#4224=EDGE_CURVE('',#5405,#5411,#434,.T.);
#4225=EDGE_CURVE('',#5393,#5395,#435,.T.);
#4226=EDGE_CURVE('',#5412,#5406,#436,.T.);
#4227=EDGE_CURVE('',#5399,#5401,#437,.T.);
#4228=EDGE_CURVE('',#5404,#5410,#438,.T.);
#4229=EDGE_CURVE('',#5400,#5402,#439,.T.);
#4230=EDGE_CURVE('',#5409,#5403,#440,.T.);
#4231=EDGE_CURVE('',#5422,#5421,#441,.T.);
#4232=EDGE_CURVE('',#5416,#5421,#442,.T.);
#4233=EDGE_CURVE('',#5415,#5422,#443,.T.);
#4234=EDGE_CURVE('',#5420,#5422,#444,.T.);
#4235=EDGE_CURVE('',#5420,#5417,#445,.T.);
#4236=EDGE_CURVE('',#5419,#5420,#446,.T.);
#4237=EDGE_CURVE('',#5421,#5419,#447,.T.);
#4238=EDGE_CURVE('',#5418,#5419,#448,.T.);
#4239=EDGE_CURVE('',#5430,#5423,#449,.T.);
#4240=EDGE_CURVE('',#5430,#5429,#450,.T.);
#4241=EDGE_CURVE('',#5424,#5429,#451,.T.);
#4242=EDGE_CURVE('',#5428,#5430,#452,.T.);
#4243=EDGE_CURVE('',#5428,#5425,#453,.T.);
#4244=EDGE_CURVE('',#5427,#5428,#454,.T.);
#4245=EDGE_CURVE('',#5429,#5427,#455,.T.);
#4246=EDGE_CURVE('',#5426,#5427,#456,.T.);
#4247=EDGE_CURVE('',#5436,#5455,#457,.T.);
#4248=EDGE_CURVE('',#5432,#5434,#458,.T.);
#4249=EDGE_CURVE('',#5432,#5435,#459,.T.);
#4250=EDGE_CURVE('',#5436,#5434,#460,.T.);
#4251=EDGE_CURVE('',#5437,#5433,#461,.T.);
#4252=EDGE_CURVE('',#5433,#5431,#462,.T.);
#4253=EDGE_CURVE('',#5438,#5431,#463,.T.);
#4254=EDGE_CURVE('',#5431,#5432,#464,.T.);
#4255=EDGE_CURVE('',#5442,#5456,#465,.T.);
#4256=EDGE_CURVE('',#5444,#5456,#466,.T.);
#4257=EDGE_CURVE('',#5440,#5442,#467,.T.);
#4258=EDGE_CURVE('',#5445,#5441,#468,.T.);
#4259=EDGE_CURVE('',#5441,#5439,#469,.T.);
#4260=EDGE_CURVE('',#5446,#5439,#470,.T.);
#4261=EDGE_CURVE('',#5443,#5440,#471,.T.);
#4262=EDGE_CURVE('',#5439,#5440,#472,.T.);
#4263=EDGE_CURVE('',#5452,#5450,#473,.T.);
#4264=EDGE_CURVE('',#5448,#5450,#474,.T.);
#4265=EDGE_CURVE('',#5448,#5451,#475,.T.);
#4266=EDGE_CURVE('',#5450,#5449,#476,.T.);
#4267=EDGE_CURVE('',#5449,#5453,#477,.T.);
#4268=EDGE_CURVE('',#5449,#5447,#478,.T.);
#4269=EDGE_CURVE('',#5454,#5447,#479,.T.);
#4270=EDGE_CURVE('',#5447,#5448,#480,.T.);
#4271=EDGE_CURVE('',#5388,#5414,#481,.T.);
#4272=EDGE_CURVE('',#5413,#5368,#482,.T.);
#4273=EDGE_CURVE('',#5411,#5412,#483,.T.);
#4274=EDGE_CURVE('',#5434,#5455,#484,.T.);
#4275=EDGE_CURVE('',#5455,#5433,#485,.T.);
#4276=EDGE_CURVE('',#5442,#5444,#486,.T.);
#4277=EDGE_CURVE('',#5456,#5441,#487,.T.);
#4278=EDGE_CURVE('',#5409,#5402,#488,.T.);
#4279=EDGE_CURVE('',#5458,#5457,#489,.T.);
#4280=EDGE_CURVE('',#5458,#5312,#490,.T.);
#4281=EDGE_CURVE('',#5218,#5409,#491,.T.);
#4282=EDGE_CURVE('',#5389,#5457,#492,.T.);
#4283=EDGE_CURVE('',#5219,#5390,#493,.T.);
#4284=EDGE_CURVE('',#5461,#5484,#4886,.T.);
#4285=EDGE_CURVE('',#5461,#5459,#494,.T.);
#4286=EDGE_CURVE('',#5459,#5485,#4887,.T.);
#4287=EDGE_CURVE('',#5461,#5460,#495,.T.);
#4288=EDGE_CURVE('',#5460,#5486,#4888,.T.);
#4289=EDGE_CURVE('',#5462,#5463,#4787,.T.);
#4290=EDGE_CURVE('',#5462,#5253,#4889,.T.);
#4291=EDGE_CURVE('',#5463,#5254,#4890,.T.);
#4292=EDGE_CURVE('',#5464,#5465,#4788,.T.);
#4293=EDGE_CURVE('',#5464,#5255,#4891,.T.);
#4294=EDGE_CURVE('',#5465,#5256,#4892,.T.);
#4295=EDGE_CURVE('',#5466,#5467,#496,.T.);
#4296=EDGE_CURVE('',#5467,#5283,#4893,.T.);
#4297=EDGE_CURVE('',#5466,#5257,#4894,.T.);
#4298=EDGE_CURVE('',#5468,#5469,#497,.T.);
#4299=EDGE_CURVE('',#5469,#5260,#4895,.T.);
#4300=EDGE_CURVE('',#5468,#5259,#4896,.T.);
#4301=EDGE_CURVE('',#5470,#5264,#498,.T.);
#4302=EDGE_CURVE('',#5470,#5261,#4897,.T.);
#4303=EDGE_CURVE('',#5471,#5472,#499,.T.);
#4304=EDGE_CURVE('',#5472,#5258,#4898,.T.);
#4305=EDGE_CURVE('',#5471,#5284,#4899,.T.);
#4306=EDGE_CURVE('',#5262,#5473,#4900,.T.);
#4307=EDGE_CURVE('',#5473,#5263,#4901,.T.);
#4308=EDGE_CURVE('',#5474,#5475,#500,.T.);
#4309=EDGE_CURVE('',#5475,#5282,#4902,.T.);
#4310=EDGE_CURVE('',#5474,#5265,#4903,.T.);
#4311=EDGE_CURVE('',#5476,#5477,#501,.T.);
#4312=EDGE_CURVE('',#5477,#5268,#4904,.T.);
#4313=EDGE_CURVE('',#5476,#5267,#4905,.T.);
#4314=EDGE_CURVE('',#5478,#5272,#502,.T.);
#4315=EDGE_CURVE('',#5478,#5269,#4906,.T.);
#4316=EDGE_CURVE('',#5479,#5480,#503,.T.);
#4317=EDGE_CURVE('',#5480,#5266,#4907,.T.);
#4318=EDGE_CURVE('',#5479,#5285,#4908,.T.);
#4319=EDGE_CURVE('',#5270,#5481,#4909,.T.);
#4320=EDGE_CURVE('',#5481,#5271,#4910,.T.);
#4321=EDGE_CURVE('',#5482,#5483,#504,.T.);
#4322=EDGE_CURVE('',#5482,#5281,#4911,.T.);
#4323=EDGE_CURVE('',#5483,#5338,#4912,.T.);
#4324=EDGE_CURVE('',#5484,#5485,#505,.T.);
#4325=EDGE_CURVE('',#5484,#5461,#4913,.T.);
#4326=EDGE_CURVE('',#5485,#5459,#4914,.T.);
#4327=EDGE_CURVE('',#5484,#5486,#506,.T.);
#4328=EDGE_CURVE('',#5486,#5460,#4915,.T.);
#4329=EDGE_CURVE('',#5488,#5487,#4916,.T.);
#4330=EDGE_CURVE('',#5490,#5489,#4917,.T.);
#4331=EDGE_CURVE('',#5487,#5491,#4918,.T.);
#4332=EDGE_CURVE('',#5489,#5492,#4919,.T.);
#4333=EDGE_CURVE('',#5493,#5630,#4920,.T.);
#4334=EDGE_CURVE('',#5496,#5629,#4921,.T.);
#4335=EDGE_CURVE('',#5498,#5497,#507,.T.);
#4336=EDGE_CURVE('',#5500,#5499,#508,.T.);
#4337=EDGE_CURVE('',#5501,#5502,#509,.T.);
#4338=EDGE_CURVE('',#5502,#5503,#510,.T.);
#4339=EDGE_CURVE('',#5503,#5597,#511,.T.);
#4340=EDGE_CURVE('',#5499,#5504,#512,.T.);
#4341=EDGE_CURVE('',#5501,#5505,#513,.T.);
#4342=EDGE_CURVE('',#5508,#5509,#514,.T.);
#4343=EDGE_CURVE('',#5509,#5603,#515,.T.);
#4344=EDGE_CURVE('',#5508,#5602,#516,.T.);
#4345=EDGE_CURVE('',#5510,#5604,#517,.T.);
#4346=EDGE_CURVE('',#5510,#5511,#518,.T.);
#4347=EDGE_CURVE('',#5511,#5605,#519,.T.);
#4348=EDGE_CURVE('',#5511,#5512,#520,.T.);
#4349=EDGE_CURVE('',#5512,#5606,#521,.T.);
#4350=EDGE_CURVE('',#5512,#5513,#522,.T.);
#4351=EDGE_CURVE('',#5513,#5514,#523,.T.);
#4352=EDGE_CURVE('',#5514,#5508,#524,.T.);
#4353=EDGE_CURVE('',#5515,#5609,#525,.T.);
#4354=EDGE_CURVE('',#5516,#5610,#526,.T.);
#4355=EDGE_CURVE('',#5509,#5515,#527,.T.);
#4356=EDGE_CURVE('',#5510,#5516,#528,.T.);
#4357=EDGE_CURVE('',#5517,#5518,#529,.T.);
#4358=EDGE_CURVE('',#5519,#5517,#530,.T.);
#4359=EDGE_CURVE('',#5520,#5521,#531,.T.);
#4360=EDGE_CURVE('',#5522,#5521,#532,.T.);
#4361=EDGE_CURVE('',#5528,#5646,#533,.T.);
#4362=EDGE_CURVE('',#5528,#5525,#4922,.T.);
#4363=EDGE_CURVE('',#5702,#5703,#534,.T.);
#4364=EDGE_CURVE('',#5705,#5704,#535,.T.);
#4365=EDGE_CURVE('',#5704,#5702,#536,.T.);
#4366=EDGE_CURVE('',#5709,#5708,#537,.T.);
#4367=EDGE_CURVE('',#5702,#5648,#538,.T.);
#4368=EDGE_CURVE('',#5704,#5650,#539,.T.);
#4369=EDGE_CURVE('',#5705,#5651,#540,.T.);
#4370=EDGE_CURVE('',#5523,#5652,#541,.T.);
#4371=EDGE_CURVE('',#5526,#5529,#4923,.T.);
#4372=EDGE_CURVE('',#5529,#5657,#4789,.T.);
#4373=EDGE_CURVE('',#5530,#5658,#542,.T.);
#4374=EDGE_CURVE('',#5530,#5527,#4924,.T.);
#4375=EDGE_CURVE('',#5718,#5719,#543,.T.);
#4376=EDGE_CURVE('',#5721,#5720,#544,.T.);
#4377=EDGE_CURVE('',#5720,#5718,#545,.T.);
#4378=EDGE_CURVE('',#5719,#5721,#546,.T.);
#4379=EDGE_CURVE('',#5718,#5660,#547,.T.);
#4380=EDGE_CURVE('',#5720,#5662,#548,.T.);
#4381=EDGE_CURVE('',#5721,#5663,#549,.T.);
#4382=EDGE_CURVE('',#5707,#5709,#550,.T.);
#4383=EDGE_CURVE('',#5703,#5705,#551,.T.);
#4384=EDGE_CURVE('',#5706,#5707,#552,.T.);
#4385=EDGE_CURVE('',#5708,#5706,#553,.T.);
#4386=EDGE_CURVE('',#5706,#5664,#554,.T.);
#4387=EDGE_CURVE('',#5708,#5666,#555,.T.);
#4388=EDGE_CURVE('',#5709,#5667,#556,.T.);
#4389=EDGE_CURVE('',#5525,#5647,#4790,.T.);
#4390=EDGE_CURVE('',#5526,#5656,#4791,.T.);
#4391=EDGE_CURVE('',#5527,#5659,#4792,.T.);
#4392=EDGE_CURVE('',#5670,#5530,#557,.T.);
#4393=EDGE_CURVE('',#5671,#5585,#558,.T.);
#4394=EDGE_CURVE('',#5527,#5526,#559,.T.);
#4395=EDGE_CURVE('',#5525,#5672,#560,.T.);
#4396=EDGE_CURVE('',#5531,#5619,#561,.T.);
#4397=EDGE_CURVE('',#5531,#5532,#4925,.T.);
#4398=EDGE_CURVE('',#5532,#5620,#4793,.T.);
#4399=EDGE_CURVE('',#5746,#5747,#562,.T.);
#4400=EDGE_CURVE('',#5748,#5749,#563,.T.);
#4401=EDGE_CURVE('',#5747,#5748,#564,.T.);
#4402=EDGE_CURVE('',#5749,#5746,#565,.T.);
#4403=EDGE_CURVE('',#5747,#5621,#566,.T.);
#4404=EDGE_CURVE('',#5748,#5623,#567,.T.);
#4405=EDGE_CURVE('',#5749,#5624,#568,.T.);
#4406=EDGE_CURVE('',#5533,#5767,#4926,.T.);
#4407=EDGE_CURVE('',#5534,#5557,#569,.T.);
#4408=EDGE_CURVE('',#5537,#5751,#4927,.T.);
#4409=EDGE_CURVE('',#5536,#5750,#4928,.T.);
#4410=EDGE_CURVE('',#5536,#5537,#570,.T.);
#4411=EDGE_CURVE('',#5538,#5752,#4929,.T.);
#4412=EDGE_CURVE('',#5538,#5539,#571,.T.);
#4413=EDGE_CURVE('',#5535,#5754,#4930,.T.);
#4414=EDGE_CURVE('',#5541,#5539,#4931,.T.);
#4415=EDGE_CURVE('',#5540,#5755,#4932,.T.);
#4416=EDGE_CURVE('',#5541,#5540,#4933,.T.);
#4417=EDGE_CURVE('',#5539,#5541,#4934,.T.);
#4418=EDGE_CURVE('',#5534,#5762,#4935,.T.);
#4419=EDGE_CURVE('',#5542,#5753,#4936,.T.);
#4420=EDGE_CURVE('',#5542,#5535,#572,.T.);
#4421=EDGE_CURVE('',#5543,#5769,#4937,.T.);
#4422=EDGE_CURVE('',#5544,#5576,#573,.T.);
#4423=EDGE_CURVE('',#5547,#5757,#4938,.T.);
#4424=EDGE_CURVE('',#5546,#5756,#4939,.T.);
#4425=EDGE_CURVE('',#5546,#5547,#574,.T.);
#4426=EDGE_CURVE('',#5548,#5758,#4940,.T.);
#4427=EDGE_CURVE('',#5548,#5549,#575,.T.);
#4428=EDGE_CURVE('',#5545,#5760,#4941,.T.);
#4429=EDGE_CURVE('',#5551,#5549,#4942,.T.);
#4430=EDGE_CURVE('',#5550,#5761,#4943,.T.);
#4431=EDGE_CURVE('',#5551,#5550,#4944,.T.);
#4432=EDGE_CURVE('',#5549,#5551,#4945,.T.);
#4433=EDGE_CURVE('',#5544,#5764,#4946,.T.);
#4434=EDGE_CURVE('',#5552,#5759,#4947,.T.);
#4435=EDGE_CURVE('',#5552,#5545,#576,.T.);
#4436=EDGE_CURVE('',#5494,#5573,#4948,.T.);
#4437=EDGE_CURVE('',#5553,#5554,#577,.T.);
#4438=EDGE_CURVE('',#5556,#5625,#578,.T.);
#4439=EDGE_CURVE('',#5554,#5557,#4949,.T.);
#4440=EDGE_CURVE('',#5558,#5556,#4950,.T.);
#4441=EDGE_CURVE('',#5553,#5574,#4951,.T.);
#4442=EDGE_CURVE('',#5555,#5567,#4952,.T.);
#4443=EDGE_CURVE('',#5558,#5494,#4794,.T.);
#4444=EDGE_CURVE('',#5559,#5560,#579,.T.);
#4445=EDGE_CURVE('',#5560,#5562,#580,.T.);
#4446=EDGE_CURVE('',#5561,#5562,#581,.T.);
#4447=EDGE_CURVE('',#5563,#5561,#4953,.T.);
#4448=EDGE_CURVE('',#5564,#5563,#582,.T.);
#4449=EDGE_CURVE('',#5562,#5564,#4954,.T.);
#4450=EDGE_CURVE('',#5674,#5673,#583,.T.);
#4451=EDGE_CURVE('',#5561,#5559,#584,.T.);
#4452=EDGE_CURVE('',#5563,#5559,#585,.T.);
#4453=EDGE_CURVE('',#5564,#5560,#586,.T.);
#4454=EDGE_CURVE('',#5532,#5675,#587,.T.);
#4455=EDGE_CURVE('',#5689,#5676,#588,.T.);
#4456=EDGE_CURVE('',#5566,#5567,#589,.T.);
#4457=EDGE_CURVE('',#5568,#5565,#590,.T.);
#4458=EDGE_CURVE('',#5555,#5566,#591,.T.);
#4459=EDGE_CURVE('',#5676,#5531,#592,.T.);
#4460=EDGE_CURVE('',#5568,#5553,#593,.T.);
#4461=EDGE_CURVE('',#5554,#5565,#594,.T.);
#4462=EDGE_CURVE('',#5569,#5570,#4955,.T.);
#4463=EDGE_CURVE('',#5570,#5633,#4795,.T.);
#4464=EDGE_CURVE('',#5569,#5632,#4796,.T.);
#4465=EDGE_CURVE('',#5571,#5634,#595,.T.);
#4466=EDGE_CURVE('',#5571,#5572,#4956,.T.);
#4467=EDGE_CURVE('',#5572,#5635,#4797,.T.);
#4468=EDGE_CURVE('',#5572,#5569,#596,.T.);
#4469=EDGE_CURVE('',#5732,#5733,#597,.T.);
#4470=EDGE_CURVE('',#5733,#5730,#598,.T.);
#4471=EDGE_CURVE('',#5730,#5731,#599,.T.);
#4472=EDGE_CURVE('',#5731,#5732,#600,.T.);
#4473=EDGE_CURVE('',#5731,#5636,#601,.T.);
#4474=EDGE_CURVE('',#5732,#5638,#602,.T.);
#4475=EDGE_CURVE('',#5733,#5639,#603,.T.);
#4476=EDGE_CURVE('',#5740,#5741,#604,.T.);
#4477=EDGE_CURVE('',#5739,#5740,#605,.T.);
#4478=EDGE_CURVE('',#5741,#5738,#606,.T.);
#4479=EDGE_CURVE('',#5738,#5739,#607,.T.);
#4480=EDGE_CURVE('',#5739,#5640,#608,.T.);
#4481=EDGE_CURVE('',#5740,#5642,#609,.T.);
#4482=EDGE_CURVE('',#5741,#5643,#610,.T.);
#4483=EDGE_CURVE('',#5570,#5677,#611,.T.);
#4484=EDGE_CURVE('',#5645,#5699,#612,.T.);
#4485=EDGE_CURVE('',#5678,#5571,#613,.T.);
#4486=EDGE_CURVE('',#5679,#5586,#614,.T.);
#4487=EDGE_CURVE('',#5574,#5575,#615,.T.);
#4488=EDGE_CURVE('',#5573,#5567,#616,.T.);
#4489=EDGE_CURVE('',#5568,#5574,#617,.T.);
#4490=EDGE_CURVE('',#5681,#5680,#618,.T.);
#4491=EDGE_CURVE('',#5575,#5565,#619,.T.);
#4492=EDGE_CURVE('',#5557,#5763,#4957,.T.);
#4493=EDGE_CURVE('',#5577,#5766,#4958,.T.);
#4494=EDGE_CURVE('',#5577,#5533,#4798,.T.);
#4495=EDGE_CURVE('',#5578,#5768,#4959,.T.);
#4496=EDGE_CURVE('',#5578,#5543,#4799,.T.);
#4497=EDGE_CURVE('',#5576,#5765,#4960,.T.);
#4498=EDGE_CURVE('',#5493,#5588,#620,.T.);
#4499=EDGE_CURVE('',#5580,#5581,#621,.T.);
#4500=EDGE_CURVE('',#5580,#5579,#622,.T.);
#4501=EDGE_CURVE('',#5581,#5582,#623,.T.);
#4502=EDGE_CURVE('',#5582,#5520,#624,.T.);
#4503=EDGE_CURVE('',#5581,#5518,#625,.T.);
#4504=EDGE_CURVE('',#5582,#5579,#626,.T.);
#4505=EDGE_CURVE('',#5519,#5522,#627,.T.);
#4506=EDGE_CURVE('',#5583,#5586,#628,.T.);
#4507=EDGE_CURVE('',#5585,#5584,#629,.T.);
#4508=EDGE_CURVE('',#5583,#5519,#630,.T.);
#4509=EDGE_CURVE('',#5584,#5522,#631,.T.);
#4510=EDGE_CURVE('',#5587,#5573,#632,.T.);
#4511=EDGE_CURVE('',#5589,#5588,#633,.T.);
#4512=EDGE_CURVE('',#5517,#5506,#634,.T.);
#4513=EDGE_CURVE('',#5518,#5507,#635,.T.);
#4514=EDGE_CURVE('',#5590,#5488,#636,.T.);
#4515=EDGE_CURVE('',#5590,#5614,#637,.T.);
#4516=EDGE_CURVE('',#5590,#5491,#638,.T.);
#4517=EDGE_CURVE('',#5521,#5498,#639,.T.);
#4518=EDGE_CURVE('',#5497,#5520,#640,.T.);
#4519=EDGE_CURVE('',#5587,#5589,#641,.T.);
#4520=EDGE_CURVE('',#5507,#5506,#642,.T.);
#4521=EDGE_CURVE('',#5589,#5617,#643,.T.);
#4522=EDGE_CURVE('',#5591,#5592,#644,.T.);
#4523=EDGE_CURVE('',#5593,#5594,#645,.T.);
#4524=EDGE_CURVE('',#5594,#5595,#646,.T.);
#4525=EDGE_CURVE('',#5596,#5597,#647,.T.);
#4526=EDGE_CURVE('',#5595,#5596,#648,.T.);
#4527=EDGE_CURVE('',#5598,#5599,#649,.T.);
#4528=EDGE_CURVE('',#5599,#5591,#650,.T.);
#4529=EDGE_CURVE('',#5600,#5592,#651,.T.);
#4530=EDGE_CURVE('',#5601,#5593,#652,.T.);
#4531=EDGE_CURVE('',#5602,#5603,#653,.T.);
#4532=EDGE_CURVE('',#5604,#5605,#654,.T.);
#4533=EDGE_CURVE('',#5605,#5606,#655,.T.);
#4534=EDGE_CURVE('',#5606,#5607,#656,.T.);
#4535=EDGE_CURVE('',#5608,#5602,#657,.T.);
#4536=EDGE_CURVE('',#5603,#5609,#658,.T.);
#4537=EDGE_CURVE('',#5610,#5604,#659,.T.);
#4538=EDGE_CURVE('',#5598,#5597,#660,.T.);
#4539=EDGE_CURVE('',#5592,#5499,#661,.T.);
#4540=EDGE_CURVE('',#5591,#5500,#662,.T.);
#4541=EDGE_CURVE('',#5593,#5501,#663,.T.);
#4542=EDGE_CURVE('',#5594,#5502,#664,.T.);
#4543=EDGE_CURVE('',#5595,#5503,#665,.T.);
#4544=EDGE_CURVE('',#5598,#5500,#666,.T.);
#4545=EDGE_CURVE('',#5600,#5504,#667,.T.);
#4546=EDGE_CURVE('',#5601,#5505,#668,.T.);
#4547=EDGE_CURVE('',#5607,#5608,#669,.T.);
#4548=EDGE_CURVE('',#5609,#5610,#670,.T.);
#4549=EDGE_CURVE('',#5600,#5601,#671,.T.);
#4550=EDGE_CURVE('',#5599,#5596,#672,.T.);
#4551=EDGE_CURVE('',#5516,#5583,#673,.T.);
#4552=EDGE_CURVE('',#5505,#5585,#674,.T.);
#4553=EDGE_CURVE('',#5506,#5515,#675,.T.);
#4554=EDGE_CURVE('',#5523,#5682,#676,.T.);
#4555=EDGE_CURVE('',#5698,#5644,#677,.T.);
#4556=EDGE_CURVE('',#5684,#5683,#678,.T.);
#4557=EDGE_CURVE('',#5701,#5669,#679,.T.);
#4558=EDGE_CURVE('',#5685,#5524,#680,.T.);
#4559=EDGE_CURVE('',#5687,#5686,#681,.T.);
#4560=EDGE_CURVE('',#5524,#5523,#682,.T.);
#4561=EDGE_CURVE('',#5614,#5612,#683,.T.);
#4562=EDGE_CURVE('',#5611,#5612,#684,.T.);
#4563=EDGE_CURVE('',#5613,#5611,#685,.T.);
#4564=EDGE_CURVE('',#5613,#5614,#686,.T.);
#4565=EDGE_CURVE('',#5611,#5497,#687,.T.);
#4566=EDGE_CURVE('',#5613,#5504,#688,.T.);
#4567=EDGE_CURVE('',#5579,#5612,#689,.T.);
#4568=EDGE_CURVE('',#5616,#5618,#690,.T.);
#4569=EDGE_CURVE('',#5617,#5615,#691,.T.);
#4570=EDGE_CURVE('',#5615,#5616,#692,.T.);
#4571=EDGE_CURVE('',#5617,#5618,#693,.T.);
#4572=EDGE_CURVE('',#5618,#5588,#694,.T.);
#4573=EDGE_CURVE('',#5615,#5507,#695,.T.);
#4574=EDGE_CURVE('',#5616,#5580,#696,.T.);
#4575=EDGE_CURVE('',#5495,#5625,#4961,.T.);
#4576=EDGE_CURVE('',#5626,#5496,#697,.T.);
#4577=EDGE_CURVE('',#5627,#5628,#698,.T.);
#4578=EDGE_CURVE('',#5558,#5495,#699,.T.);
#4579=EDGE_CURVE('',#5619,#5620,#4962,.T.);
#4580=EDGE_CURVE('',#5621,#5622,#700,.T.);
#4581=EDGE_CURVE('',#5623,#5621,#701,.T.);
#4582=EDGE_CURVE('',#5624,#5623,#702,.T.);
#4583=EDGE_CURVE('',#5622,#5624,#703,.T.);
#4584=EDGE_CURVE('',#5620,#5688,#704,.T.);
#4585=EDGE_CURVE('',#5625,#5627,#705,.T.);
#4586=EDGE_CURVE('',#5619,#5689,#706,.T.);
#4587=EDGE_CURVE('',#5622,#5746,#707,.T.);
#4588=EDGE_CURVE('',#5625,#5555,#708,.T.);
#4589=EDGE_CURVE('',#5692,#5672,#709,.T.);
#4590=EDGE_CURVE('',#5627,#5566,#710,.T.);
#4591=EDGE_CURVE('',#5493,#5496,#4800,.T.);
#4592=EDGE_CURVE('',#5629,#5631,#4801,.T.);
#4593=EDGE_CURVE('',#5630,#5494,#4963,.T.);
#4594=EDGE_CURVE('',#5629,#5495,#4964,.T.);
#4595=EDGE_CURVE('',#5558,#5631,#4802,.T.);
#4596=EDGE_CURVE('',#5631,#5630,#4803,.T.);
#4597=EDGE_CURVE('',#5644,#5645,#711,.T.);
#4598=EDGE_CURVE('',#5632,#5633,#4965,.T.);
#4599=EDGE_CURVE('',#5634,#5635,#4966,.T.);
#4600=EDGE_CURVE('',#5635,#5632,#712,.T.);
#4601=EDGE_CURVE('',#5636,#5637,#713,.T.);
#4602=EDGE_CURVE('',#5638,#5636,#714,.T.);
#4603=EDGE_CURVE('',#5639,#5638,#715,.T.);
#4604=EDGE_CURVE('',#5637,#5639,#716,.T.);
#4605=EDGE_CURVE('',#5640,#5641,#717,.T.);
#4606=EDGE_CURVE('',#5642,#5640,#718,.T.);
#4607=EDGE_CURVE('',#5643,#5642,#719,.T.);
#4608=EDGE_CURVE('',#5641,#5643,#720,.T.);
#4609=EDGE_CURVE('',#5633,#5690,#721,.T.);
#4610=EDGE_CURVE('',#5634,#5691,#722,.T.);
#4611=EDGE_CURVE('',#5637,#5730,#723,.T.);
#4612=EDGE_CURVE('',#5641,#5738,#724,.T.);
#4613=EDGE_CURVE('',#5696,#5626,#725,.T.);
#4614=EDGE_CURVE('',#5490,#5652,#726,.T.);
#4615=EDGE_CURVE('',#5492,#5653,#727,.T.);
#4616=EDGE_CURVE('',#5646,#5647,#4967,.T.);
#4617=EDGE_CURVE('',#5648,#5649,#728,.T.);
#4618=EDGE_CURVE('',#5650,#5648,#729,.T.);
#4619=EDGE_CURVE('',#5651,#5650,#730,.T.);
#4620=EDGE_CURVE('',#5649,#5651,#731,.T.);
#4621=EDGE_CURVE('',#5646,#5652,#732,.T.);
#4622=EDGE_CURVE('',#5647,#5692,#733,.T.);
#4623=EDGE_CURVE('',#5649,#5703,#734,.T.);
#4624=EDGE_CURVE('',#5653,#5700,#735,.T.);
#4625=EDGE_CURVE('',#5489,#5655,#736,.T.);
#4626=EDGE_CURVE('',#5488,#5490,#737,.T.);
#4627=EDGE_CURVE('',#5491,#5654,#738,.T.);
#4628=EDGE_CURVE('',#5654,#5655,#4804,.T.);
#4629=EDGE_CURVE('',#5655,#5487,#4805,.T.);
#4630=EDGE_CURVE('',#5654,#5492,#739,.T.);
#4631=EDGE_CURVE('',#5668,#5669,#740,.T.);
#4632=EDGE_CURVE('',#5656,#5657,#4968,.T.);
#4633=EDGE_CURVE('',#5658,#5659,#4969,.T.);
#4634=EDGE_CURVE('',#5660,#5661,#741,.T.);
#4635=EDGE_CURVE('',#5662,#5660,#742,.T.);
#4636=EDGE_CURVE('',#5663,#5662,#743,.T.);
#4637=EDGE_CURVE('',#5661,#5663,#744,.T.);
#4638=EDGE_CURVE('',#5664,#5665,#745,.T.);
#4639=EDGE_CURVE('',#5666,#5664,#746,.T.);
#4640=EDGE_CURVE('',#5667,#5666,#747,.T.);
#4641=EDGE_CURVE('',#5665,#5667,#748,.T.);
#4642=EDGE_CURVE('',#5657,#5668,#749,.T.);
#4643=EDGE_CURVE('',#5658,#5693,#750,.T.);
#4644=EDGE_CURVE('',#5659,#5656,#751,.T.);
#4645=EDGE_CURVE('',#5661,#5719,#752,.T.);
#4646=EDGE_CURVE('',#5665,#5707,#753,.T.);
#4647=EDGE_CURVE('',#5524,#5668,#754,.T.);
#4648=EDGE_CURVE('',#5628,#5697,#755,.T.);
#4649=EDGE_CURVE('',#5608,#5514,#756,.T.);
#4650=EDGE_CURVE('',#5513,#5607,#757,.T.);
#4651=EDGE_CURVE('',#5694,#5529,#758,.T.);
#4652=EDGE_CURVE('',#5586,#5587,#759,.T.);
#4653=EDGE_CURVE('',#5695,#5528,#760,.T.);
#4654=EDGE_CURVE('',#5584,#5498,#761,.T.);
#4655=EDGE_CURVE('',#5691,#5678,#762,.T.);
#4656=EDGE_CURVE('',#5684,#5687,#763,.T.);
#4657=EDGE_CURVE('',#5686,#5683,#764,.T.);
#4658=EDGE_CURVE('',#5675,#5688,#765,.T.);
#4659=EDGE_CURVE('',#5677,#5690,#766,.T.);
#4660=EDGE_CURVE('',#5699,#5679,#767,.T.);
#4661=EDGE_CURVE('',#5680,#5698,#768,.T.);
#4662=EDGE_CURVE('',#5697,#5681,#769,.T.);
#4663=EDGE_CURVE('',#5674,#5696,#770,.T.);
#4664=EDGE_CURVE('',#5700,#5673,#771,.T.);
#4665=EDGE_CURVE('',#5670,#5693,#772,.T.);
#4666=EDGE_CURVE('',#5671,#5701,#773,.T.);
#4667=EDGE_CURVE('',#5694,#5685,#774,.T.);
#4668=EDGE_CURVE('',#5682,#5695,#775,.T.);
#4669=EDGE_CURVE('',#5676,#5681,#776,.T.);
#4670=EDGE_CURVE('',#5697,#5689,#777,.T.);
#4671=EDGE_CURVE('',#5680,#5677,#778,.T.);
#4672=EDGE_CURVE('',#5690,#5698,#779,.T.);
#4673=EDGE_CURVE('',#5682,#5684,#780,.T.);
#4674=EDGE_CURVE('',#5687,#5695,#781,.T.);
#4675=EDGE_CURVE('',#5683,#5685,#782,.T.);
#4676=EDGE_CURVE('',#5694,#5686,#783,.T.);
#4677=EDGE_CURVE('',#5674,#5675,#784,.T.);
#4678=EDGE_CURVE('',#5688,#5696,#785,.T.);
#4679=EDGE_CURVE('',#5678,#5679,#786,.T.);
#4680=EDGE_CURVE('',#5699,#5691,#787,.T.);
#4681=EDGE_CURVE('',#5672,#5673,#788,.T.);
#4682=EDGE_CURVE('',#5700,#5692,#789,.T.);
#4683=EDGE_CURVE('',#5671,#5670,#790,.T.);
#4684=EDGE_CURVE('',#5693,#5701,#791,.T.);
#4685=EDGE_CURVE('',#5717,#5702,#792,.T.);
#4686=EDGE_CURVE('',#5717,#5716,#793,.T.);
#4687=EDGE_CURVE('',#5703,#5716,#794,.T.);
#4688=EDGE_CURVE('',#5714,#5717,#795,.T.);
#4689=EDGE_CURVE('',#5714,#5704,#796,.T.);
#4690=EDGE_CURVE('',#5713,#5714,#797,.T.);
#4691=EDGE_CURVE('',#5713,#5705,#798,.T.);
#4692=EDGE_CURVE('',#5716,#5713,#799,.T.);
#4693=EDGE_CURVE('',#5712,#5706,#800,.T.);
#4694=EDGE_CURVE('',#5712,#5715,#801,.T.);
#4695=EDGE_CURVE('',#5707,#5715,#802,.T.);
#4696=EDGE_CURVE('',#5711,#5712,#803,.T.);
#4697=EDGE_CURVE('',#5711,#5708,#804,.T.);
#4698=EDGE_CURVE('',#5710,#5711,#805,.T.);
#4699=EDGE_CURVE('',#5710,#5709,#806,.T.);
#4700=EDGE_CURVE('',#5715,#5710,#807,.T.);
#4701=EDGE_CURVE('',#5725,#5718,#808,.T.);
#4702=EDGE_CURVE('',#5725,#5724,#809,.T.);
#4703=EDGE_CURVE('',#5719,#5724,#810,.T.);
#4704=EDGE_CURVE('',#5723,#5725,#811,.T.);
#4705=EDGE_CURVE('',#5723,#5720,#812,.T.);
#4706=EDGE_CURVE('',#5722,#5723,#813,.T.);
#4707=EDGE_CURVE('',#5722,#5721,#814,.T.);
#4708=EDGE_CURVE('',#5724,#5722,#815,.T.);
#4709=EDGE_CURVE('',#5727,#5729,#816,.T.);
#4710=EDGE_CURVE('',#5729,#5731,#817,.T.);
#4711=EDGE_CURVE('',#5729,#5728,#818,.T.);
#4712=EDGE_CURVE('',#5732,#5728,#819,.T.);
#4713=EDGE_CURVE('',#5728,#5726,#820,.T.);
#4714=EDGE_CURVE('',#5733,#5726,#821,.T.);
#4715=EDGE_CURVE('',#5730,#5727,#822,.T.);
#4716=EDGE_CURVE('',#5726,#5727,#823,.T.);
#4717=EDGE_CURVE('',#5739,#5737,#824,.T.);
#4718=EDGE_CURVE('',#5735,#5737,#825,.T.);
#4719=EDGE_CURVE('',#5735,#5738,#826,.T.);
#4720=EDGE_CURVE('',#5737,#5736,#827,.T.);
#4721=EDGE_CURVE('',#5740,#5736,#828,.T.);
#4722=EDGE_CURVE('',#5736,#5734,#829,.T.);
#4723=EDGE_CURVE('',#5741,#5734,#830,.T.);
#4724=EDGE_CURVE('',#5734,#5735,#831,.T.);
#4725=EDGE_CURVE('',#5747,#5745,#832,.T.);
#4726=EDGE_CURVE('',#5743,#5745,#833,.T.);
#4727=EDGE_CURVE('',#5745,#5744,#834,.T.);
#4728=EDGE_CURVE('',#5748,#5744,#835,.T.);
#4729=EDGE_CURVE('',#5744,#5742,#836,.T.);
#4730=EDGE_CURVE('',#5749,#5742,#837,.T.);
#4731=EDGE_CURVE('',#5746,#5743,#838,.T.);
#4732=EDGE_CURVE('',#5742,#5743,#839,.T.);
#4733=EDGE_CURVE('',#5750,#5751,#840,.T.);
#4734=EDGE_CURVE('',#5751,#5537,#4970,.T.);
#4735=EDGE_CURVE('',#5750,#5536,#4971,.T.);
#4736=EDGE_CURVE('',#5752,#5541,#841,.T.);
#4737=EDGE_CURVE('',#5752,#5538,#4972,.T.);
#4738=EDGE_CURVE('',#5753,#5754,#842,.T.);
#4739=EDGE_CURVE('',#5754,#5535,#4973,.T.);
#4740=EDGE_CURVE('',#5753,#5542,#4974,.T.);
#4741=EDGE_CURVE('',#5539,#5755,#4975,.T.);
#4742=EDGE_CURVE('',#5755,#5540,#4976,.T.);
#4743=EDGE_CURVE('',#5756,#5757,#843,.T.);
#4744=EDGE_CURVE('',#5757,#5547,#4977,.T.);
#4745=EDGE_CURVE('',#5756,#5546,#4978,.T.);
#4746=EDGE_CURVE('',#5758,#5551,#844,.T.);
#4747=EDGE_CURVE('',#5758,#5548,#4979,.T.);
#4748=EDGE_CURVE('',#5759,#5760,#845,.T.);
#4749=EDGE_CURVE('',#5760,#5545,#4980,.T.);
#4750=EDGE_CURVE('',#5759,#5552,#4981,.T.);
#4751=EDGE_CURVE('',#5549,#5761,#4982,.T.);
#4752=EDGE_CURVE('',#5761,#5550,#4983,.T.);
#4753=EDGE_CURVE('',#5762,#5763,#846,.T.);
#4754=EDGE_CURVE('',#5762,#5534,#4984,.T.);
#4755=EDGE_CURVE('',#5763,#5575,#4985,.T.);
#4756=EDGE_CURVE('',#5764,#5765,#847,.T.);
#4757=EDGE_CURVE('',#5764,#5544,#4986,.T.);
#4758=EDGE_CURVE('',#5765,#5576,#4987,.T.);
#4759=EDGE_CURVE('',#5766,#5767,#4806,.T.);
#4760=EDGE_CURVE('',#5767,#5533,#4988,.T.);
#4761=EDGE_CURVE('',#5766,#5577,#4989,.T.);
#4762=EDGE_CURVE('',#5768,#5769,#4807,.T.);
#4763=EDGE_CURVE('',#5769,#5543,#4990,.T.);
#4764=EDGE_CURVE('',#5768,#5578,#4991,.T.);
#4765=(
BOUNDED_CURVE()
B_SPLINE_CURVE(1,(#7141,#7142),.UNSPECIFIED.,.F.,.F.)
B_SPLINE_CURVE_WITH_KNOTS((2,2),(0.,2.5),.UNSPECIFIED.)
CURVE()
GEOMETRIC_REPRESENTATION_ITEM()
RATIONAL_B_SPLINE_CURVE((1.,1.))
REPRESENTATION_ITEM('')
);
#4766=(
BOUNDED_CURVE()
B_SPLINE_CURVE(1,(#7146,#7147),.UNSPECIFIED.,.F.,.F.)
B_SPLINE_CURVE_WITH_KNOTS((2,2),(0.,2.5),.UNSPECIFIED.)
CURVE()
GEOMETRIC_REPRESENTATION_ITEM()
RATIONAL_B_SPLINE_CURVE((1.,1.))
REPRESENTATION_ITEM('')
);
#4767=(
BOUNDED_CURVE()
B_SPLINE_CURVE(1,(#7262,#7263),.UNSPECIFIED.,.F.,.F.)
B_SPLINE_CURVE_WITH_KNOTS((2,2),(26.9999999999999,29.5),.UNSPECIFIED.)
CURVE()
GEOMETRIC_REPRESENTATION_ITEM()
RATIONAL_B_SPLINE_CURVE((1.,1.))
REPRESENTATION_ITEM('')
);
#4768=(
BOUNDED_CURVE()
B_SPLINE_CURVE(1,(#7267,#7268),.UNSPECIFIED.,.F.,.F.)
B_SPLINE_CURVE_WITH_KNOTS((2,2),(10.75,28.5),.UNSPECIFIED.)
CURVE()
GEOMETRIC_REPRESENTATION_ITEM()
RATIONAL_B_SPLINE_CURVE((1.,1.))
REPRESENTATION_ITEM('')
);
#4769=(
BOUNDED_CURVE()
B_SPLINE_CURVE(1,(#7269,#7270),.UNSPECIFIED.,.F.,.F.)
B_SPLINE_CURVE_WITH_KNOTS((2,2),(0.749999999999972,8.25),.UNSPECIFIED.)
CURVE()
GEOMETRIC_REPRESENTATION_ITEM()
RATIONAL_B_SPLINE_CURVE((1.,1.))
REPRESENTATION_ITEM('')
);
#4770=(
BOUNDED_CURVE()
B_SPLINE_CURVE(1,(#7271,#7272),.UNSPECIFIED.,.F.,.F.)
B_SPLINE_CURVE_WITH_KNOTS((2,2),(-9.75,-2.24999999999997),.UNSPECIFIED.)
CURVE()
GEOMETRIC_REPRESENTATION_ITEM()
RATIONAL_B_SPLINE_CURVE((1.,1.))
REPRESENTATION_ITEM('')
);
#4771=(
BOUNDED_CURVE()
B_SPLINE_CURVE(1,(#7273,#7274),.UNSPECIFIED.,.F.,.F.)
B_SPLINE_CURVE_WITH_KNOTS((2,2),(0.749999999999972,8.25),.UNSPECIFIED.)
CURVE()
GEOMETRIC_REPRESENTATION_ITEM()
RATIONAL_B_SPLINE_CURVE((1.,1.))
REPRESENTATION_ITEM('')
);
#4772=(
BOUNDED_CURVE()
B_SPLINE_CURVE(1,(#7275,#7276),.UNSPECIFIED.,.F.,.F.)
B_SPLINE_CURVE_WITH_KNOTS((2,2),(-9.74999999999998,-2.25),.UNSPECIFIED.)
CURVE()
GEOMETRIC_REPRESENTATION_ITEM()
RATIONAL_B_SPLINE_CURVE((1.,1.))
REPRESENTATION_ITEM('')
);
#4773=(
BOUNDED_CURVE()
B_SPLINE_CURVE(1,(#7292,#7293),.UNSPECIFIED.,.F.,.F.)
B_SPLINE_CURVE_WITH_KNOTS((2,2),(9.75000000000001,13.7499999999999),
 .UNSPECIFIED.)
CURVE()
GEOMETRIC_REPRESENTATION_ITEM()
RATIONAL_B_SPLINE_CURVE((1.,1.))
REPRESENTATION_ITEM('')
);
#4774=(
BOUNDED_CURVE()
B_SPLINE_CURVE(1,(#7326,#7327),.UNSPECIFIED.,.F.,.F.)
B_SPLINE_CURVE_WITH_KNOTS((2,2),(1.49999999999996,2.25),.UNSPECIFIED.)
CURVE()
GEOMETRIC_REPRESENTATION_ITEM()
RATIONAL_B_SPLINE_CURVE((1.,1.))
REPRESENTATION_ITEM('')
);
#4775=(
BOUNDED_CURVE()
B_SPLINE_CURVE(1,(#7339,#7340),.UNSPECIFIED.,.F.,.F.)
B_SPLINE_CURVE_WITH_KNOTS((2,2),(26.9999999999999,29.5),.UNSPECIFIED.)
CURVE()
GEOMETRIC_REPRESENTATION_ITEM()
RATIONAL_B_SPLINE_CURVE((1.,1.))
REPRESENTATION_ITEM('')
);
#4776=(
BOUNDED_CURVE()
B_SPLINE_CURVE(1,(#7355,#7356),.UNSPECIFIED.,.F.,.F.)
B_SPLINE_CURVE_WITH_KNOTS((2,2),(10.75,28.5),.UNSPECIFIED.)
CURVE()
GEOMETRIC_REPRESENTATION_ITEM()
RATIONAL_B_SPLINE_CURVE((1.,1.))
REPRESENTATION_ITEM('')
);
#4777=(
BOUNDED_CURVE()
B_SPLINE_CURVE(1,(#7360,#7361),.UNSPECIFIED.,.F.,.F.)
B_SPLINE_CURVE_WITH_KNOTS((2,2),(9.75000000000001,13.7499999999999),
 .UNSPECIFIED.)
CURVE()
GEOMETRIC_REPRESENTATION_ITEM()
RATIONAL_B_SPLINE_CURVE((1.,1.))
REPRESENTATION_ITEM('')
);
#4778=(
BOUNDED_CURVE()
B_SPLINE_CURVE(1,(#7373,#7374),.UNSPECIFIED.,.F.,.F.)
B_SPLINE_CURVE_WITH_KNOTS((2,2),(1.49999999999991,2.25),.UNSPECIFIED.)
CURVE()
GEOMETRIC_REPRESENTATION_ITEM()
RATIONAL_B_SPLINE_CURVE((1.,1.))
REPRESENTATION_ITEM('')
);
#4779=(
BOUNDED_CURVE()
B_SPLINE_CURVE(1,(#8424,#8425),.UNSPECIFIED.,.F.,.F.)
B_SPLINE_CURVE_WITH_KNOTS((2,2),(0.,2.49999999999997),.UNSPECIFIED.)
CURVE()
GEOMETRIC_REPRESENTATION_ITEM()
RATIONAL_B_SPLINE_CURVE((1.,1.))
REPRESENTATION_ITEM('')
);
#4780=(
BOUNDED_CURVE()
B_SPLINE_CURVE(1,(#8485,#8486),.UNSPECIFIED.,.F.,.F.)
B_SPLINE_CURVE_WITH_KNOTS((2,2),(0.,2.49999999999997),.UNSPECIFIED.)
CURVE()
GEOMETRIC_REPRESENTATION_ITEM()
RATIONAL_B_SPLINE_CURVE((1.,1.))
REPRESENTATION_ITEM('')
);
#4781=(
BOUNDED_CURVE()
B_SPLINE_CURVE(1,(#8487,#8488),.UNSPECIFIED.,.F.,.F.)
B_SPLINE_CURVE_WITH_KNOTS((2,2),(0.,2.49999999999997),.UNSPECIFIED.)
CURVE()
GEOMETRIC_REPRESENTATION_ITEM()
RATIONAL_B_SPLINE_CURVE((1.,1.))
REPRESENTATION_ITEM('')
);
#4782=(
BOUNDED_CURVE()
B_SPLINE_CURVE(1,(#8525,#8526),.UNSPECIFIED.,.F.,.F.)
B_SPLINE_CURVE_WITH_KNOTS((2,2),(40.,74.8105602654144),.UNSPECIFIED.)
CURVE()
GEOMETRIC_REPRESENTATION_ITEM()
RATIONAL_B_SPLINE_CURVE((1.,1.))
REPRESENTATION_ITEM('')
);
#4783=(
BOUNDED_CURVE()
B_SPLINE_CURVE(1,(#8533,#8534),.UNSPECIFIED.,.F.,.F.)
B_SPLINE_CURVE_WITH_KNOTS((2,2),(40.,74.8105602654145),.UNSPECIFIED.)
CURVE()
GEOMETRIC_REPRESENTATION_ITEM()
RATIONAL_B_SPLINE_CURVE((1.,1.))
REPRESENTATION_ITEM('')
);
#4784=(
BOUNDED_CURVE()
B_SPLINE_CURVE(1,(#8647,#8648),.UNSPECIFIED.,.F.,.F.)
B_SPLINE_CURVE_WITH_KNOTS((2,2),(0.,2.49999999999997),.UNSPECIFIED.)
CURVE()
GEOMETRIC_REPRESENTATION_ITEM()
RATIONAL_B_SPLINE_CURVE((1.,1.))
REPRESENTATION_ITEM('')
);
#4785=(
BOUNDED_CURVE()
B_SPLINE_CURVE(1,(#8649,#8650),.UNSPECIFIED.,.F.,.F.)
B_SPLINE_CURVE_WITH_KNOTS((2,2),(0.,2.49999999999997),.UNSPECIFIED.)
CURVE()
GEOMETRIC_REPRESENTATION_ITEM()
RATIONAL_B_SPLINE_CURVE((1.,1.))
REPRESENTATION_ITEM('')
);
#4786=(
BOUNDED_CURVE()
B_SPLINE_CURVE(1,(#8656,#8657),.UNSPECIFIED.,.F.,.F.)
B_SPLINE_CURVE_WITH_KNOTS((2,2),(0.,2.49999999999997),.UNSPECIFIED.)
CURVE()
GEOMETRIC_REPRESENTATION_ITEM()
RATIONAL_B_SPLINE_CURVE((1.,1.))
REPRESENTATION_ITEM('')
);
#4787=(
BOUNDED_CURVE()
B_SPLINE_CURVE(1,(#9426,#9427),.UNSPECIFIED.,.F.,.F.)
B_SPLINE_CURVE_WITH_KNOTS((2,2),(40.,74.8105602654144),.UNSPECIFIED.)
CURVE()
GEOMETRIC_REPRESENTATION_ITEM()
RATIONAL_B_SPLINE_CURVE((1.,1.))
REPRESENTATION_ITEM('')
);
#4788=(
BOUNDED_CURVE()
B_SPLINE_CURVE(1,(#9434,#9435),.UNSPECIFIED.,.F.,.F.)
B_SPLINE_CURVE_WITH_KNOTS((2,2),(40.,74.8105602654145),.UNSPECIFIED.)
CURVE()
GEOMETRIC_REPRESENTATION_ITEM()
RATIONAL_B_SPLINE_CURVE((1.,1.))
REPRESENTATION_ITEM('')
);
#4789=(
BOUNDED_CURVE()
B_SPLINE_CURVE(1,(#10702,#10703),.UNSPECIFIED.,.F.,.F.)
B_SPLINE_CURVE_WITH_KNOTS((2,2),(0.,2.5),.UNSPECIFIED.)
CURVE()
GEOMETRIC_REPRESENTATION_ITEM()
RATIONAL_B_SPLINE_CURVE((1.,1.))
REPRESENTATION_ITEM('')
);
#4790=(
BOUNDED_CURVE()
B_SPLINE_CURVE(1,(#10761,#10762),.UNSPECIFIED.,.F.,.F.)
B_SPLINE_CURVE_WITH_KNOTS((2,2),(0.,2.49999999999997),.UNSPECIFIED.)
CURVE()
GEOMETRIC_REPRESENTATION_ITEM()
RATIONAL_B_SPLINE_CURVE((1.,1.))
REPRESENTATION_ITEM('')
);
#4791=(
BOUNDED_CURVE()
B_SPLINE_CURVE(1,(#10763,#10764),.UNSPECIFIED.,.F.,.F.)
B_SPLINE_CURVE_WITH_KNOTS((2,2),(0.,2.5),.UNSPECIFIED.)
CURVE()
GEOMETRIC_REPRESENTATION_ITEM()
RATIONAL_B_SPLINE_CURVE((1.,1.))
REPRESENTATION_ITEM('')
);
#4792=(
BOUNDED_CURVE()
B_SPLINE_CURVE(1,(#10765,#10766),.UNSPECIFIED.,.F.,.F.)
B_SPLINE_CURVE_WITH_KNOTS((2,2),(0.,2.5),.UNSPECIFIED.)
CURVE()
GEOMETRIC_REPRESENTATION_ITEM()
RATIONAL_B_SPLINE_CURVE((1.,1.))
REPRESENTATION_ITEM('')
);
#4793=(
BOUNDED_CURVE()
B_SPLINE_CURVE(1,(#10780,#10781),.UNSPECIFIED.,.F.,.F.)
B_SPLINE_CURVE_WITH_KNOTS((2,2),(0.,2.5),.UNSPECIFIED.)
CURVE()
GEOMETRIC_REPRESENTATION_ITEM()
RATIONAL_B_SPLINE_CURVE((1.,1.))
REPRESENTATION_ITEM('')
);
#4794=(
BOUNDED_CURVE()
B_SPLINE_CURVE(1,(#10909,#10910),.UNSPECIFIED.,.F.,.F.)
B_SPLINE_CURVE_WITH_KNOTS((2,2),(9.99620323999999,36.66500324),
 .UNSPECIFIED.)
CURVE()
GEOMETRIC_REPRESENTATION_ITEM()
RATIONAL_B_SPLINE_CURVE((1.,1.))
REPRESENTATION_ITEM('')
);
#4795=(
BOUNDED_CURVE()
B_SPLINE_CURVE(1,(#10956,#10957),.UNSPECIFIED.,.F.,.F.)
B_SPLINE_CURVE_WITH_KNOTS((2,2),(0.,2.5),.UNSPECIFIED.)
CURVE()
GEOMETRIC_REPRESENTATION_ITEM()
RATIONAL_B_SPLINE_CURVE((1.,1.))
REPRESENTATION_ITEM('')
);
#4796=(
BOUNDED_CURVE()
B_SPLINE_CURVE(1,(#10958,#10959),.UNSPECIFIED.,.F.,.F.)
B_SPLINE_CURVE_WITH_KNOTS((2,2),(0.,2.5),.UNSPECIFIED.)
CURVE()
GEOMETRIC_REPRESENTATION_ITEM()
RATIONAL_B_SPLINE_CURVE((1.,1.))
REPRESENTATION_ITEM('')
);
#4797=(
BOUNDED_CURVE()
B_SPLINE_CURVE(1,(#10965,#10966),.UNSPECIFIED.,.F.,.F.)
B_SPLINE_CURVE_WITH_KNOTS((2,2),(0.,2.5),.UNSPECIFIED.)
CURVE()
GEOMETRIC_REPRESENTATION_ITEM()
RATIONAL_B_SPLINE_CURVE((1.,1.))
REPRESENTATION_ITEM('')
);
#4798=(
BOUNDED_CURVE()
B_SPLINE_CURVE(1,(#11045,#11046),.UNSPECIFIED.,.F.,.F.)
B_SPLINE_CURVE_WITH_KNOTS((2,2),(40.00379676,74.8105602654145),
 .UNSPECIFIED.)
CURVE()
GEOMETRIC_REPRESENTATION_ITEM()
RATIONAL_B_SPLINE_CURVE((1.,1.))
REPRESENTATION_ITEM('')
);
#4799=(
BOUNDED_CURVE()
B_SPLINE_CURVE(1,(#11050,#11051),.UNSPECIFIED.,.F.,.F.)
B_SPLINE_CURVE_WITH_KNOTS((2,2),(40.00379676,74.8105602654145),
 .UNSPECIFIED.)
CURVE()
GEOMETRIC_REPRESENTATION_ITEM()
RATIONAL_B_SPLINE_CURVE((1.,1.))
REPRESENTATION_ITEM('')
);
#4800=(
BOUNDED_CURVE()
B_SPLINE_CURVE(1,(#11261,#11262,#11263),.UNSPECIFIED.,.F.,.F.)
B_SPLINE_CURVE_WITH_KNOTS((2,1,2),(-36.66500324,-9.99620323999999,-7.49620323999999),
 .UNSPECIFIED.)
CURVE()
GEOMETRIC_REPRESENTATION_ITEM()
RATIONAL_B_SPLINE_CURVE((1.,0.855713191149447,1.))
REPRESENTATION_ITEM('')
);
#4801=(
BOUNDED_CURVE()
B_SPLINE_CURVE(1,(#11264,#11265),.UNSPECIFIED.,.F.,.F.)
B_SPLINE_CURVE_WITH_KNOTS((2,2),(7.49620323999999,9.99620323999999),
 .UNSPECIFIED.)
CURVE()
GEOMETRIC_REPRESENTATION_ITEM()
RATIONAL_B_SPLINE_CURVE((1.,1.))
REPRESENTATION_ITEM('')
);
#4802=(
BOUNDED_CURVE()
B_SPLINE_CURVE(2,(#11272,#11273,#11274),.UNSPECIFIED.,.F.,.F.)
B_SPLINE_CURVE_WITH_KNOTS((3,3),(0.,2.6446771638159),.UNSPECIFIED.)
CURVE()
GEOMETRIC_REPRESENTATION_ITEM()
RATIONAL_B_SPLINE_CURVE((1.,0.938499346386884,1.))
REPRESENTATION_ITEM('')
);
#4803=(
BOUNDED_CURVE()
B_SPLINE_CURVE(1,(#11275,#11276),.UNSPECIFIED.,.F.,.F.)
B_SPLINE_CURVE_WITH_KNOTS((2,2),(9.99620323999999,36.66500324),
 .UNSPECIFIED.)
CURVE()
GEOMETRIC_REPRESENTATION_ITEM()
RATIONAL_B_SPLINE_CURVE((1.,1.))
REPRESENTATION_ITEM('')
);
#4804=(
BOUNDED_CURVE()
B_SPLINE_CURVE(2,(#11378,#11379,#11380),.UNSPECIFIED.,.F.,.F.)
B_SPLINE_CURVE_WITH_KNOTS((3,3),(20.2590270140016,23.5619449019234),
 .UNSPECIFIED.)
CURVE()
GEOMETRIC_REPRESENTATION_ITEM()
RATIONAL_B_SPLINE_CURVE((1.,0.902803114294683,1.))
REPRESENTATION_ITEM('')
);
#4805=(
BOUNDED_CURVE()
B_SPLINE_CURVE(1,(#11381,#11382),.UNSPECIFIED.,.F.,.F.)
B_SPLINE_CURVE_WITH_KNOTS((2,2),(-2.83106871279418E-14,26.6688),
 .UNSPECIFIED.)
CURVE()
GEOMETRIC_REPRESENTATION_ITEM()
RATIONAL_B_SPLINE_CURVE((1.,1.))
REPRESENTATION_ITEM('')
);
#4806=(
BOUNDED_CURVE()
B_SPLINE_CURVE(1,(#11785,#11786),.UNSPECIFIED.,.F.,.F.)
B_SPLINE_CURVE_WITH_KNOTS((2,2),(40.00379676,74.8105602654145),
 .UNSPECIFIED.)
CURVE()
GEOMETRIC_REPRESENTATION_ITEM()
RATIONAL_B_SPLINE_CURVE((1.,1.))
REPRESENTATION_ITEM('')
);
#4807=(
BOUNDED_CURVE()
B_SPLINE_CURVE(1,(#11793,#11794),.UNSPECIFIED.,.F.,.F.)
B_SPLINE_CURVE_WITH_KNOTS((2,2),(40.00379676,74.8105602654145),
 .UNSPECIFIED.)
CURVE()
GEOMETRIC_REPRESENTATION_ITEM()
RATIONAL_B_SPLINE_CURVE((1.,1.))
REPRESENTATION_ITEM('')
);
#4808=TRIMMED_CURVE($,#4992,(#7139),(#7140),.T.,.CARTESIAN.);
#4809=TRIMMED_CURVE($,#4993,(#7144),(#7145),.T.,.CARTESIAN.);
#4810=TRIMMED_CURVE($,#4994,(#7149),(#7150),.T.,.CARTESIAN.);
#4811=TRIMMED_CURVE($,#4995,(#7152),(#7153),.T.,.CARTESIAN.);
#4812=TRIMMED_CURVE($,#4996,(#7249),(#7250),.T.,.CARTESIAN.);
#4813=TRIMMED_CURVE($,#4997,(#7252),(#7253),.T.,.CARTESIAN.);
#4814=TRIMMED_CURVE($,#4998,(#7255),(#7256),.T.,.CARTESIAN.);
#4815=TRIMMED_CURVE($,#4999,(#7260),(#7261),.T.,.CARTESIAN.);
#4816=TRIMMED_CURVE($,#5000,(#7265),(#7266),.T.,.CARTESIAN.);
#4817=TRIMMED_CURVE($,#5001,(#7278),(#7279),.T.,.CARTESIAN.);
#4818=TRIMMED_CURVE($,#5002,(#7281),(#7282),.T.,.CARTESIAN.);
#4819=TRIMMED_CURVE($,#5003,(#7284),(#7285),.T.,.CARTESIAN.);
#4820=TRIMMED_CURVE($,#5004,(#7287),(#7288),.T.,.CARTESIAN.);
#4821=TRIMMED_CURVE($,#5005,(#7290),(#7291),.T.,.CARTESIAN.);
#4822=TRIMMED_CURVE($,#5006,(#7319),(#7320),.T.,.CARTESIAN.);
#4823=TRIMMED_CURVE($,#5007,(#7324),(#7325),.T.,.CARTESIAN.);
#4824=TRIMMED_CURVE($,#5008,(#7337),(#7338),.T.,.CARTESIAN.);
#4825=TRIMMED_CURVE($,#5009,(#7342),(#7343),.T.,.CARTESIAN.);
#4826=TRIMMED_CURVE($,#5010,(#7345),(#7346),.T.,.CARTESIAN.);
#4827=TRIMMED_CURVE($,#5011,(#7350),(#7351),.T.,.CARTESIAN.);
#4828=TRIMMED_CURVE($,#5012,(#7353),(#7354),.T.,.CARTESIAN.);
#4829=TRIMMED_CURVE($,#5013,(#7358),(#7359),.T.,.CARTESIAN.);
#4830=TRIMMED_CURVE($,#5014,(#7363),(#7364),.T.,.CARTESIAN.);
#4831=TRIMMED_CURVE($,#5015,(#7368),(#7369),.T.,.CARTESIAN.);
#4832=TRIMMED_CURVE($,#5016,(#7371),(#7372),.T.,.CARTESIAN.);
#4833=TRIMMED_CURVE($,#5017,(#7376),(#7377),.T.,.CARTESIAN.);
#4834=TRIMMED_CURVE($,#5018,(#8370),(#8371),.T.,.CARTESIAN.);
#4835=TRIMMED_CURVE($,#5019,(#8373),(#8374),.T.,.CARTESIAN.);
#4836=TRIMMED_CURVE($,#5020,(#8422),(#8423),.T.,.CARTESIAN.);
#4837=TRIMMED_CURVE($,#5021,(#8429),(#8430),.T.,.CARTESIAN.);
#4838=TRIMMED_CURVE($,#5022,(#8520),(#8521),.T.,.CARTESIAN.);
#4839=TRIMMED_CURVE($,#5023,(#8523),(#8524),.T.,.CARTESIAN.);
#4840=TRIMMED_CURVE($,#5024,(#8528),(#8529),.T.,.CARTESIAN.);
#4841=TRIMMED_CURVE($,#5025,(#8531),(#8532),.T.,.CARTESIAN.);
#4842=TRIMMED_CURVE($,#5026,(#8538),(#8539),.T.,.CARTESIAN.);
#4843=TRIMMED_CURVE($,#5027,(#8541),(#8542),.T.,.CARTESIAN.);
#4844=TRIMMED_CURVE($,#5028,(#8546),(#8547),.T.,.CARTESIAN.);
#4845=TRIMMED_CURVE($,#5029,(#8551),(#8552),.T.,.CARTESIAN.);
#4846=TRIMMED_CURVE($,#5030,(#8554),(#8555),.T.,.CARTESIAN.);
#4847=TRIMMED_CURVE($,#5031,(#8557),(#8558),.T.,.CARTESIAN.);
#4848=TRIMMED_CURVE($,#5032,(#8560),(#8561),.T.,.CARTESIAN.);
#4849=TRIMMED_CURVE($,#5033,(#8563),(#8564),.T.,.CARTESIAN.);
#4850=TRIMMED_CURVE($,#5034,(#8568),(#8569),.T.,.CARTESIAN.);
#4851=TRIMMED_CURVE($,#5035,(#8571),(#8572),.T.,.CARTESIAN.);
#4852=TRIMMED_CURVE($,#5036,(#8576),(#8577),.T.,.CARTESIAN.);
#4853=TRIMMED_CURVE($,#5037,(#8581),(#8582),.T.,.CARTESIAN.);
#4854=TRIMMED_CURVE($,#5038,(#8584),(#8585),.T.,.CARTESIAN.);
#4855=TRIMMED_CURVE($,#5039,(#8587),(#8588),.T.,.CARTESIAN.);
#4856=TRIMMED_CURVE($,#5040,(#8590),(#8591),.T.,.CARTESIAN.);
#4857=TRIMMED_CURVE($,#5041,(#8593),(#8594),.T.,.CARTESIAN.);
#4858=TRIMMED_CURVE($,#5042,(#8598),(#8599),.T.,.CARTESIAN.);
#4859=TRIMMED_CURVE($,#5043,(#8603),(#8604),.T.,.CARTESIAN.);
#4860=TRIMMED_CURVE($,#5044,(#8608),(#8609),.T.,.CARTESIAN.);
#4861=TRIMMED_CURVE($,#5045,(#8613),(#8614),.T.,.CARTESIAN.);
#4862=TRIMMED_CURVE($,#5046,(#8618),(#8619),.T.,.CARTESIAN.);
#4863=TRIMMED_CURVE($,#5047,(#8623),(#8624),.T.,.CARTESIAN.);
#4864=TRIMMED_CURVE($,#5048,(#8626),(#8627),.T.,.CARTESIAN.);
#4865=TRIMMED_CURVE($,#5049,(#8629),(#8630),.T.,.CARTESIAN.);
#4866=TRIMMED_CURVE($,#5050,(#8632),(#8633),.T.,.CARTESIAN.);
#4867=TRIMMED_CURVE($,#5051,(#8635),(#8636),.T.,.CARTESIAN.);
#4868=TRIMMED_CURVE($,#5052,(#8640),(#8641),.T.,.CARTESIAN.);
#4869=TRIMMED_CURVE($,#5053,(#8645),(#8646),.T.,.CARTESIAN.);
#4870=TRIMMED_CURVE($,#5054,(#8654),(#8655),.T.,.CARTESIAN.);
#4871=TRIMMED_CURVE($,#5055,(#8747),(#8748),.T.,.CARTESIAN.);
#4872=TRIMMED_CURVE($,#5056,(#8752),(#8753),.T.,.CARTESIAN.);
#4873=TRIMMED_CURVE($,#5057,(#8757),(#8758),.T.,.CARTESIAN.);
#4874=TRIMMED_CURVE($,#5058,(#8762),(#8763),.T.,.CARTESIAN.);
#4875=TRIMMED_CURVE($,#5059,(#8765),(#8766),.T.,.CARTESIAN.);
#4876=TRIMMED_CURVE($,#5060,(#8792),(#8793),.T.,.CARTESIAN.);
#4877=TRIMMED_CURVE($,#5061,(#8935),(#8936),.T.,.CARTESIAN.);
#4878=TRIMMED_CURVE($,#5062,(#8938),(#8939),.T.,.CARTESIAN.);
#4879=TRIMMED_CURVE($,#5063,(#8941),(#8942),.T.,.CARTESIAN.);
#4880=TRIMMED_CURVE($,#5064,(#8944),(#8945),.T.,.CARTESIAN.);
#4881=TRIMMED_CURVE($,#5065,(#8981),(#8982),.T.,.CARTESIAN.);
#4882=TRIMMED_CURVE($,#5066,(#8984),(#8985),.T.,.CARTESIAN.);
#4883=TRIMMED_CURVE($,#5067,(#9063),(#9064),.T.,.CARTESIAN.);
#4884=TRIMMED_CURVE($,#5068,(#9078),(#9079),.T.,.CARTESIAN.);
#4885=TRIMMED_CURVE($,#5069,(#9081),(#9082),.T.,.CARTESIAN.);
#4886=TRIMMED_CURVE($,#5070,(#9414),(#9415),.T.,.CARTESIAN.);
#4887=TRIMMED_CURVE($,#5071,(#9419),(#9420),.T.,.CARTESIAN.);
#4888=TRIMMED_CURVE($,#5072,(#9424),(#9425),.T.,.CARTESIAN.);
#4889=TRIMMED_CURVE($,#5073,(#9429),(#9430),.T.,.CARTESIAN.);
#4890=TRIMMED_CURVE($,#5074,(#9432),(#9433),.T.,.CARTESIAN.);
#4891=TRIMMED_CURVE($,#5075,(#9437),(#9438),.T.,.CARTESIAN.);
#4892=TRIMMED_CURVE($,#5076,(#9440),(#9441),.T.,.CARTESIAN.);
#4893=TRIMMED_CURVE($,#5077,(#9445),(#9446),.T.,.CARTESIAN.);
#4894=TRIMMED_CURVE($,#5078,(#9448),(#9449),.T.,.CARTESIAN.);
#4895=TRIMMED_CURVE($,#5079,(#9453),(#9454),.T.,.CARTESIAN.);
#4896=TRIMMED_CURVE($,#5080,(#9456),(#9457),.T.,.CARTESIAN.);
#4897=TRIMMED_CURVE($,#5081,(#9461),(#9462),.T.,.CARTESIAN.);
#4898=TRIMMED_CURVE($,#5082,(#9466),(#9467),.T.,.CARTESIAN.);
#4899=TRIMMED_CURVE($,#5083,(#9469),(#9470),.T.,.CARTESIAN.);
#4900=TRIMMED_CURVE($,#5084,(#9472),(#9473),.T.,.CARTESIAN.);
#4901=TRIMMED_CURVE($,#5085,(#9475),(#9476),.T.,.CARTESIAN.);
#4902=TRIMMED_CURVE($,#5086,(#9480),(#9481),.T.,.CARTESIAN.);
#4903=TRIMMED_CURVE($,#5087,(#9483),(#9484),.T.,.CARTESIAN.);
#4904=TRIMMED_CURVE($,#5088,(#9488),(#9489),.T.,.CARTESIAN.);
#4905=TRIMMED_CURVE($,#5089,(#9491),(#9492),.T.,.CARTESIAN.);
#4906=TRIMMED_CURVE($,#5090,(#9496),(#9497),.T.,.CARTESIAN.);
#4907=TRIMMED_CURVE($,#5091,(#9501),(#9502),.T.,.CARTESIAN.);
#4908=TRIMMED_CURVE($,#5092,(#9504),(#9505),.T.,.CARTESIAN.);
#4909=TRIMMED_CURVE($,#5093,(#9507),(#9508),.T.,.CARTESIAN.);
#4910=TRIMMED_CURVE($,#5094,(#9510),(#9511),.T.,.CARTESIAN.);
#4911=TRIMMED_CURVE($,#5095,(#9515),(#9516),.T.,.CARTESIAN.);
#4912=TRIMMED_CURVE($,#5096,(#9518),(#9519),.T.,.CARTESIAN.);
#4913=TRIMMED_CURVE($,#5097,(#9523),(#9524),.T.,.CARTESIAN.);
#4914=TRIMMED_CURVE($,#5098,(#9526),(#9527),.T.,.CARTESIAN.);
#4915=TRIMMED_CURVE($,#5099,(#9531),(#9532),.T.,.CARTESIAN.);
#4916=TRIMMED_CURVE($,#5100,(#10597),(#10598),.T.,.CARTESIAN.);
#4917=TRIMMED_CURVE($,#5101,(#10600),(#10601),.T.,.CARTESIAN.);
#4918=TRIMMED_CURVE($,#5102,(#10603),(#10604),.T.,.CARTESIAN.);
#4919=TRIMMED_CURVE($,#5103,(#10606),(#10607),.T.,.CARTESIAN.);
#4920=TRIMMED_CURVE($,#5104,(#10609),(#10610),.T.,.CARTESIAN.);
#4921=TRIMMED_CURVE($,#5105,(#10612),(#10613),.T.,.CARTESIAN.);
#4922=TRIMMED_CURVE($,#5106,(#10669),(#10670),.T.,.CARTESIAN.);
#4923=TRIMMED_CURVE($,#5107,(#10700),(#10701),.T.,.CARTESIAN.);
#4924=TRIMMED_CURVE($,#5108,(#10707),(#10708),.T.,.CARTESIAN.);
#4925=TRIMMED_CURVE($,#5109,(#10778),(#10779),.T.,.CARTESIAN.);
#4926=TRIMMED_CURVE($,#5110,(#10809),(#10810),.T.,.CARTESIAN.);
#4927=TRIMMED_CURVE($,#5111,(#10814),(#10815),.T.,.CARTESIAN.);
#4928=TRIMMED_CURVE($,#5112,(#10817),(#10818),.T.,.CARTESIAN.);
#4929=TRIMMED_CURVE($,#5113,(#10822),(#10823),.T.,.CARTESIAN.);
#4930=TRIMMED_CURVE($,#5114,(#10827),(#10828),.T.,.CARTESIAN.);
#4931=TRIMMED_CURVE($,#5115,(#10830),(#10831),.T.,.CARTESIAN.);
#4932=TRIMMED_CURVE($,#5116,(#10833),(#10834),.T.,.CARTESIAN.);
#4933=TRIMMED_CURVE($,#5117,(#10836),(#10837),.T.,.CARTESIAN.);
#4934=TRIMMED_CURVE($,#5118,(#10839),(#10840),.T.,.CARTESIAN.);
#4935=TRIMMED_CURVE($,#5119,(#10842),(#10843),.T.,.CARTESIAN.);
#4936=TRIMMED_CURVE($,#5120,(#10845),(#10846),.T.,.CARTESIAN.);
#4937=TRIMMED_CURVE($,#5121,(#10850),(#10851),.T.,.CARTESIAN.);
#4938=TRIMMED_CURVE($,#5122,(#10855),(#10856),.T.,.CARTESIAN.);
#4939=TRIMMED_CURVE($,#5123,(#10858),(#10859),.T.,.CARTESIAN.);
#4940=TRIMMED_CURVE($,#5124,(#10863),(#10864),.T.,.CARTESIAN.);
#4941=TRIMMED_CURVE($,#5125,(#10868),(#10869),.T.,.CARTESIAN.);
#4942=TRIMMED_CURVE($,#5126,(#10871),(#10872),.T.,.CARTESIAN.);
#4943=TRIMMED_CURVE($,#5127,(#10874),(#10875),.T.,.CARTESIAN.);
#4944=TRIMMED_CURVE($,#5128,(#10877),(#10878),.T.,.CARTESIAN.);
#4945=TRIMMED_CURVE($,#5129,(#10880),(#10881),.T.,.CARTESIAN.);
#4946=TRIMMED_CURVE($,#5130,(#10883),(#10884),.T.,.CARTESIAN.);
#4947=TRIMMED_CURVE($,#5131,(#10886),(#10887),.T.,.CARTESIAN.);
#4948=TRIMMED_CURVE($,#5132,(#10891),(#10892),.T.,.CARTESIAN.);
#4949=TRIMMED_CURVE($,#5133,(#10898),(#10899),.T.,.CARTESIAN.);
#4950=TRIMMED_CURVE($,#5134,(#10901),(#10902),.T.,.CARTESIAN.);
#4951=TRIMMED_CURVE($,#5135,(#10904),(#10905),.T.,.CARTESIAN.);
#4952=TRIMMED_CURVE($,#5136,(#10907),(#10908),.T.,.CARTESIAN.);
#4953=TRIMMED_CURVE($,#5137,(#10920),(#10921),.T.,.CARTESIAN.);
#4954=TRIMMED_CURVE($,#5138,(#10927),(#10928),.T.,.CARTESIAN.);
#4955=TRIMMED_CURVE($,#5139,(#10954),(#10955),.T.,.CARTESIAN.);
#4956=TRIMMED_CURVE($,#5140,(#10963),(#10964),.T.,.CARTESIAN.);
#4957=TRIMMED_CURVE($,#5141,(#11040),(#11041),.T.,.CARTESIAN.);
#4958=TRIMMED_CURVE($,#5142,(#11043),(#11044),.T.,.CARTESIAN.);
#4959=TRIMMED_CURVE($,#5143,(#11048),(#11049),.T.,.CARTESIAN.);
#4960=TRIMMED_CURVE($,#5144,(#11053),(#11054),.T.,.CARTESIAN.);
#4961=TRIMMED_CURVE($,#5145,(#11216),(#11217),.T.,.CARTESIAN.);
#4962=TRIMMED_CURVE($,#5146,(#11225),(#11226),.T.,.CARTESIAN.);
#4963=TRIMMED_CURVE($,#5147,(#11267),(#11268),.T.,.CARTESIAN.);
#4964=TRIMMED_CURVE($,#5148,(#11270),(#11271),.T.,.CARTESIAN.);
#4965=TRIMMED_CURVE($,#5149,(#11280),(#11281),.T.,.CARTESIAN.);
#4966=TRIMMED_CURVE($,#5150,(#11283),(#11284),.T.,.CARTESIAN.);
#4967=TRIMMED_CURVE($,#5151,(#11342),(#11343),.T.,.CARTESIAN.);
#4968=TRIMMED_CURVE($,#5152,(#11388),(#11389),.T.,.CARTESIAN.);
#4969=TRIMMED_CURVE($,#5153,(#11391),(#11392),.T.,.CARTESIAN.);
#4970=TRIMMED_CURVE($,#5154,(#11718),(#11719),.T.,.CARTESIAN.);
#4971=TRIMMED_CURVE($,#5155,(#11721),(#11722),.T.,.CARTESIAN.);
#4972=TRIMMED_CURVE($,#5156,(#11726),(#11727),.T.,.CARTESIAN.);
#4973=TRIMMED_CURVE($,#5157,(#11731),(#11732),.T.,.CARTESIAN.);
#4974=TRIMMED_CURVE($,#5158,(#11734),(#11735),.T.,.CARTESIAN.);
#4975=TRIMMED_CURVE($,#5159,(#11737),(#11738),.T.,.CARTESIAN.);
#4976=TRIMMED_CURVE($,#5160,(#11740),(#11741),.T.,.CARTESIAN.);
#4977=TRIMMED_CURVE($,#5161,(#11745),(#11746),.T.,.CARTESIAN.);
#4978=TRIMMED_CURVE($,#5162,(#11748),(#11749),.T.,.CARTESIAN.);
#4979=TRIMMED_CURVE($,#5163,(#11753),(#11754),.T.,.CARTESIAN.);
#4980=TRIMMED_CURVE($,#5164,(#11758),(#11759),.T.,.CARTESIAN.);
#4981=TRIMMED_CURVE($,#5165,(#11761),(#11762),.T.,.CARTESIAN.);
#4982=TRIMMED_CURVE($,#5166,(#11764),(#11765),.T.,.CARTESIAN.);
#4983=TRIMMED_CURVE($,#5167,(#11767),(#11768),.T.,.CARTESIAN.);
#4984=TRIMMED_CURVE($,#5168,(#11772),(#11773),.T.,.CARTESIAN.);
#4985=TRIMMED_CURVE($,#5169,(#11775),(#11776),.T.,.CARTESIAN.);
#4986=TRIMMED_CURVE($,#5170,(#11780),(#11781),.T.,.CARTESIAN.);
#4987=TRIMMED_CURVE($,#5171,(#11783),(#11784),.T.,.CARTESIAN.);
#4988=TRIMMED_CURVE($,#5172,(#11788),(#11789),.T.,.CARTESIAN.);
#4989=TRIMMED_CURVE($,#5173,(#11791),(#11792),.T.,.CARTESIAN.);
#4990=TRIMMED_CURVE($,#5174,(#11796),(#11797),.T.,.CARTESIAN.);
#4991=TRIMMED_CURVE($,#5175,(#11799),(#11800),.T.,.CARTESIAN.);
#4992=CIRCLE('',#6100,7.39400000000006);
#4993=CIRCLE('',#6101,7.39400000000006);
#4994=CIRCLE('',#6102,7.39400000000001);
#4995=CIRCLE('',#6103,7.39400000000001);
#4996=CIRCLE('',#6124,7.39399999999995);
#4997=CIRCLE('',#6125,7.39400000000001);
#4998=CIRCLE('',#6126,8.89400000000012);
#4999=CIRCLE('',#6127,7.89400000000018);
#5000=CIRCLE('',#6128,8.89400000000012);
#5001=CIRCLE('',#6129,8.89400000000376);
#5002=CIRCLE('',#6130,8.89399999998563);
#5003=CIRCLE('',#6131,8.89400000000904);
#5004=CIRCLE('',#6132,8.8940000000001);
#5005=CIRCLE('',#6133,8.89400000000006);
#5006=CIRCLE('',#6134,7.39400000000001);
#5007=CIRCLE('',#6135,5.89400000000001);
#5008=CIRCLE('',#6136,7.39400000000001);
#5009=CIRCLE('',#6137,7.39400000000001);
#5010=CIRCLE('',#6138,7.39399999999995);
#5011=CIRCLE('',#6139,8.89400000000006);
#5012=CIRCLE('',#6140,7.89400000000018);
#5013=CIRCLE('',#6141,8.89400000000001);
#5014=CIRCLE('',#6142,8.89399999998869);
#5015=CIRCLE('',#6143,7.39399999999995);
#5016=CIRCLE('',#6144,5.89400000000006);
#5017=CIRCLE('',#6145,7.39399999999995);
#5018=CIRCLE('',#6258,5.00000000000006);
#5019=CIRCLE('',#6259,5.00000000000006);
#5020=CIRCLE('',#6260,5.00000000000001);
#5021=CIRCLE('',#6261,5.00000000000017);
#5022=CIRCLE('',#6262,3.74999999999989);
#5023=CIRCLE('',#6263,3.75);
#5024=CIRCLE('',#6264,3.75);
#5025=CIRCLE('',#6265,3.75);
#5026=CIRCLE('',#6266,4.96913821904371);
#5027=CIRCLE('',#6267,4.96913821904411);
#5028=CIRCLE('',#6268,5.93854574778919);
#5029=CIRCLE('',#6269,2.31139999999999);
#5030=CIRCLE('',#6270,6.10309752173646);
#5031=CIRCLE('',#6271,6.60916442836714);
#5032=CIRCLE('',#6272,0.508000000000078);
#5033=CIRCLE('',#6273,6.10309752173652);
#5034=CIRCLE('',#6274,4.96913821904371);
#5035=CIRCLE('',#6275,4.96913821904405);
#5036=CIRCLE('',#6276,5.93854574778919);
#5037=CIRCLE('',#6277,2.31139999999999);
#5038=CIRCLE('',#6278,6.10309752173652);
#5039=CIRCLE('',#6279,6.60916442836714);
#5040=CIRCLE('',#6280,0.508000000000078);
#5041=CIRCLE('',#6281,6.10309752173652);
#5042=CIRCLE('',#6282,1.62559999999979);
#5043=CIRCLE('',#6283,1.62560000000013);
#5044=CIRCLE('',#6284,1.62559999999991);
#5045=CIRCLE('',#6285,1.62560000000041);
#5046=CIRCLE('',#6286,9.14400000000001);
#5047=CIRCLE('',#6287,6.98500000000001);
#5048=CIRCLE('',#6288,6.98500000000007);
#5049=CIRCLE('',#6289,6.98500000000007);
#5050=CIRCLE('',#6290,6.98500000000001);
#5051=CIRCLE('',#6291,2.31139999999999);
#5052=CIRCLE('',#6292,2.31139999999999);
#5053=CIRCLE('',#6293,4.99999999999993);
#5054=CIRCLE('',#6294,5.00000000000011);
#5055=CIRCLE('',#6295,1.62559999999934);
#5056=CIRCLE('',#6296,1.62559999999962);
#5057=CIRCLE('',#6297,1.62559999999949);
#5058=CIRCLE('',#6298,1.62560000000025);
#5059=CIRCLE('',#6299,9.14399999999976);
#5060=CIRCLE('',#6300,4.99999999999994);
#5061=CIRCLE('',#6301,9.14399999999921);
#5062=CIRCLE('',#6302,9.14400000000297);
#5063=CIRCLE('',#6303,9.14400000000052);
#5064=CIRCLE('',#6304,9.14399999999977);
#5065=CIRCLE('',#6305,5.00000000000002);
#5066=CIRCLE('',#6306,5.00000000000011);
#5067=CIRCLE('',#6307,4.99999999999964);
#5068=CIRCLE('',#6308,5.);
#5069=CIRCLE('',#6309,4.99999999999989);
#5070=CIRCLE('',#6310,2.15000035778099);
#5071=CIRCLE('',#6311,2.15000035778099);
#5072=CIRCLE('',#6312,3.65000035778097);
#5073=CIRCLE('',#6313,3.75);
#5074=CIRCLE('',#6314,3.75000000000011);
#5075=CIRCLE('',#6315,3.75);
#5076=CIRCLE('',#6316,3.75000000000006);
#5077=CIRCLE('',#6317,6.98499999999996);
#5078=CIRCLE('',#6318,6.98499999999996);
#5079=CIRCLE('',#6319,4.96913821904371);
#5080=CIRCLE('',#6320,4.96913821904411);
#5081=CIRCLE('',#6321,5.93854574778919);
#5082=CIRCLE('',#6322,2.31139999999994);
#5083=CIRCLE('',#6323,2.31139999999994);
#5084=CIRCLE('',#6324,0.508000000000135);
#5085=CIRCLE('',#6325,6.60916442836714);
#5086=CIRCLE('',#6326,6.98500000000001);
#5087=CIRCLE('',#6327,6.98499999999996);
#5088=CIRCLE('',#6328,4.96913821904371);
#5089=CIRCLE('',#6329,4.96913821904417);
#5090=CIRCLE('',#6330,5.93854574778919);
#5091=CIRCLE('',#6331,2.31140000000005);
#5092=CIRCLE('',#6332,2.31140000000005);
#5093=CIRCLE('',#6333,0.508000000000135);
#5094=CIRCLE('',#6334,6.60916442836714);
#5095=CIRCLE('',#6335,9.14400000000001);
#5096=CIRCLE('',#6336,9.1439999999991);
#5097=CIRCLE('',#6337,2.15000035778099);
#5098=CIRCLE('',#6338,2.15000035778095);
#5099=CIRCLE('',#6339,3.650000357781);
#5100=CIRCLE('',#6442,8.75000000000138);
#5101=CIRCLE('',#6443,8.74999999999822);
#5102=CIRCLE('',#6444,8.74999999999982);
#5103=CIRCLE('',#6445,8.75000000000013);
#5104=CIRCLE('',#6446,8.75000000000045);
#5105=CIRCLE('',#6447,8.7500000000014);
#5106=CIRCLE('',#6448,5.00000000000004);
#5107=CIRCLE('',#6449,5.00000000000001);
#5108=CIRCLE('',#6450,5.00000000000003);
#5109=CIRCLE('',#6451,4.99999999999998);
#5110=CIRCLE('',#6452,3.75);
#5111=CIRCLE('',#6453,4.96913821904372);
#5112=CIRCLE('',#6454,4.9691382190441);
#5113=CIRCLE('',#6455,5.93854574778917);
#5114=CIRCLE('',#6456,2.3114);
#5115=CIRCLE('',#6457,6.10309752173652);
#5116=CIRCLE('',#6458,6.60916442836714);
#5117=CIRCLE('',#6459,0.508000000000018);
#5118=CIRCLE('',#6460,6.10309752173652);
#5119=CIRCLE('',#6461,6.985);
#5120=CIRCLE('',#6462,2.3114);
#5121=CIRCLE('',#6463,3.75000000000001);
#5122=CIRCLE('',#6464,4.96913821904371);
#5123=CIRCLE('',#6465,4.9691382190441);
#5124=CIRCLE('',#6466,5.93854574778918);
#5125=CIRCLE('',#6467,2.3114);
#5126=CIRCLE('',#6468,6.10309752173652);
#5127=CIRCLE('',#6469,6.60916442836714);
#5128=CIRCLE('',#6470,0.508000000000018);
#5129=CIRCLE('',#6471,6.10309752173651);
#5130=CIRCLE('',#6472,6.985);
#5131=CIRCLE('',#6473,2.3114);
#5132=CIRCLE('',#6474,8.74999999999999);
#5133=CIRCLE('',#6475,6.98500000000001);
#5134=CIRCLE('',#6476,8.7499999999995);
#5135=CIRCLE('',#6477,6.98500000000033);
#5136=CIRCLE('',#6478,8.75000042086878);
#5137=CIRCLE('',#6479,6.00554428285558);
#5138=CIRCLE('',#6480,6.00521210938979);
#5139=CIRCLE('',#6481,4.99999999999994);
#5140=CIRCLE('',#6482,5.00000000000003);
#5141=CIRCLE('',#6483,6.98500000000007);
#5142=CIRCLE('',#6484,3.75);
#5143=CIRCLE('',#6485,3.75000000000001);
#5144=CIRCLE('',#6486,6.98500000000001);
#5145=CIRCLE('',#6487,8.74999999999986);
#5146=CIRCLE('',#6488,5.);
#5147=CIRCLE('',#6489,8.7499999999999);
#5148=CIRCLE('',#6490,8.74999999999947);
#5149=CIRCLE('',#6491,4.99999999999993);
#5150=CIRCLE('',#6492,5.);
#5151=CIRCLE('',#6493,4.99999999999998);
#5152=CIRCLE('',#6494,5.00000000000001);
#5153=CIRCLE('',#6495,5.00000000000003);
#5154=CIRCLE('',#6496,4.96913821904372);
#5155=CIRCLE('',#6497,4.9691382190441);
#5156=CIRCLE('',#6498,5.93854574778917);
#5157=CIRCLE('',#6499,2.3114);
#5158=CIRCLE('',#6500,2.3114);
#5159=CIRCLE('',#6501,0.508000000000004);
#5160=CIRCLE('',#6502,6.60916442836713);
#5161=CIRCLE('',#6503,4.96913821904373);
#5162=CIRCLE('',#6504,4.96913821904409);
#5163=CIRCLE('',#6505,5.93854574778916);
#5164=CIRCLE('',#6506,2.3114);
#5165=CIRCLE('',#6507,2.3114);
#5166=CIRCLE('',#6508,0.508000000000004);
#5167=CIRCLE('',#6509,6.60916442836713);
#5168=CIRCLE('',#6510,6.985);
#5169=CIRCLE('',#6511,6.98500000000005);
#5170=CIRCLE('',#6512,6.985);
#5171=CIRCLE('',#6513,6.98499999999999);
#5172=CIRCLE('',#6514,3.75);
#5173=CIRCLE('',#6515,3.75);
#5174=CIRCLE('',#6516,3.75);
#5175=CIRCLE('',#6517,3.75);
#5176=VERTEX_POINT('',#7134);
#5177=VERTEX_POINT('',#7135);
#5178=VERTEX_POINT('',#7136);
#5179=VERTEX_POINT('',#7137);
#5180=VERTEX_POINT('',#7214);
#5181=VERTEX_POINT('',#7215);
#5182=VERTEX_POINT('',#7216);
#5183=VERTEX_POINT('',#7217);
#5184=VERTEX_POINT('',#7218);
#5185=VERTEX_POINT('',#7219);
#5186=VERTEX_POINT('',#7220);
#5187=VERTEX_POINT('',#7221);
#5188=VERTEX_POINT('',#7222);
#5189=VERTEX_POINT('',#7223);
#5190=VERTEX_POINT('',#7224);
#5191=VERTEX_POINT('',#7225);
#5192=VERTEX_POINT('',#7226);
#5193=VERTEX_POINT('',#7227);
#5194=VERTEX_POINT('',#7228);
#5195=VERTEX_POINT('',#7229);
#5196=VERTEX_POINT('',#7230);
#5197=VERTEX_POINT('',#7231);
#5198=VERTEX_POINT('',#7232);
#5199=VERTEX_POINT('',#7233);
#5200=VERTEX_POINT('',#7234);
#5201=VERTEX_POINT('',#7235);
#5202=VERTEX_POINT('',#7236);
#5203=VERTEX_POINT('',#7237);
#5204=VERTEX_POINT('',#7238);
#5205=VERTEX_POINT('',#7239);
#5206=VERTEX_POINT('',#7240);
#5207=VERTEX_POINT('',#7241);
#5208=VERTEX_POINT('',#7242);
#5209=VERTEX_POINT('',#7243);
#5210=VERTEX_POINT('',#7244);
#5211=VERTEX_POINT('',#7245);
#5212=VERTEX_POINT('',#7246);
#5213=VERTEX_POINT('',#7247);
#5214=VERTEX_POINT('',#8082);
#5215=VERTEX_POINT('',#8083);
#5216=VERTEX_POINT('',#8084);
#5217=VERTEX_POINT('',#8085);
#5218=VERTEX_POINT('',#8086);
#5219=VERTEX_POINT('',#8087);
#5220=VERTEX_POINT('',#8088);
#5221=VERTEX_POINT('',#8089);
#5222=VERTEX_POINT('',#8090);
#5223=VERTEX_POINT('',#8091);
#5224=VERTEX_POINT('',#8092);
#5225=VERTEX_POINT('',#8093);
#5226=VERTEX_POINT('',#8094);
#5227=VERTEX_POINT('',#8095);
#5228=VERTEX_POINT('',#8096);
#5229=VERTEX_POINT('',#8097);
#5230=VERTEX_POINT('',#8098);
#5231=VERTEX_POINT('',#8099);
#5232=VERTEX_POINT('',#8100);
#5233=VERTEX_POINT('',#8101);
#5234=VERTEX_POINT('',#8102);
#5235=VERTEX_POINT('',#8103);
#5236=VERTEX_POINT('',#8104);
#5237=VERTEX_POINT('',#8105);
#5238=VERTEX_POINT('',#8106);
#5239=VERTEX_POINT('',#8107);
#5240=VERTEX_POINT('',#8108);
#5241=VERTEX_POINT('',#8109);
#5242=VERTEX_POINT('',#8110);
#5243=VERTEX_POINT('',#8111);
#5244=VERTEX_POINT('',#8112);
#5245=VERTEX_POINT('',#8113);
#5246=VERTEX_POINT('',#8114);
#5247=VERTEX_POINT('',#8115);
#5248=VERTEX_POINT('',#8116);
#5249=VERTEX_POINT('',#8117);
#5250=VERTEX_POINT('',#8118);
#5251=VERTEX_POINT('',#8119);
#5252=VERTEX_POINT('',#8120);
#5253=VERTEX_POINT('',#8121);
#5254=VERTEX_POINT('',#8122);
#5255=VERTEX_POINT('',#8123);
#5256=VERTEX_POINT('',#8124);
#5257=VERTEX_POINT('',#8125);
#5258=VERTEX_POINT('',#8126);
#5259=VERTEX_POINT('',#8127);
#5260=VERTEX_POINT('',#8128);
#5261=VERTEX_POINT('',#8129);
#5262=VERTEX_POINT('',#8130);
#5263=VERTEX_POINT('',#8131);
#5264=VERTEX_POINT('',#8132);
#5265=VERTEX_POINT('',#8133);
#5266=VERTEX_POINT('',#8134);
#5267=VERTEX_POINT('',#8135);
#5268=VERTEX_POINT('',#8136);
#5269=VERTEX_POINT('',#8137);
#5270=VERTEX_POINT('',#8138);
#5271=VERTEX_POINT('',#8139);
#5272=VERTEX_POINT('',#8140);
#5273=VERTEX_POINT('',#8141);
#5274=VERTEX_POINT('',#8142);
#5275=VERTEX_POINT('',#8143);
#5276=VERTEX_POINT('',#8144);
#5277=VERTEX_POINT('',#8145);
#5278=VERTEX_POINT('',#8146);
#5279=VERTEX_POINT('',#8147);
#5280=VERTEX_POINT('',#8148);
#5281=VERTEX_POINT('',#8149);
#5282=VERTEX_POINT('',#8150);
#5283=VERTEX_POINT('',#8151);
#5284=VERTEX_POINT('',#8152);
#5285=VERTEX_POINT('',#8153);
#5286=VERTEX_POINT('',#8154);
#5287=VERTEX_POINT('',#8155);
#5288=VERTEX_POINT('',#8156);
#5289=VERTEX_POINT('',#8157);
#5290=VERTEX_POINT('',#8158);
#5291=VERTEX_POINT('',#8159);
#5292=VERTEX_POINT('',#8160);
#5293=VERTEX_POINT('',#8161);
#5294=VERTEX_POINT('',#8162);
#5295=VERTEX_POINT('',#8163);
#5296=VERTEX_POINT('',#8164);
#5297=VERTEX_POINT('',#8165);
#5298=VERTEX_POINT('',#8166);
#5299=VERTEX_POINT('',#8167);
#5300=VERTEX_POINT('',#8168);
#5301=VERTEX_POINT('',#8169);
#5302=VERTEX_POINT('',#8170);
#5303=VERTEX_POINT('',#8171);
#5304=VERTEX_POINT('',#8172);
#5305=VERTEX_POINT('',#8173);
#5306=VERTEX_POINT('',#8174);
#5307=VERTEX_POINT('',#8175);
#5308=VERTEX_POINT('',#8176);
#5309=VERTEX_POINT('',#8177);
#5310=VERTEX_POINT('',#8178);
#5311=VERTEX_POINT('',#8179);
#5312=VERTEX_POINT('',#8180);
#5313=VERTEX_POINT('',#8181);
#5314=VERTEX_POINT('',#8182);
#5315=VERTEX_POINT('',#8183);
#5316=VERTEX_POINT('',#8184);
#5317=VERTEX_POINT('',#8185);
#5318=VERTEX_POINT('',#8186);
#5319=VERTEX_POINT('',#8187);
#5320=VERTEX_POINT('',#8188);
#5321=VERTEX_POINT('',#8189);
#5322=VERTEX_POINT('',#8190);
#5323=VERTEX_POINT('',#8191);
#5324=VERTEX_POINT('',#8192);
#5325=VERTEX_POINT('',#8193);
#5326=VERTEX_POINT('',#8194);
#5327=VERTEX_POINT('',#8195);
#5328=VERTEX_POINT('',#8196);
#5329=VERTEX_POINT('',#8197);
#5330=VERTEX_POINT('',#8198);
#5331=VERTEX_POINT('',#8199);
#5332=VERTEX_POINT('',#8200);
#5333=VERTEX_POINT('',#8201);
#5334=VERTEX_POINT('',#8202);
#5335=VERTEX_POINT('',#8203);
#5336=VERTEX_POINT('',#8204);
#5337=VERTEX_POINT('',#8205);
#5338=VERTEX_POINT('',#8206);
#5339=VERTEX_POINT('',#8207);
#5340=VERTEX_POINT('',#8208);
#5341=VERTEX_POINT('',#8209);
#5342=VERTEX_POINT('',#8210);
#5343=VERTEX_POINT('',#8211);
#5344=VERTEX_POINT('',#8212);
#5345=VERTEX_POINT('',#8213);
#5346=VERTEX_POINT('',#8214);
#5347=VERTEX_POINT('',#8215);
#5348=VERTEX_POINT('',#8216);
#5349=VERTEX_POINT('',#8217);
#5350=VERTEX_POINT('',#8218);
#5351=VERTEX_POINT('',#8219);
#5352=VERTEX_POINT('',#8220);
#5353=VERTEX_POINT('',#8221);
#5354=VERTEX_POINT('',#8222);
#5355=VERTEX_POINT('',#8223);
#5356=VERTEX_POINT('',#8224);
#5357=VERTEX_POINT('',#8225);
#5358=VERTEX_POINT('',#8226);
#5359=VERTEX_POINT('',#8227);
#5360=VERTEX_POINT('',#8228);
#5361=VERTEX_POINT('',#8229);
#5362=VERTEX_POINT('',#8230);
#5363=VERTEX_POINT('',#8231);
#5364=VERTEX_POINT('',#8232);
#5365=VERTEX_POINT('',#8233);
#5366=VERTEX_POINT('',#8234);
#5367=VERTEX_POINT('',#8235);
#5368=VERTEX_POINT('',#8236);
#5369=VERTEX_POINT('',#8237);
#5370=VERTEX_POINT('',#8238);
#5371=VERTEX_POINT('',#8239);
#5372=VERTEX_POINT('',#8240);
#5373=VERTEX_POINT('',#8241);
#5374=VERTEX_POINT('',#8242);
#5375=VERTEX_POINT('',#8243);
#5376=VERTEX_POINT('',#8244);
#5377=VERTEX_POINT('',#8245);
#5378=VERTEX_POINT('',#8246);
#5379=VERTEX_POINT('',#8247);
#5380=VERTEX_POINT('',#8248);
#5381=VERTEX_POINT('',#8249);
#5382=VERTEX_POINT('',#8250);
#5383=VERTEX_POINT('',#8251);
#5384=VERTEX_POINT('',#8252);
#5385=VERTEX_POINT('',#8253);
#5386=VERTEX_POINT('',#8254);
#5387=VERTEX_POINT('',#8255);
#5388=VERTEX_POINT('',#8256);
#5389=VERTEX_POINT('',#8257);
#5390=VERTEX_POINT('',#8258);
#5391=VERTEX_POINT('',#8259);
#5392=VERTEX_POINT('',#8260);
#5393=VERTEX_POINT('',#8261);
#5394=VERTEX_POINT('',#8262);
#5395=VERTEX_POINT('',#8263);
#5396=VERTEX_POINT('',#8264);
#5397=VERTEX_POINT('',#8265);
#5398=VERTEX_POINT('',#8266);
#5399=VERTEX_POINT('',#8267);
#5400=VERTEX_POINT('',#8268);
#5401=VERTEX_POINT('',#8269);
#5402=VERTEX_POINT('',#8270);
#5403=VERTEX_POINT('',#8271);
#5404=VERTEX_POINT('',#8272);
#5405=VERTEX_POINT('',#8273);
#5406=VERTEX_POINT('',#8274);
#5407=VERTEX_POINT('',#8275);
#5408=VERTEX_POINT('',#8276);
#5409=VERTEX_POINT('',#8277);
#5410=VERTEX_POINT('',#8278);
#5411=VERTEX_POINT('',#8279);
#5412=VERTEX_POINT('',#8280);
#5413=VERTEX_POINT('',#8281);
#5414=VERTEX_POINT('',#8282);
#5415=VERTEX_POINT('',#8283);
#5416=VERTEX_POINT('',#8284);
#5417=VERTEX_POINT('',#8285);
#5418=VERTEX_POINT('',#8286);
#5419=VERTEX_POINT('',#8287);
#5420=VERTEX_POINT('',#8288);
#5421=VERTEX_POINT('',#8289);
#5422=VERTEX_POINT('',#8290);
#5423=VERTEX_POINT('',#8291);
#5424=VERTEX_POINT('',#8292);
#5425=VERTEX_POINT('',#8293);
#5426=VERTEX_POINT('',#8294);
#5427=VERTEX_POINT('',#8295);
#5428=VERTEX_POINT('',#8296);
#5429=VERTEX_POINT('',#8297);
#5430=VERTEX_POINT('',#8298);
#5431=VERTEX_POINT('',#8299);
#5432=VERTEX_POINT('',#8300);
#5433=VERTEX_POINT('',#8301);
#5434=VERTEX_POINT('',#8302);
#5435=VERTEX_POINT('',#8303);
#5436=VERTEX_POINT('',#8304);
#5437=VERTEX_POINT('',#8305);
#5438=VERTEX_POINT('',#8306);
#5439=VERTEX_POINT('',#8307);
#5440=VERTEX_POINT('',#8308);
#5441=VERTEX_POINT('',#8309);
#5442=VERTEX_POINT('',#8310);
#5443=VERTEX_POINT('',#8311);
#5444=VERTEX_POINT('',#8312);
#5445=VERTEX_POINT('',#8313);
#5446=VERTEX_POINT('',#8314);
#5447=VERTEX_POINT('',#8315);
#5448=VERTEX_POINT('',#8316);
#5449=VERTEX_POINT('',#8317);
#5450=VERTEX_POINT('',#8318);
#5451=VERTEX_POINT('',#8319);
#5452=VERTEX_POINT('',#8320);
#5453=VERTEX_POINT('',#8321);
#5454=VERTEX_POINT('',#8322);
#5455=VERTEX_POINT('',#8323);
#5456=VERTEX_POINT('',#8324);
#5457=VERTEX_POINT('',#8325);
#5458=VERTEX_POINT('',#8326);
#5459=VERTEX_POINT('',#8327);
#5460=VERTEX_POINT('',#8328);
#5461=VERTEX_POINT('',#8329);
#5462=VERTEX_POINT('',#8330);
#5463=VERTEX_POINT('',#8331);
#5464=VERTEX_POINT('',#8332);
#5465=VERTEX_POINT('',#8333);
#5466=VERTEX_POINT('',#8334);
#5467=VERTEX_POINT('',#8335);
#5468=VERTEX_POINT('',#8336);
#5469=VERTEX_POINT('',#8337);
#5470=VERTEX_POINT('',#8338);
#5471=VERTEX_POINT('',#8339);
#5472=VERTEX_POINT('',#8340);
#5473=VERTEX_POINT('',#8341);
#5474=VERTEX_POINT('',#8342);
#5475=VERTEX_POINT('',#8343);
#5476=VERTEX_POINT('',#8344);
#5477=VERTEX_POINT('',#8345);
#5478=VERTEX_POINT('',#8346);
#5479=VERTEX_POINT('',#8347);
#5480=VERTEX_POINT('',#8348);
#5481=VERTEX_POINT('',#8349);
#5482=VERTEX_POINT('',#8350);
#5483=VERTEX_POINT('',#8351);
#5484=VERTEX_POINT('',#8352);
#5485=VERTEX_POINT('',#8353);
#5486=VERTEX_POINT('',#8354);
#5487=VERTEX_POINT('',#10313);
#5488=VERTEX_POINT('',#10314);
#5489=VERTEX_POINT('',#10315);
#5490=VERTEX_POINT('',#10316);
#5491=VERTEX_POINT('',#10317);
#5492=VERTEX_POINT('',#10318);
#5493=VERTEX_POINT('',#10319);
#5494=VERTEX_POINT('',#10320);
#5495=VERTEX_POINT('',#10321);
#5496=VERTEX_POINT('',#10322);
#5497=VERTEX_POINT('',#10323);
#5498=VERTEX_POINT('',#10324);
#5499=VERTEX_POINT('',#10325);
#5500=VERTEX_POINT('',#10326);
#5501=VERTEX_POINT('',#10327);
#5502=VERTEX_POINT('',#10328);
#5503=VERTEX_POINT('',#10329);
#5504=VERTEX_POINT('',#10330);
#5505=VERTEX_POINT('',#10331);
#5506=VERTEX_POINT('',#10332);
#5507=VERTEX_POINT('',#10333);
#5508=VERTEX_POINT('',#10334);
#5509=VERTEX_POINT('',#10335);
#5510=VERTEX_POINT('',#10336);
#5511=VERTEX_POINT('',#10337);
#5512=VERTEX_POINT('',#10338);
#5513=VERTEX_POINT('',#10339);
#5514=VERTEX_POINT('',#10340);
#5515=VERTEX_POINT('',#10341);
#5516=VERTEX_POINT('',#10342);
#5517=VERTEX_POINT('',#10343);
#5518=VERTEX_POINT('',#10344);
#5519=VERTEX_POINT('',#10345);
#5520=VERTEX_POINT('',#10346);
#5521=VERTEX_POINT('',#10347);
#5522=VERTEX_POINT('',#10348);
#5523=VERTEX_POINT('',#10349);
#5524=VERTEX_POINT('',#10350);
#5525=VERTEX_POINT('',#10351);
#5526=VERTEX_POINT('',#10352);
#5527=VERTEX_POINT('',#10353);
#5528=VERTEX_POINT('',#10354);
#5529=VERTEX_POINT('',#10355);
#5530=VERTEX_POINT('',#10356);
#5531=VERTEX_POINT('',#10357);
#5532=VERTEX_POINT('',#10358);
#5533=VERTEX_POINT('',#10359);
#5534=VERTEX_POINT('',#10360);
#5535=VERTEX_POINT('',#10361);
#5536=VERTEX_POINT('',#10362);
#5537=VERTEX_POINT('',#10363);
#5538=VERTEX_POINT('',#10364);
#5539=VERTEX_POINT('',#10365);
#5540=VERTEX_POINT('',#10366);
#5541=VERTEX_POINT('',#10367);
#5542=VERTEX_POINT('',#10368);
#5543=VERTEX_POINT('',#10369);
#5544=VERTEX_POINT('',#10370);
#5545=VERTEX_POINT('',#10371);
#5546=VERTEX_POINT('',#10372);
#5547=VERTEX_POINT('',#10373);
#5548=VERTEX_POINT('',#10374);
#5549=VERTEX_POINT('',#10375);
#5550=VERTEX_POINT('',#10376);
#5551=VERTEX_POINT('',#10377);
#5552=VERTEX_POINT('',#10378);
#5553=VERTEX_POINT('',#10379);
#5554=VERTEX_POINT('',#10380);
#5555=VERTEX_POINT('',#10381);
#5556=VERTEX_POINT('',#10382);
#5557=VERTEX_POINT('',#10383);
#5558=VERTEX_POINT('',#10384);
#5559=VERTEX_POINT('',#10385);
#5560=VERTEX_POINT('',#10386);
#5561=VERTEX_POINT('',#10387);
#5562=VERTEX_POINT('',#10388);
#5563=VERTEX_POINT('',#10389);
#5564=VERTEX_POINT('',#10390);
#5565=VERTEX_POINT('',#10391);
#5566=VERTEX_POINT('',#10392);
#5567=VERTEX_POINT('',#10393);
#5568=VERTEX_POINT('',#10394);
#5569=VERTEX_POINT('',#10395);
#5570=VERTEX_POINT('',#10396);
#5571=VERTEX_POINT('',#10397);
#5572=VERTEX_POINT('',#10398);
#5573=VERTEX_POINT('',#10399);
#5574=VERTEX_POINT('',#10400);
#5575=VERTEX_POINT('',#10401);
#5576=VERTEX_POINT('',#10402);
#5577=VERTEX_POINT('',#10403);
#5578=VERTEX_POINT('',#10404);
#5579=VERTEX_POINT('',#10405);
#5580=VERTEX_POINT('',#10406);
#5581=VERTEX_POINT('',#10407);
#5582=VERTEX_POINT('',#10408);
#5583=VERTEX_POINT('',#10409);
#5584=VERTEX_POINT('',#10410);
#5585=VERTEX_POINT('',#10411);
#5586=VERTEX_POINT('',#10412);
#5587=VERTEX_POINT('',#10413);
#5588=VERTEX_POINT('',#10414);
#5589=VERTEX_POINT('',#10415);
#5590=VERTEX_POINT('',#10416);
#5591=VERTEX_POINT('',#10417);
#5592=VERTEX_POINT('',#10418);
#5593=VERTEX_POINT('',#10419);
#5594=VERTEX_POINT('',#10420);
#5595=VERTEX_POINT('',#10421);
#5596=VERTEX_POINT('',#10422);
#5597=VERTEX_POINT('',#10423);
#5598=VERTEX_POINT('',#10424);
#5599=VERTEX_POINT('',#10425);
#5600=VERTEX_POINT('',#10426);
#5601=VERTEX_POINT('',#10427);
#5602=VERTEX_POINT('',#10428);
#5603=VERTEX_POINT('',#10429);
#5604=VERTEX_POINT('',#10430);
#5605=VERTEX_POINT('',#10431);
#5606=VERTEX_POINT('',#10432);
#5607=VERTEX_POINT('',#10433);
#5608=VERTEX_POINT('',#10434);
#5609=VERTEX_POINT('',#10435);
#5610=VERTEX_POINT('',#10436);
#5611=VERTEX_POINT('',#10437);
#5612=VERTEX_POINT('',#10438);
#5613=VERTEX_POINT('',#10439);
#5614=VERTEX_POINT('',#10440);
#5615=VERTEX_POINT('',#10441);
#5616=VERTEX_POINT('',#10442);
#5617=VERTEX_POINT('',#10443);
#5618=VERTEX_POINT('',#10444);
#5619=VERTEX_POINT('',#10445);
#5620=VERTEX_POINT('',#10446);
#5621=VERTEX_POINT('',#10447);
#5622=VERTEX_POINT('',#10448);
#5623=VERTEX_POINT('',#10449);
#5624=VERTEX_POINT('',#10450);
#5625=VERTEX_POINT('',#10451);
#5626=VERTEX_POINT('',#10452);
#5627=VERTEX_POINT('',#10453);
#5628=VERTEX_POINT('',#10454);
#5629=VERTEX_POINT('',#10455);
#5630=VERTEX_POINT('',#10456);
#5631=VERTEX_POINT('',#10457);
#5632=VERTEX_POINT('',#10458);
#5633=VERTEX_POINT('',#10459);
#5634=VERTEX_POINT('',#10460);
#5635=VERTEX_POINT('',#10461);
#5636=VERTEX_POINT('',#10462);
#5637=VERTEX_POINT('',#10463);
#5638=VERTEX_POINT('',#10464);
#5639=VERTEX_POINT('',#10465);
#5640=VERTEX_POINT('',#10466);
#5641=VERTEX_POINT('',#10467);
#5642=VERTEX_POINT('',#10468);
#5643=VERTEX_POINT('',#10469);
#5644=VERTEX_POINT('',#10470);
#5645=VERTEX_POINT('',#10471);
#5646=VERTEX_POINT('',#10472);
#5647=VERTEX_POINT('',#10473);
#5648=VERTEX_POINT('',#10474);
#5649=VERTEX_POINT('',#10475);
#5650=VERTEX_POINT('',#10476);
#5651=VERTEX_POINT('',#10477);
#5652=VERTEX_POINT('',#10478);
#5653=VERTEX_POINT('',#10479);
#5654=VERTEX_POINT('',#10480);
#5655=VERTEX_POINT('',#10481);
#5656=VERTEX_POINT('',#10482);
#5657=VERTEX_POINT('',#10483);
#5658=VERTEX_POINT('',#10484);
#5659=VERTEX_POINT('',#10485);
#5660=VERTEX_POINT('',#10486);
#5661=VERTEX_POINT('',#10487);
#5662=VERTEX_POINT('',#10488);
#5663=VERTEX_POINT('',#10489);
#5664=VERTEX_POINT('',#10490);
#5665=VERTEX_POINT('',#10491);
#5666=VERTEX_POINT('',#10492);
#5667=VERTEX_POINT('',#10493);
#5668=VERTEX_POINT('',#10494);
#5669=VERTEX_POINT('',#10495);
#5670=VERTEX_POINT('',#10496);
#5671=VERTEX_POINT('',#10497);
#5672=VERTEX_POINT('',#10498);
#5673=VERTEX_POINT('',#10499);
#5674=VERTEX_POINT('',#10500);
#5675=VERTEX_POINT('',#10501);
#5676=VERTEX_POINT('',#10502);
#5677=VERTEX_POINT('',#10503);
#5678=VERTEX_POINT('',#10504);
#5679=VERTEX_POINT('',#10505);
#5680=VERTEX_POINT('',#10506);
#5681=VERTEX_POINT('',#10507);
#5682=VERTEX_POINT('',#10508);
#5683=VERTEX_POINT('',#10509);
#5684=VERTEX_POINT('',#10510);
#5685=VERTEX_POINT('',#10511);
#5686=VERTEX_POINT('',#10512);
#5687=VERTEX_POINT('',#10513);
#5688=VERTEX_POINT('',#10514);
#5689=VERTEX_POINT('',#10515);
#5690=VERTEX_POINT('',#10516);
#5691=VERTEX_POINT('',#10517);
#5692=VERTEX_POINT('',#10518);
#5693=VERTEX_POINT('',#10519);
#5694=VERTEX_POINT('',#10520);
#5695=VERTEX_POINT('',#10521);
#5696=VERTEX_POINT('',#10522);
#5697=VERTEX_POINT('',#10523);
#5698=VERTEX_POINT('',#10524);
#5699=VERTEX_POINT('',#10525);
#5700=VERTEX_POINT('',#10526);
#5701=VERTEX_POINT('',#10527);
#5702=VERTEX_POINT('',#10528);
#5703=VERTEX_POINT('',#10529);
#5704=VERTEX_POINT('',#10530);
#5705=VERTEX_POINT('',#10531);
#5706=VERTEX_POINT('',#10532);
#5707=VERTEX_POINT('',#10533);
#5708=VERTEX_POINT('',#10534);
#5709=VERTEX_POINT('',#10535);
#5710=VERTEX_POINT('',#10536);
#5711=VERTEX_POINT('',#10537);
#5712=VERTEX_POINT('',#10538);
#5713=VERTEX_POINT('',#10539);
#5714=VERTEX_POINT('',#10540);
#5715=VERTEX_POINT('',#10541);
#5716=VERTEX_POINT('',#10542);
#5717=VERTEX_POINT('',#10543);
#5718=VERTEX_POINT('',#10544);
#5719=VERTEX_POINT('',#10545);
#5720=VERTEX_POINT('',#10546);
#5721=VERTEX_POINT('',#10547);
#5722=VERTEX_POINT('',#10548);
#5723=VERTEX_POINT('',#10549);
#5724=VERTEX_POINT('',#10550);
#5725=VERTEX_POINT('',#10551);
#5726=VERTEX_POINT('',#10552);
#5727=VERTEX_POINT('',#10553);
#5728=VERTEX_POINT('',#10554);
#5729=VERTEX_POINT('',#10555);
#5730=VERTEX_POINT('',#10556);
#5731=VERTEX_POINT('',#10557);
#5732=VERTEX_POINT('',#10558);
#5733=VERTEX_POINT('',#10559);
#5734=VERTEX_POINT('',#10560);
#5735=VERTEX_POINT('',#10561);
#5736=VERTEX_POINT('',#10562);
#5737=VERTEX_POINT('',#10563);
#5738=VERTEX_POINT('',#10564);
#5739=VERTEX_POINT('',#10565);
#5740=VERTEX_POINT('',#10566);
#5741=VERTEX_POINT('',#10567);
#5742=VERTEX_POINT('',#10568);
#5743=VERTEX_POINT('',#10569);
#5744=VERTEX_POINT('',#10570);
#5745=VERTEX_POINT('',#10571);
#5746=VERTEX_POINT('',#10572);
#5747=VERTEX_POINT('',#10573);
#5748=VERTEX_POINT('',#10574);
#5749=VERTEX_POINT('',#10575);
#5750=VERTEX_POINT('',#10576);
#5751=VERTEX_POINT('',#10577);
#5752=VERTEX_POINT('',#10578);
#5753=VERTEX_POINT('',#10579);
#5754=VERTEX_POINT('',#10580);
#5755=VERTEX_POINT('',#10581);
#5756=VERTEX_POINT('',#10582);
#5757=VERTEX_POINT('',#10583);
#5758=VERTEX_POINT('',#10584);
#5759=VERTEX_POINT('',#10585);
#5760=VERTEX_POINT('',#10586);
#5761=VERTEX_POINT('',#10587);
#5762=VERTEX_POINT('',#10588);
#5763=VERTEX_POINT('',#10589);
#5764=VERTEX_POINT('',#10590);
#5765=VERTEX_POINT('',#10591);
#5766=VERTEX_POINT('',#10592);
#5767=VERTEX_POINT('',#10593);
#5768=VERTEX_POINT('',#10594);
#5769=VERTEX_POINT('',#10595);
#5770=PLANE('',#6097);
#5771=PLANE('',#6098);
#5772=PLANE('',#6104);
#5773=PLANE('',#6106);
#5774=PLANE('',#6109);
#5775=PLANE('',#6110);
#5776=PLANE('',#6111);
#5777=PLANE('',#6112);
#5778=PLANE('',#6113);
#5779=PLANE('',#6114);
#5780=PLANE('',#6116);
#5781=PLANE('',#6117);
#5782=PLANE('',#6118);
#5783=PLANE('',#6119);
#5784=PLANE('',#6146);
#5785=PLANE('',#6147);
#5786=PLANE('',#6149);
#5787=PLANE('',#6150);
#5788=PLANE('',#6151);
#5789=PLANE('',#6154);
#5790=PLANE('',#6158);
#5791=PLANE('',#6160);
#5792=PLANE('',#6162);
#5793=PLANE('',#6164);
#5794=PLANE('',#6166);
#5795=PLANE('',#6168);
#5796=PLANE('',#6169);
#5797=PLANE('',#6170);
#5798=PLANE('',#6171);
#5799=PLANE('',#6172);
#5800=PLANE('',#6173);
#5801=PLANE('',#6174);
#5802=PLANE('',#6175);
#5803=PLANE('',#6177);
#5804=PLANE('',#6179);
#5805=PLANE('',#6181);
#5806=PLANE('',#6184);
#5807=PLANE('',#6185);
#5808=PLANE('',#6186);
#5809=PLANE('',#6187);
#5810=PLANE('',#6188);
#5811=PLANE('',#6189);
#5812=PLANE('',#6190);
#5813=PLANE('',#6191);
#5814=PLANE('',#6192);
#5815=PLANE('',#6193);
#5816=PLANE('',#6194);
#5817=PLANE('',#6195);
#5818=PLANE('',#6196);
#5819=PLANE('',#6197);
#5820=PLANE('',#6198);
#5821=PLANE('',#6199);
#5822=PLANE('',#6200);
#5823=PLANE('',#6201);
#5824=PLANE('',#6202);
#5825=PLANE('',#6203);
#5826=PLANE('',#6204);
#5827=PLANE('',#6205);
#5828=PLANE('',#6206);
#5829=PLANE('',#6207);
#5830=PLANE('',#6208);
#5831=PLANE('',#6209);
#5832=PLANE('',#6210);
#5833=PLANE('',#6211);
#5834=PLANE('',#6212);
#5835=PLANE('',#6213);
#5836=PLANE('',#6214);
#5837=PLANE('',#6215);
#5838=PLANE('',#6216);
#5839=PLANE('',#6217);
#5840=PLANE('',#6218);
#5841=PLANE('',#6219);
#5842=PLANE('',#6222);
#5843=PLANE('',#6223);
#5844=PLANE('',#6224);
#5845=PLANE('',#6225);
#5846=PLANE('',#6227);
#5847=PLANE('',#6228);
#5848=PLANE('',#6229);
#5849=PLANE('',#6230);
#5850=PLANE('',#6231);
#5851=PLANE('',#6232);
#5852=PLANE('',#6233);
#5853=PLANE('',#6234);
#5854=PLANE('',#6235);
#5855=PLANE('',#6236);
#5856=PLANE('',#6237);
#5857=PLANE('',#6238);
#5858=PLANE('',#6239);
#5859=PLANE('',#6240);
#5860=PLANE('',#6241);
#5861=PLANE('',#6242);
#5862=PLANE('',#6243);
#5863=PLANE('',#6244);
#5864=PLANE('',#6245);
#5865=PLANE('',#6246);
#5866=PLANE('',#6340);
#5867=PLANE('',#6341);
#5868=PLANE('',#6342);
#5869=PLANE('',#6343);
#5870=PLANE('',#6344);
#5871=PLANE('',#6345);
#5872=PLANE('',#6346);
#5873=PLANE('',#6347);
#5874=PLANE('',#6348);
#5875=PLANE('',#6349);
#5876=PLANE('',#6350);
#5877=PLANE('',#6351);
#5878=PLANE('',#6352);
#5879=PLANE('',#6353);
#5880=PLANE('',#6357);
#5881=PLANE('',#6358);
#5882=PLANE('',#6359);
#5883=PLANE('',#6361);
#5884=PLANE('',#6363);
#5885=PLANE('',#6364);
#5886=PLANE('',#6365);
#5887=PLANE('',#6367);
#5888=PLANE('',#6369);
#5889=PLANE('',#6370);
#5890=PLANE('',#6373);
#5891=PLANE('',#6374);
#5892=PLANE('',#6375);
#5893=PLANE('',#6376);
#5894=PLANE('',#6377);
#5895=PLANE('',#6378);
#5896=PLANE('',#6379);
#5897=PLANE('',#6380);
#5898=PLANE('',#6381);
#5899=PLANE('',#6382);
#5900=PLANE('',#6386);
#5901=PLANE('',#6387);
#5902=PLANE('',#6388);
#5903=PLANE('',#6389);
#5904=PLANE('',#6390);
#5905=PLANE('',#6391);
#5906=PLANE('',#6392);
#5907=PLANE('',#6393);
#5908=PLANE('',#6394);
#5909=PLANE('',#6395);
#5910=PLANE('',#6396);
#5911=PLANE('',#6397);
#5912=PLANE('',#6398);
#5913=PLANE('',#6399);
#5914=PLANE('',#6400);
#5915=PLANE('',#6401);
#5916=PLANE('',#6402);
#5917=PLANE('',#6403);
#5918=PLANE('',#6404);
#5919=PLANE('',#6405);
#5920=PLANE('',#6408);
#5921=PLANE('',#6409);
#5922=PLANE('',#6410);
#5923=PLANE('',#6413);
#5924=PLANE('',#6414);
#5925=PLANE('',#6415);
#5926=PLANE('',#6416);
#5927=PLANE('',#6417);
#5928=PLANE('',#6418);
#5929=PLANE('',#6419);
#5930=PLANE('',#6420);
#5931=PLANE('',#6421);
#5932=PLANE('',#6422);
#5933=PLANE('',#6423);
#5934=PLANE('',#6424);
#5935=PLANE('',#6425);
#5936=PLANE('',#6426);
#5937=PLANE('',#6427);
#5938=PLANE('',#6428);
#5939=PLANE('',#6429);
#5940=PLANE('',#6430);
#5941=PLANE('',#6431);
#5942=PLANE('',#6432);
#5943=PLANE('',#6433);
#5944=CYLINDRICAL_SURFACE('',#6096,7.39400000000006);
#5945=CYLINDRICAL_SURFACE('',#6099,7.39400000000001);
#5946=CYLINDRICAL_SURFACE('',#6105,7.39400000000001);
#5947=CYLINDRICAL_SURFACE('',#6107,8.89400000000006);
#5948=CYLINDRICAL_SURFACE('',#6108,8.89400000000012);
#5949=CYLINDRICAL_SURFACE('',#6115,7.39399999999995);
#5950=CYLINDRICAL_SURFACE('',#6120,7.39399999999995);
#5951=CYLINDRICAL_SURFACE('',#6121,8.89400000000012);
#5952=CYLINDRICAL_SURFACE('',#6122,8.89400000000012);
#5953=CYLINDRICAL_SURFACE('',#6123,7.39400000000001);
#5954=CYLINDRICAL_SURFACE('',#6148,5.00000000000006);
#5955=CYLINDRICAL_SURFACE('',#6152,5.00000000000001);
#5956=CYLINDRICAL_SURFACE('',#6153,5.00000000000011);
#5957=CYLINDRICAL_SURFACE('',#6155,3.75);
#5958=CYLINDRICAL_SURFACE('',#6156,3.75);
#5959=CYLINDRICAL_SURFACE('',#6157,6.98500000000001);
#5960=CYLINDRICAL_SURFACE('',#6159,4.96913821904405);
#5961=CYLINDRICAL_SURFACE('',#6161,2.31140000000005);
#5962=CYLINDRICAL_SURFACE('',#6163,6.98500000000001);
#5963=CYLINDRICAL_SURFACE('',#6165,4.969138219044);
#5964=CYLINDRICAL_SURFACE('',#6167,2.31140000000005);
#5965=CYLINDRICAL_SURFACE('',#6176,1.62559999999974);
#5966=CYLINDRICAL_SURFACE('',#6178,1.62560000000002);
#5967=CYLINDRICAL_SURFACE('',#6180,1.62560000000002);
#5968=CYLINDRICAL_SURFACE('',#6182,1.62560000000052);
#5969=CYLINDRICAL_SURFACE('',#6183,9.14400000000001);
#5970=CYLINDRICAL_SURFACE('',#6220,4.99999999999993);
#5971=CYLINDRICAL_SURFACE('',#6221,5.00000000000011);
#5972=CYLINDRICAL_SURFACE('',#6226,4.99999999999977);
#5973=CYLINDRICAL_SURFACE('',#6247,2.15000035778108);
#5974=CYLINDRICAL_SURFACE('',#6248,3.74999999999989);
#5975=CYLINDRICAL_SURFACE('',#6249,3.75);
#5976=CYLINDRICAL_SURFACE('',#6250,6.98500000000001);
#5977=CYLINDRICAL_SURFACE('',#6251,4.969138219044);
#5978=CYLINDRICAL_SURFACE('',#6252,2.31139999999999);
#5979=CYLINDRICAL_SURFACE('',#6253,6.98500000000001);
#5980=CYLINDRICAL_SURFACE('',#6254,4.969138219044);
#5981=CYLINDRICAL_SURFACE('',#6255,2.31140000000005);
#5982=CYLINDRICAL_SURFACE('',#6256,9.14400000000001);
#5983=CYLINDRICAL_SURFACE('',#6257,2.15000035778101);
#5984=CYLINDRICAL_SURFACE('',#6354,5.00000000000004);
#5985=CYLINDRICAL_SURFACE('',#6355,5.00000000000001);
#5986=CYLINDRICAL_SURFACE('',#6356,5.00000000000003);
#5987=CYLINDRICAL_SURFACE('',#6360,4.96913821904389);
#5988=CYLINDRICAL_SURFACE('',#6362,2.31139999999999);
#5989=CYLINDRICAL_SURFACE('',#6366,4.96913821904388);
#5990=CYLINDRICAL_SURFACE('',#6368,2.31139999999999);
#5991=CYLINDRICAL_SURFACE('',#6371,6.98500000000001);
#5992=CYLINDRICAL_SURFACE('',#6372,8.74999999999955);
#5993=CYLINDRICAL_SURFACE('',#6383,6.98500000000001);
#5994=CYLINDRICAL_SURFACE('',#6384,3.75);
#5995=CYLINDRICAL_SURFACE('',#6385,3.75);
#5996=CYLINDRICAL_SURFACE('',#6406,8.75000000000024);
#5997=CYLINDRICAL_SURFACE('',#6407,4.99999999999999);
#5998=CYLINDRICAL_SURFACE('',#6411,4.99999999999994);
#5999=CYLINDRICAL_SURFACE('',#6412,5.00000000000003);
#6000=CYLINDRICAL_SURFACE('',#6434,4.96913821904388);
#6001=CYLINDRICAL_SURFACE('',#6435,2.31139999999999);
#6002=CYLINDRICAL_SURFACE('',#6436,4.96913821904388);
#6003=CYLINDRICAL_SURFACE('',#6437,2.31139999999999);
#6004=CYLINDRICAL_SURFACE('',#6438,6.98500000000001);
#6005=CYLINDRICAL_SURFACE('',#6439,6.98500000000001);
#6006=CYLINDRICAL_SURFACE('',#6440,3.75);
#6007=CYLINDRICAL_SURFACE('',#6441,3.75000000000001);
#6008=SHAPE_DEFINITION_REPRESENTATION(#6009,#6094);
#6009=PRODUCT_DEFINITION_SHAPE($,$,#6011);
#6010=PRODUCT_DEFINITION_CONTEXT('3D Mechanical Parts',#6083,'design');
#6011=PRODUCT_DEFINITION('A','First version',#6053,#6010);
#6012=DATE_TIME_ROLE('classification_date');
#6013=DATE_TIME_ROLE('creation_date');
#6014=APPLIED_DATE_AND_TIME_ASSIGNMENT(#6038,#6012,(#6017));
#6015=APPLIED_DATE_AND_TIME_ASSIGNMENT(#6040,#6013,(#6011));
#6016=SECURITY_CLASSIFICATION_LEVEL('unclassified');
#6017=SECURITY_CLASSIFICATION('A','Security for version',#6016);
#6018=APPLIED_SECURITY_CLASSIFICATION_ASSIGNMENT(#6017,(#6053));
#6019=APPROVAL_ROLE('Version approval');
#6020=APPROVAL_ROLE('Version Security approval');
#6021=APPROVAL_ROLE('Definition approval');
#6022=APPROVAL_PERSON_ORGANIZATION(#6071,#6047,#6019);
#6023=APPROVAL_PERSON_ORGANIZATION(#6072,#6048,#6020);
#6024=APPROVAL_PERSON_ORGANIZATION(#6075,#6049,#6021);
#6025=COORDINATED_UNIVERSAL_TIME_OFFSET(5,0,.BEHIND.);
#6026=LOCAL_TIME(0,0,0.,#6025);
#6027=LOCAL_TIME(0,0,0.,#6025);
#6028=LOCAL_TIME(0,0,0.,#6025);
#6029=LOCAL_TIME(0,0,0.,#6025);
#6030=LOCAL_TIME(0,0,0.,#6025);
#6031=CALENDAR_DATE(1999,1,1);
#6032=CALENDAR_DATE(1999,1,1);
#6033=CALENDAR_DATE(1999,1,1);
#6034=CALENDAR_DATE(1999,1,1);
#6035=CALENDAR_DATE(1999,1,1);
#6036=DATE_AND_TIME(#6031,#6026);
#6037=DATE_AND_TIME(#6032,#6027);
#6038=DATE_AND_TIME(#6033,#6028);
#6039=DATE_AND_TIME(#6034,#6029);
#6040=DATE_AND_TIME(#6035,#6030);
#6041=APPROVAL_DATE_TIME(#6036,#6047);
#6042=APPROVAL_DATE_TIME(#6037,#6048);
#6043=APPROVAL_DATE_TIME(#6039,#6049);
#6044=APPROVAL_STATUS('not_yet_approved');
#6045=APPROVAL_STATUS('not_yet_approved');
#6046=APPROVAL_STATUS('approved');
#6047=APPROVAL(#6044,'Version approval');
#6048=APPROVAL(#6045,'Version Security approval');
#6049=APPROVAL(#6046,'Definition approval');
#6050=APPLIED_APPROVAL_ASSIGNMENT(#6047,(#6053));
#6051=APPLIED_APPROVAL_ASSIGNMENT(#6048,(#6017));
#6052=APPLIED_APPROVAL_ASSIGNMENT(#6049,(#6011));
#6053=PRODUCT_DEFINITION_FORMATION_WITH_SPECIFIED_SOURCE('A',
'First version',#6085,.MADE.);
#6054=PERSON_AND_ORGANIZATION_ROLE('design_owner');
#6055=PERSON_AND_ORGANIZATION_ROLE('creator');
#6056=PERSON_AND_ORGANIZATION_ROLE('design_supplier');
#6057=PERSON_AND_ORGANIZATION_ROLE('classification_officer');
#6058=PERSON_AND_ORGANIZATION_ROLE('creator');
#6059=ORGANIZATION('STI','lab','lab');
#6060=ORGANIZATION('STI','unknown','unknown');
#6061=ORGANIZATION('STI','unknown','unknown');
#6062=ORGANIZATION('STI','unknown','unknown');
#6063=ORGANIZATION('STI','unknown','unknown');
#6064=ORGANIZATION('STI','unknown','unknown');
#6065=ORGANIZATION('STI','unknown','unknown');
#6066=PERSON('1','Box','vc60',$,$,$);
#6067=PERSON('2','last','first',$,$,$);
#6068=PERSON('3','President','Mr.',$,$,$);
#6069=PERSON_AND_ORGANIZATION(#6066,#6059);
#6070=PERSON_AND_ORGANIZATION(#6067,#6060);
#6071=PERSON_AND_ORGANIZATION(#6068,#6061);
#6072=PERSON_AND_ORGANIZATION(#6068,#6062);
#6073=PERSON_AND_ORGANIZATION(#6068,#6063);
#6074=PERSON_AND_ORGANIZATION(#6067,#6064);
#6075=PERSON_AND_ORGANIZATION(#6068,#6065);
#6076=APPLIED_PERSON_AND_ORGANIZATION_ASSIGNMENT(#6069,#6054,(#6085));
#6077=APPLIED_PERSON_AND_ORGANIZATION_ASSIGNMENT(#6070,#6055,(#6053));
#6078=APPLIED_PERSON_AND_ORGANIZATION_ASSIGNMENT(#6070,#6056,(#6053));
#6079=APPLIED_PERSON_AND_ORGANIZATION_ASSIGNMENT(#6073,#6057,(#6017));
#6080=APPLIED_PERSON_AND_ORGANIZATION_ASSIGNMENT(#6074,#6058,(#6011));
#6081=PRODUCT_RELATED_PRODUCT_CATEGORY('detail','detail',(#6085));
#6082=APPLICATION_PROTOCOL_DEFINITION('International Standard',
'config_control_design',1994,#6083);
#6083=APPLICATION_CONTEXT(
'configuration controlled 3d designs of mechanical parts and assemblie
s');
#6084=PRODUCT_CONTEXT('3D Mechanical Parts',#6083,'mechanical');
#6085=PRODUCT('Document','Document','',(#6084));
#6086=(
LENGTH_UNIT()
NAMED_UNIT(*)
SI_UNIT(.MILLI.,.METRE.)
);
#6087=(
NAMED_UNIT(*)
PLANE_ANGLE_UNIT()
SI_UNIT($,.RADIAN.)
);
#6088=DIMENSIONAL_EXPONENTS(0.,0.,0.,0.,0.,0.,0.);
#6089=PLANE_ANGLE_MEASURE_WITH_UNIT(PLANE_ANGLE_MEASURE(0.01745329252),
#6087);
#6090=(
CONVERSION_BASED_UNIT('DEGREES',#6089)
NAMED_UNIT(#6088)
PLANE_ANGLE_UNIT()
);
#6091=(
NAMED_UNIT(*)
SI_UNIT($,.STERADIAN.)
SOLID_ANGLE_UNIT()
);
#6092=UNCERTAINTY_MEASURE_WITH_UNIT(LENGTH_MEASURE(0.001),#6086,
'DISTANCE_ACCURACY_VALUE',
'Maximum model space distance between geometric entities at asserted c
onnectivities');
#6093=(
GEOMETRIC_REPRESENTATION_CONTEXT(3)
GLOBAL_UNCERTAINTY_ASSIGNED_CONTEXT((#6092))
GLOBAL_UNIT_ASSIGNED_CONTEXT((#6091,#6090,#6086))
REPRESENTATION_CONTEXT('ID1','3D')
);
#6094=SHAPE_REPRESENTATION('Document',(#6095,#6518),#6093);
#6095=AXIS2_PLACEMENT_3D($,#7129,#6519,#6520);
#6096=AXIS2_PLACEMENT_3D('',#7130,#6521,$);
#6097=AXIS2_PLACEMENT_3D('',#7131,#6522,$);
#6098=AXIS2_PLACEMENT_3D('',#7132,#6523,$);
#6099=AXIS2_PLACEMENT_3D('',#7133,#6524,$);
#6100=AXIS2_PLACEMENT_3D($,#7138,#6525,#6526);
#6101=AXIS2_PLACEMENT_3D($,#7143,#6527,#6528);
#6102=AXIS2_PLACEMENT_3D($,#7148,#6529,#6530);
#6103=AXIS2_PLACEMENT_3D($,#7151,#6531,#6532);
#6104=AXIS2_PLACEMENT_3D('',#7154,#6533,$);
#6105=AXIS2_PLACEMENT_3D('',#7155,#6534,$);
#6106=AXIS2_PLACEMENT_3D('',#7156,#6535,$);
#6107=AXIS2_PLACEMENT_3D('',#7167,#6536,$);
#6108=AXIS2_PLACEMENT_3D('',#7168,#6537,$);
#6109=AXIS2_PLACEMENT_3D('',#7169,#6538,$);
#6110=AXIS2_PLACEMENT_3D('',#7170,#6539,$);
#6111=AXIS2_PLACEMENT_3D('',#7171,#6540,$);
#6112=AXIS2_PLACEMENT_3D('',#7172,#6541,$);
#6113=AXIS2_PLACEMENT_3D('',#7173,#6542,$);
#6114=AXIS2_PLACEMENT_3D('',#7184,#6543,$);
#6115=AXIS2_PLACEMENT_3D('',#7185,#6544,$);
#6116=AXIS2_PLACEMENT_3D('',#7186,#6545,$);
#6117=AXIS2_PLACEMENT_3D('',#7187,#6546,$);
#6118=AXIS2_PLACEMENT_3D('',#7188,#6547,$);
#6119=AXIS2_PLACEMENT_3D('',#7189,#6548,$);
#6120=AXIS2_PLACEMENT_3D('',#7190,#6549,$);
#6121=AXIS2_PLACEMENT_3D('',#7201,#6550,$);
#6122=AXIS2_PLACEMENT_3D('',#7202,#6551,$);
#6123=AXIS2_PLACEMENT_3D('',#7213,#6552,$);
#6124=AXIS2_PLACEMENT_3D($,#7248,#6553,#6554);
#6125=AXIS2_PLACEMENT_3D($,#7251,#6555,#6556);
#6126=AXIS2_PLACEMENT_3D($,#7254,#6557,#6558);
#6127=AXIS2_PLACEMENT_3D($,#7259,#6559,#6560);
#6128=AXIS2_PLACEMENT_3D($,#7264,#6561,#6562);
#6129=AXIS2_PLACEMENT_3D($,#7277,#6563,#6564);
#6130=AXIS2_PLACEMENT_3D($,#7280,#6565,#6566);
#6131=AXIS2_PLACEMENT_3D($,#7283,#6567,#6568);
#6132=AXIS2_PLACEMENT_3D($,#7286,#6569,#6570);
#6133=AXIS2_PLACEMENT_3D($,#7289,#6571,#6572);
#6134=AXIS2_PLACEMENT_3D($,#7318,#6573,#6574);
#6135=AXIS2_PLACEMENT_3D($,#7323,#6575,#6576);
#6136=AXIS2_PLACEMENT_3D($,#7336,#6577,#6578);
#6137=AXIS2_PLACEMENT_3D($,#7341,#6579,#6580);
#6138=AXIS2_PLACEMENT_3D($,#7344,#6581,#6582);
#6139=AXIS2_PLACEMENT_3D($,#7349,#6583,#6584);
#6140=AXIS2_PLACEMENT_3D($,#7352,#6585,#6586);
#6141=AXIS2_PLACEMENT_3D($,#7357,#6587,#6588);
#6142=AXIS2_PLACEMENT_3D($,#7362,#6589,#6590);
#6143=AXIS2_PLACEMENT_3D($,#7367,#6591,#6592);
#6144=AXIS2_PLACEMENT_3D($,#7370,#6593,#6594);
#6145=AXIS2_PLACEMENT_3D($,#7375,#6595,#6596);
#6146=AXIS2_PLACEMENT_3D('',#7378,#6597,$);
#6147=AXIS2_PLACEMENT_3D('',#7379,#6598,$);
#6148=AXIS2_PLACEMENT_3D('',#7380,#6599,$);
#6149=AXIS2_PLACEMENT_3D('',#7381,#6600,$);
#6150=AXIS2_PLACEMENT_3D('',#7382,#6601,$);
#6151=AXIS2_PLACEMENT_3D('',#7383,#6602,$);
#6152=AXIS2_PLACEMENT_3D('',#7384,#6603,$);
#6153=AXIS2_PLACEMENT_3D('',#7385,#6604,$);
#6154=AXIS2_PLACEMENT_3D('',#7466,#6605,$);
#6155=AXIS2_PLACEMENT_3D('',#7467,#6606,$);
#6156=AXIS2_PLACEMENT_3D('',#7468,#6607,$);
#6157=AXIS2_PLACEMENT_3D('',#7469,#6608,$);
#6158=AXIS2_PLACEMENT_3D('',#7470,#6609,$);
#6159=AXIS2_PLACEMENT_3D('',#7471,#6610,$);
#6160=AXIS2_PLACEMENT_3D('',#7472,#6611,$);
#6161=AXIS2_PLACEMENT_3D('',#7483,#6612,$);
#6162=AXIS2_PLACEMENT_3D('',#7484,#6613,$);
#6163=AXIS2_PLACEMENT_3D('',#7500,#6614,$);
#6164=AXIS2_PLACEMENT_3D('',#7501,#6615,$);
#6165=AXIS2_PLACEMENT_3D('',#7502,#6616,$);
#6166=AXIS2_PLACEMENT_3D('',#7503,#6617,$);
#6167=AXIS2_PLACEMENT_3D('',#7514,#6618,$);
#6168=AXIS2_PLACEMENT_3D('',#7515,#6619,$);
#6169=AXIS2_PLACEMENT_3D('',#7531,#6620,$);
#6170=AXIS2_PLACEMENT_3D('',#7532,#6621,$);
#6171=AXIS2_PLACEMENT_3D('',#7533,#6622,$);
#6172=AXIS2_PLACEMENT_3D('',#7534,#6623,$);
#6173=AXIS2_PLACEMENT_3D('',#7535,#6624,$);
#6174=AXIS2_PLACEMENT_3D('',#7536,#6625,$);
#6175=AXIS2_PLACEMENT_3D('',#7537,#6626,$);
#6176=AXIS2_PLACEMENT_3D('',#7538,#6627,$);
#6177=AXIS2_PLACEMENT_3D('',#7539,#6628,$);
#6178=AXIS2_PLACEMENT_3D('',#7540,#6629,$);
#6179=AXIS2_PLACEMENT_3D('',#7541,#6630,$);
#6180=AXIS2_PLACEMENT_3D('',#7542,#6631,$);
#6181=AXIS2_PLACEMENT_3D('',#7543,#6632,$);
#6182=AXIS2_PLACEMENT_3D('',#7544,#6633,$);
#6183=AXIS2_PLACEMENT_3D('',#7545,#6634,$);
#6184=AXIS2_PLACEMENT_3D('',#7546,#6635,$);
#6185=AXIS2_PLACEMENT_3D('',#7547,#6636,$);
#6186=AXIS2_PLACEMENT_3D('',#7548,#6637,$);
#6187=AXIS2_PLACEMENT_3D('',#7549,#6638,$);
#6188=AXIS2_PLACEMENT_3D('',#7550,#6639,$);
#6189=AXIS2_PLACEMENT_3D('',#7551,#6640,$);
#6190=AXIS2_PLACEMENT_3D('',#7552,#6641,$);
#6191=AXIS2_PLACEMENT_3D('',#7553,#6642,$);
#6192=AXIS2_PLACEMENT_3D('',#7554,#6643,$);
#6193=AXIS2_PLACEMENT_3D('',#7555,#6644,$);
#6194=AXIS2_PLACEMENT_3D('',#7556,#6645,$);
#6195=AXIS2_PLACEMENT_3D('',#7557,#6646,$);
#6196=AXIS2_PLACEMENT_3D('',#7558,#6647,$);
#6197=AXIS2_PLACEMENT_3D('',#7559,#6648,$);
#6198=AXIS2_PLACEMENT_3D('',#7560,#6649,$);
#6199=AXIS2_PLACEMENT_3D('',#7561,#6650,$);
#6200=AXIS2_PLACEMENT_3D('',#7562,#6651,$);
#6201=AXIS2_PLACEMENT_3D('',#7563,#6652,$);
#6202=AXIS2_PLACEMENT_3D('',#7564,#6653,$);
#6203=AXIS2_PLACEMENT_3D('',#7565,#6654,$);
#6204=AXIS2_PLACEMENT_3D('',#7566,#6655,$);
#6205=AXIS2_PLACEMENT_3D('',#7567,#6656,$);
#6206=AXIS2_PLACEMENT_3D('',#7568,#6657,$);
#6207=AXIS2_PLACEMENT_3D('',#7569,#6658,$);
#6208=AXIS2_PLACEMENT_3D('',#7570,#6659,$);
#6209=AXIS2_PLACEMENT_3D('',#7571,#6660,$);
#6210=AXIS2_PLACEMENT_3D('',#7572,#6661,$);
#6211=AXIS2_PLACEMENT_3D('',#7573,#6662,$);
#6212=AXIS2_PLACEMENT_3D('',#7574,#6663,$);
#6213=AXIS2_PLACEMENT_3D('',#7575,#6664,$);
#6214=AXIS2_PLACEMENT_3D('',#7576,#6665,$);
#6215=AXIS2_PLACEMENT_3D('',#7577,#6666,$);
#6216=AXIS2_PLACEMENT_3D('',#7578,#6667,$);
#6217=AXIS2_PLACEMENT_3D('',#7579,#6668,$);
#6218=AXIS2_PLACEMENT_3D('',#7580,#6669,$);
#6219=AXIS2_PLACEMENT_3D('',#7581,#6670,$);
#6220=AXIS2_PLACEMENT_3D('',#7582,#6671,$);
#6221=AXIS2_PLACEMENT_3D('',#7583,#6672,$);
#6222=AXIS2_PLACEMENT_3D('',#7584,#6673,$);
#6223=AXIS2_PLACEMENT_3D('',#7665,#6674,$);
#6224=AXIS2_PLACEMENT_3D('',#7666,#6675,$);
#6225=AXIS2_PLACEMENT_3D('',#7707,#6676,$);
#6226=AXIS2_PLACEMENT_3D('',#7708,#6677,$);
#6227=AXIS2_PLACEMENT_3D('',#7709,#6678,$);
#6228=AXIS2_PLACEMENT_3D('',#7710,#6679,$);
#6229=AXIS2_PLACEMENT_3D('',#7711,#6680,$);
#6230=AXIS2_PLACEMENT_3D('',#7712,#6681,$);
#6231=AXIS2_PLACEMENT_3D('',#7713,#6682,$);
#6232=AXIS2_PLACEMENT_3D('',#7714,#6683,$);
#6233=AXIS2_PLACEMENT_3D('',#7715,#6684,$);
#6234=AXIS2_PLACEMENT_3D('',#7716,#6685,$);
#6235=AXIS2_PLACEMENT_3D('',#7717,#6686,$);
#6236=AXIS2_PLACEMENT_3D('',#7718,#6687,$);
#6237=AXIS2_PLACEMENT_3D('',#7719,#6688,$);
#6238=AXIS2_PLACEMENT_3D('',#7720,#6689,$);
#6239=AXIS2_PLACEMENT_3D('',#7721,#6690,$);
#6240=AXIS2_PLACEMENT_3D('',#7722,#6691,$);
#6241=AXIS2_PLACEMENT_3D('',#7835,#6692,$);
#6242=AXIS2_PLACEMENT_3D('',#7996,#6693,$);
#6243=AXIS2_PLACEMENT_3D('',#7997,#6694,$);
#6244=AXIS2_PLACEMENT_3D('',#7998,#6695,$);
#6245=AXIS2_PLACEMENT_3D('',#7999,#6696,$);
#6246=AXIS2_PLACEMENT_3D('',#8000,#6697,$);
#6247=AXIS2_PLACEMENT_3D('',#8001,#6698,$);
#6248=AXIS2_PLACEMENT_3D('',#8012,#6699,$);
#6249=AXIS2_PLACEMENT_3D('',#8013,#6700,$);
#6250=AXIS2_PLACEMENT_3D('',#8014,#6701,$);
#6251=AXIS2_PLACEMENT_3D('',#8015,#6702,$);
#6252=AXIS2_PLACEMENT_3D('',#8026,#6703,$);
#6253=AXIS2_PLACEMENT_3D('',#8042,#6704,$);
#6254=AXIS2_PLACEMENT_3D('',#8043,#6705,$);
#6255=AXIS2_PLACEMENT_3D('',#8054,#6706,$);
#6256=AXIS2_PLACEMENT_3D('',#8070,#6707,$);
#6257=AXIS2_PLACEMENT_3D('',#8071,#6708,$);
#6258=AXIS2_PLACEMENT_3D($,#8369,#6709,#6710);
#6259=AXIS2_PLACEMENT_3D($,#8372,#6711,#6712);
#6260=AXIS2_PLACEMENT_3D($,#8421,#6713,#6714);
#6261=AXIS2_PLACEMENT_3D($,#8428,#6715,#6716);
#6262=AXIS2_PLACEMENT_3D($,#8519,#6717,#6718);
#6263=AXIS2_PLACEMENT_3D($,#8522,#6719,#6720);
#6264=AXIS2_PLACEMENT_3D($,#8527,#6721,#6722);
#6265=AXIS2_PLACEMENT_3D($,#8530,#6723,#6724);
#6266=AXIS2_PLACEMENT_3D($,#8537,#6725,#6726);
#6267=AXIS2_PLACEMENT_3D($,#8540,#6727,#6728);
#6268=AXIS2_PLACEMENT_3D($,#8545,#6729,#6730);
#6269=AXIS2_PLACEMENT_3D($,#8550,#6731,#6732);
#6270=AXIS2_PLACEMENT_3D($,#8553,#6733,#6734);
#6271=AXIS2_PLACEMENT_3D($,#8556,#6735,#6736);
#6272=AXIS2_PLACEMENT_3D($,#8559,#6737,#6738);
#6273=AXIS2_PLACEMENT_3D($,#8562,#6739,#6740);
#6274=AXIS2_PLACEMENT_3D($,#8567,#6741,#6742);
#6275=AXIS2_PLACEMENT_3D($,#8570,#6743,#6744);
#6276=AXIS2_PLACEMENT_3D($,#8575,#6745,#6746);
#6277=AXIS2_PLACEMENT_3D($,#8580,#6747,#6748);
#6278=AXIS2_PLACEMENT_3D($,#8583,#6749,#6750);
#6279=AXIS2_PLACEMENT_3D($,#8586,#6751,#6752);
#6280=AXIS2_PLACEMENT_3D($,#8589,#6753,#6754);
#6281=AXIS2_PLACEMENT_3D($,#8592,#6755,#6756);
#6282=AXIS2_PLACEMENT_3D($,#8597,#6757,#6758);
#6283=AXIS2_PLACEMENT_3D($,#8602,#6759,#6760);
#6284=AXIS2_PLACEMENT_3D($,#8607,#6761,#6762);
#6285=AXIS2_PLACEMENT_3D($,#8612,#6763,#6764);
#6286=AXIS2_PLACEMENT_3D($,#8617,#6765,#6766);
#6287=AXIS2_PLACEMENT_3D($,#8622,#6767,#6768);
#6288=AXIS2_PLACEMENT_3D($,#8625,#6769,#6770);
#6289=AXIS2_PLACEMENT_3D($,#8628,#6771,#6772);
#6290=AXIS2_PLACEMENT_3D($,#8631,#6773,#6774);
#6291=AXIS2_PLACEMENT_3D($,#8634,#6775,#6776);
#6292=AXIS2_PLACEMENT_3D($,#8639,#6777,#6778);
#6293=AXIS2_PLACEMENT_3D($,#8644,#6779,#6780);
#6294=AXIS2_PLACEMENT_3D($,#8653,#6781,#6782);
#6295=AXIS2_PLACEMENT_3D($,#8746,#6783,#6784);
#6296=AXIS2_PLACEMENT_3D($,#8751,#6785,#6786);
#6297=AXIS2_PLACEMENT_3D($,#8756,#6787,#6788);
#6298=AXIS2_PLACEMENT_3D($,#8761,#6789,#6790);
#6299=AXIS2_PLACEMENT_3D($,#8764,#6791,#6792);
#6300=AXIS2_PLACEMENT_3D($,#8791,#6793,#6794);
#6301=AXIS2_PLACEMENT_3D($,#8934,#6795,#6796);
#6302=AXIS2_PLACEMENT_3D($,#8937,#6797,#6798);
#6303=AXIS2_PLACEMENT_3D($,#8940,#6799,#6800);
#6304=AXIS2_PLACEMENT_3D($,#8943,#6801,#6802);
#6305=AXIS2_PLACEMENT_3D($,#8980,#6803,#6804);
#6306=AXIS2_PLACEMENT_3D($,#8983,#6805,#6806);
#6307=AXIS2_PLACEMENT_3D($,#9062,#6807,#6808);
#6308=AXIS2_PLACEMENT_3D($,#9077,#6809,#6810);
#6309=AXIS2_PLACEMENT_3D($,#9080,#6811,#6812);
#6310=AXIS2_PLACEMENT_3D($,#9413,#6813,#6814);
#6311=AXIS2_PLACEMENT_3D($,#9418,#6815,#6816);
#6312=AXIS2_PLACEMENT_3D($,#9423,#6817,#6818);
#6313=AXIS2_PLACEMENT_3D($,#9428,#6819,#6820);
#6314=AXIS2_PLACEMENT_3D($,#9431,#6821,#6822);
#6315=AXIS2_PLACEMENT_3D($,#9436,#6823,#6824);
#6316=AXIS2_PLACEMENT_3D($,#9439,#6825,#6826);
#6317=AXIS2_PLACEMENT_3D($,#9444,#6827,#6828);
#6318=AXIS2_PLACEMENT_3D($,#9447,#6829,#6830);
#6319=AXIS2_PLACEMENT_3D($,#9452,#6831,#6832);
#6320=AXIS2_PLACEMENT_3D($,#9455,#6833,#6834);
#6321=AXIS2_PLACEMENT_3D($,#9460,#6835,#6836);
#6322=AXIS2_PLACEMENT_3D($,#9465,#6837,#6838);
#6323=AXIS2_PLACEMENT_3D($,#9468,#6839,#6840);
#6324=AXIS2_PLACEMENT_3D($,#9471,#6841,#6842);
#6325=AXIS2_PLACEMENT_3D($,#9474,#6843,#6844);
#6326=AXIS2_PLACEMENT_3D($,#9479,#6845,#6846);
#6327=AXIS2_PLACEMENT_3D($,#9482,#6847,#6848);
#6328=AXIS2_PLACEMENT_3D($,#9487,#6849,#6850);
#6329=AXIS2_PLACEMENT_3D($,#9490,#6851,#6852);
#6330=AXIS2_PLACEMENT_3D($,#9495,#6853,#6854);
#6331=AXIS2_PLACEMENT_3D($,#9500,#6855,#6856);
#6332=AXIS2_PLACEMENT_3D($,#9503,#6857,#6858);
#6333=AXIS2_PLACEMENT_3D($,#9506,#6859,#6860);
#6334=AXIS2_PLACEMENT_3D($,#9509,#6861,#6862);
#6335=AXIS2_PLACEMENT_3D($,#9514,#6863,#6864);
#6336=AXIS2_PLACEMENT_3D($,#9517,#6865,#6866);
#6337=AXIS2_PLACEMENT_3D($,#9522,#6867,#6868);
#6338=AXIS2_PLACEMENT_3D($,#9525,#6869,#6870);
#6339=AXIS2_PLACEMENT_3D($,#9530,#6871,#6872);
#6340=AXIS2_PLACEMENT_3D('',#9554,#6873,$);
#6341=AXIS2_PLACEMENT_3D('',#9555,#6874,$);
#6342=AXIS2_PLACEMENT_3D('',#9556,#6875,$);
#6343=AXIS2_PLACEMENT_3D('',#9557,#6876,$);
#6344=AXIS2_PLACEMENT_3D('',#9558,#6877,$);
#6345=AXIS2_PLACEMENT_3D('',#9559,#6878,$);
#6346=AXIS2_PLACEMENT_3D('',#9560,#6879,$);
#6347=AXIS2_PLACEMENT_3D('',#9561,#6880,$);
#6348=AXIS2_PLACEMENT_3D('',#9562,#6881,$);
#6349=AXIS2_PLACEMENT_3D('',#9563,#6882,$);
#6350=AXIS2_PLACEMENT_3D('',#9564,#6883,$);
#6351=AXIS2_PLACEMENT_3D('',#9565,#6884,$);
#6352=AXIS2_PLACEMENT_3D('',#9566,#6885,$);
#6353=AXIS2_PLACEMENT_3D('',#9567,#6886,$);
#6354=AXIS2_PLACEMENT_3D('',#9568,#6887,$);
#6355=AXIS2_PLACEMENT_3D('',#9609,#6888,$);
#6356=AXIS2_PLACEMENT_3D('',#9610,#6889,$);
#6357=AXIS2_PLACEMENT_3D('',#9691,#6890,$);
#6358=AXIS2_PLACEMENT_3D('',#9692,#6891,$);
#6359=AXIS2_PLACEMENT_3D('',#9693,#6892,$);
#6360=AXIS2_PLACEMENT_3D('',#9694,#6893,$);
#6361=AXIS2_PLACEMENT_3D('',#9695,#6894,$);
#6362=AXIS2_PLACEMENT_3D('',#9706,#6895,$);
#6363=AXIS2_PLACEMENT_3D('',#9707,#6896,$);
#6364=AXIS2_PLACEMENT_3D('',#9723,#6897,$);
#6365=AXIS2_PLACEMENT_3D('',#9724,#6898,$);
#6366=AXIS2_PLACEMENT_3D('',#9725,#6899,$);
#6367=AXIS2_PLACEMENT_3D('',#9726,#6900,$);
#6368=AXIS2_PLACEMENT_3D('',#9737,#6901,$);
#6369=AXIS2_PLACEMENT_3D('',#9738,#6902,$);
#6370=AXIS2_PLACEMENT_3D('',#9754,#6903,$);
#6371=AXIS2_PLACEMENT_3D('',#9755,#6904,$);
#6372=AXIS2_PLACEMENT_3D('',#9756,#6905,$);
#6373=AXIS2_PLACEMENT_3D('',#9757,#6906,$);
#6374=AXIS2_PLACEMENT_3D('',#9758,#6907,$);
#6375=AXIS2_PLACEMENT_3D('',#9759,#6908,$);
#6376=AXIS2_PLACEMENT_3D('',#9760,#6909,$);
#6377=AXIS2_PLACEMENT_3D('',#9761,#6910,$);
#6378=AXIS2_PLACEMENT_3D('',#9762,#6911,$);
#6379=AXIS2_PLACEMENT_3D('',#9763,#6912,$);
#6380=AXIS2_PLACEMENT_3D('',#9764,#6913,$);
#6381=AXIS2_PLACEMENT_3D('',#9765,#6914,$);
#6382=AXIS2_PLACEMENT_3D('',#9766,#6915,$);
#6383=AXIS2_PLACEMENT_3D('',#9767,#6916,$);
#6384=AXIS2_PLACEMENT_3D('',#9768,#6917,$);
#6385=AXIS2_PLACEMENT_3D('',#9769,#6918,$);
#6386=AXIS2_PLACEMENT_3D('',#9770,#6919,$);
#6387=AXIS2_PLACEMENT_3D('',#9771,#6920,$);
#6388=AXIS2_PLACEMENT_3D('',#9772,#6921,$);
#6389=AXIS2_PLACEMENT_3D('',#9773,#6922,$);
#6390=AXIS2_PLACEMENT_3D('',#9774,#6923,$);
#6391=AXIS2_PLACEMENT_3D('',#9775,#6924,$);
#6392=AXIS2_PLACEMENT_3D('',#9776,#6925,$);
#6393=AXIS2_PLACEMENT_3D('',#9777,#6926,$);
#6394=AXIS2_PLACEMENT_3D('',#9778,#6927,$);
#6395=AXIS2_PLACEMENT_3D('',#9779,#6928,$);
#6396=AXIS2_PLACEMENT_3D('',#9780,#6929,$);
#6397=AXIS2_PLACEMENT_3D('',#9781,#6930,$);
#6398=AXIS2_PLACEMENT_3D('',#9782,#6931,$);
#6399=AXIS2_PLACEMENT_3D('',#9783,#6932,$);
#6400=AXIS2_PLACEMENT_3D('',#9784,#6933,$);
#6401=AXIS2_PLACEMENT_3D('',#9785,#6934,$);
#6402=AXIS2_PLACEMENT_3D('',#9786,#6935,$);
#6403=AXIS2_PLACEMENT_3D('',#9787,#6936,$);
#6404=AXIS2_PLACEMENT_3D('',#9788,#6937,$);
#6405=AXIS2_PLACEMENT_3D('',#9789,#6938,$);
#6406=AXIS2_PLACEMENT_3D('',#9790,#6939,$);
#6407=AXIS2_PLACEMENT_3D('',#9791,#6940,$);
#6408=AXIS2_PLACEMENT_3D('',#9832,#6941,$);
#6409=AXIS2_PLACEMENT_3D('',#9833,#6942,$);
#6410=AXIS2_PLACEMENT_3D('',#9849,#6943,$);
#6411=AXIS2_PLACEMENT_3D('',#9850,#6944,$);
#6412=AXIS2_PLACEMENT_3D('',#9851,#6945,$);
#6413=AXIS2_PLACEMENT_3D('',#9852,#6946,$);
#6414=AXIS2_PLACEMENT_3D('',#9933,#6947,$);
#6415=AXIS2_PLACEMENT_3D('',#9934,#6948,$);
#6416=AXIS2_PLACEMENT_3D('',#9935,#6949,$);
#6417=AXIS2_PLACEMENT_3D('',#9936,#6950,$);
#6418=AXIS2_PLACEMENT_3D('',#9943,#6951,$);
#6419=AXIS2_PLACEMENT_3D('',#9944,#6952,$);
#6420=AXIS2_PLACEMENT_3D('',#9945,#6953,$);
#6421=AXIS2_PLACEMENT_3D('',#9946,#6954,$);
#6422=AXIS2_PLACEMENT_3D('',#9947,#6955,$);
#6423=AXIS2_PLACEMENT_3D('',#9948,#6956,$);
#6424=AXIS2_PLACEMENT_3D('',#9949,#6957,$);
#6425=AXIS2_PLACEMENT_3D('',#9950,#6958,$);
#6426=AXIS2_PLACEMENT_3D('',#9951,#6959,$);
#6427=AXIS2_PLACEMENT_3D('',#9952,#6960,$);
#6428=AXIS2_PLACEMENT_3D('',#9953,#6961,$);
#6429=AXIS2_PLACEMENT_3D('',#9954,#6962,$);
#6430=AXIS2_PLACEMENT_3D('',#9955,#6963,$);
#6431=AXIS2_PLACEMENT_3D('',#9956,#6964,$);
#6432=AXIS2_PLACEMENT_3D('',#9957,#6965,$);
#6433=AXIS2_PLACEMENT_3D('',#9958,#6966,$);
#6434=AXIS2_PLACEMENT_3D('',#10255,#6967,$);
#6435=AXIS2_PLACEMENT_3D('',#10266,#6968,$);
#6436=AXIS2_PLACEMENT_3D('',#10282,#6969,$);
#6437=AXIS2_PLACEMENT_3D('',#10293,#6970,$);
#6438=AXIS2_PLACEMENT_3D('',#10309,#6971,$);
#6439=AXIS2_PLACEMENT_3D('',#10310,#6972,$);
#6440=AXIS2_PLACEMENT_3D('',#10311,#6973,$);
#6441=AXIS2_PLACEMENT_3D('',#10312,#6974,$);
#6442=AXIS2_PLACEMENT_3D($,#10596,#6975,#6976);
#6443=AXIS2_PLACEMENT_3D($,#10599,#6977,#6978);
#6444=AXIS2_PLACEMENT_3D($,#10602,#6979,#6980);
#6445=AXIS2_PLACEMENT_3D($,#10605,#6981,#6982);
#6446=AXIS2_PLACEMENT_3D($,#10608,#6983,#6984);
#6447=AXIS2_PLACEMENT_3D($,#10611,#6985,#6986);
#6448=AXIS2_PLACEMENT_3D($,#10668,#6987,#6988);
#6449=AXIS2_PLACEMENT_3D($,#10699,#6989,#6990);
#6450=AXIS2_PLACEMENT_3D($,#10706,#6991,#6992);
#6451=AXIS2_PLACEMENT_3D($,#10777,#6993,#6994);
#6452=AXIS2_PLACEMENT_3D($,#10808,#6995,#6996);
#6453=AXIS2_PLACEMENT_3D($,#10813,#6997,#6998);
#6454=AXIS2_PLACEMENT_3D($,#10816,#6999,#7000);
#6455=AXIS2_PLACEMENT_3D($,#10821,#7001,#7002);
#6456=AXIS2_PLACEMENT_3D($,#10826,#7003,#7004);
#6457=AXIS2_PLACEMENT_3D($,#10829,#7005,#7006);
#6458=AXIS2_PLACEMENT_3D($,#10832,#7007,#7008);
#6459=AXIS2_PLACEMENT_3D($,#10835,#7009,#7010);
#6460=AXIS2_PLACEMENT_3D($,#10838,#7011,#7012);
#6461=AXIS2_PLACEMENT_3D($,#10841,#7013,#7014);
#6462=AXIS2_PLACEMENT_3D($,#10844,#7015,#7016);
#6463=AXIS2_PLACEMENT_3D($,#10849,#7017,#7018);
#6464=AXIS2_PLACEMENT_3D($,#10854,#7019,#7020);
#6465=AXIS2_PLACEMENT_3D($,#10857,#7021,#7022);
#6466=AXIS2_PLACEMENT_3D($,#10862,#7023,#7024);
#6467=AXIS2_PLACEMENT_3D($,#10867,#7025,#7026);
#6468=AXIS2_PLACEMENT_3D($,#10870,#7027,#7028);
#6469=AXIS2_PLACEMENT_3D($,#10873,#7029,#7030);
#6470=AXIS2_PLACEMENT_3D($,#10876,#7031,#7032);
#6471=AXIS2_PLACEMENT_3D($,#10879,#7033,#7034);
#6472=AXIS2_PLACEMENT_3D($,#10882,#7035,#7036);
#6473=AXIS2_PLACEMENT_3D($,#10885,#7037,#7038);
#6474=AXIS2_PLACEMENT_3D($,#10890,#7039,#7040);
#6475=AXIS2_PLACEMENT_3D($,#10897,#7041,#7042);
#6476=AXIS2_PLACEMENT_3D($,#10900,#7043,#7044);
#6477=AXIS2_PLACEMENT_3D($,#10903,#7045,#7046);
#6478=AXIS2_PLACEMENT_3D($,#10906,#7047,#7048);
#6479=AXIS2_PLACEMENT_3D($,#10919,#7049,#7050);
#6480=AXIS2_PLACEMENT_3D($,#10926,#7051,#7052);
#6481=AXIS2_PLACEMENT_3D($,#10953,#7053,#7054);
#6482=AXIS2_PLACEMENT_3D($,#10962,#7055,#7056);
#6483=AXIS2_PLACEMENT_3D($,#11039,#7057,#7058);
#6484=AXIS2_PLACEMENT_3D($,#11042,#7059,#7060);
#6485=AXIS2_PLACEMENT_3D($,#11047,#7061,#7062);
#6486=AXIS2_PLACEMENT_3D($,#11052,#7063,#7064);
#6487=AXIS2_PLACEMENT_3D($,#11215,#7065,#7066);
#6488=AXIS2_PLACEMENT_3D($,#11224,#7067,#7068);
#6489=AXIS2_PLACEMENT_3D($,#11266,#7069,#7070);
#6490=AXIS2_PLACEMENT_3D($,#11269,#7071,#7072);
#6491=AXIS2_PLACEMENT_3D($,#11279,#7073,#7074);
#6492=AXIS2_PLACEMENT_3D($,#11282,#7075,#7076);
#6493=AXIS2_PLACEMENT_3D($,#11341,#7077,#7078);
#6494=AXIS2_PLACEMENT_3D($,#11387,#7079,#7080);
#6495=AXIS2_PLACEMENT_3D($,#11390,#7081,#7082);
#6496=AXIS2_PLACEMENT_3D($,#11717,#7083,#7084);
#6497=AXIS2_PLACEMENT_3D($,#11720,#7085,#7086);
#6498=AXIS2_PLACEMENT_3D($,#11725,#7087,#7088);
#6499=AXIS2_PLACEMENT_3D($,#11730,#7089,#7090);
#6500=AXIS2_PLACEMENT_3D($,#11733,#7091,#7092);
#6501=AXIS2_PLACEMENT_3D($,#11736,#7093,#7094);
#6502=AXIS2_PLACEMENT_3D($,#11739,#7095,#7096);
#6503=AXIS2_PLACEMENT_3D($,#11744,#7097,#7098);
#6504=AXIS2_PLACEMENT_3D($,#11747,#7099,#7100);
#6505=AXIS2_PLACEMENT_3D($,#11752,#7101,#7102);
#6506=AXIS2_PLACEMENT_3D($,#11757,#7103,#7104);
#6507=AXIS2_PLACEMENT_3D($,#11760,#7105,#7106);
#6508=AXIS2_PLACEMENT_3D($,#11763,#7107,#7108);
#6509=AXIS2_PLACEMENT_3D($,#11766,#7109,#7110);
#6510=AXIS2_PLACEMENT_3D($,#11771,#7111,#7112);
#6511=AXIS2_PLACEMENT_3D($,#11774,#7113,#7114);
#6512=AXIS2_PLACEMENT_3D($,#11779,#7115,#7116);
#6513=AXIS2_PLACEMENT_3D($,#11782,#7117,#7118);
#6514=AXIS2_PLACEMENT_3D($,#11787,#7119,#7120);
#6515=AXIS2_PLACEMENT_3D($,#11790,#7121,#7122);
#6516=AXIS2_PLACEMENT_3D($,#11795,#7123,#7124);
#6517=AXIS2_PLACEMENT_3D($,#11798,#7125,#7126);
#6518=AXIS2_PLACEMENT_3D($,#11801,#7127,#7128);
#6519=DIRECTION('',(0.,0.,1.));
#6520=DIRECTION('',(1.,0.,0.));
#6521=DIRECTION('',(0.,1.,0.));
#6522=DIRECTION('',(0.,-1.,0.));
#6523=DIRECTION('',(0.,1.,0.));
#6524=DIRECTION('',(0.,1.,0.));
#6525=DIRECTION('',(0.,1.,0.));
#6526=DIRECTION('',(1.,0.,-3.84388821076599E-15));
#6527=DIRECTION('',(0.,1.,0.));
#6528=DIRECTION('',(1.,0.,-3.84388821076599E-15));
#6529=DIRECTION('',(0.,1.,0.));
#6530=DIRECTION('',(-1.,0.,1.15316646322981E-14));
#6531=DIRECTION('',(0.,1.,0.));
#6532=DIRECTION('',(-1.,0.,1.15316646322981E-14));
#6533=DIRECTION('',(0.,-1.,0.));
#6534=DIRECTION('',(0.,1.,0.));
#6535=DIRECTION('',(0.,-1.,0.));
#6536=DIRECTION('',(0.,-1.,0.));
#6537=DIRECTION('',(0.,-1.,0.));
#6538=DIRECTION('',(1.,0.,0.));
#6539=DIRECTION('',(0.,0.,1.));
#6540=DIRECTION('',(-1.,0.,0.));
#6541=DIRECTION('',(0.,0.,-1.));
#6542=DIRECTION('',(0.,-1.,0.));
#6543=DIRECTION('',(0.,1.,0.));
#6544=DIRECTION('',(0.,1.,0.));
#6545=DIRECTION('',(0.,0.,1.));
#6546=DIRECTION('',(0.,0.,-1.));
#6547=DIRECTION('',(0.,-1.,0.));
#6548=DIRECTION('',(0.,1.,0.));
#6549=DIRECTION('',(0.,1.,0.));
#6550=DIRECTION('',(0.,-1.,0.));
#6551=DIRECTION('',(0.,-1.,0.));
#6552=DIRECTION('',(0.,1.,0.));
#6553=DIRECTION('',(0.,1.,0.));
#6554=DIRECTION('',(1.,0.,-5.76583231614908E-15));
#6555=DIRECTION('',(0.,1.,0.));
#6556=DIRECTION('',(1.,0.,-1.15316646322981E-14));
#6557=DIRECTION('',(0.,-1.,0.));
#6558=DIRECTION('',(1.,0.,-1.59780241906924E-15));
#6559=DIRECTION('',(0.,-1.,0.));
#6560=DIRECTION('',(1.,0.,-1.80020961682312E-15));
#6561=DIRECTION('',(-9.98626511918273E-17,1.,9.98626511918266E-17));
#6562=DIRECTION('',(1.,9.98626511918274E-17,-9.58681451441544E-15));
#6563=DIRECTION('',(1.33330901243556E-13,1.,1.79333170932075E-14));
#6564=DIRECTION('',(0.967471629546581,-1.3361622729461E-13,0.252979536766283));
#6565=DIRECTION('',(-5.77649651402912E-13,1.,-1.10591418264082E-13));
#6566=DIRECTION('',(-0.967471629546508,-5.86992663706518E-13,-0.252979536766562));
#6567=DIRECTION('',(-3.6609906167582E-13,1.,2.97045735179363E-14));
#6568=DIRECTION('',(1.,3.66096479268872E-13,-1.66171451583034E-13));
#6569=DIRECTION('',(2.06440474618648E-16,-1.,-1.63091160751677E-14));
#6570=DIRECTION('',(-0.967471629546563,3.99450604767311E-15,-0.252979536766352));
#6571=DIRECTION('',(-4.95457139084719E-15,-1.,-2.03195544543075E-14));
#6572=DIRECTION('',(0.967471629546561,-9.5868145144155E-15,0.252979536766359));
#6573=DIRECTION('',(0.,1.,0.));
#6574=DIRECTION('',(1.,0.,-9.60972052691506E-15));
#6575=DIRECTION('',(0.,1.,0.));
#6576=DIRECTION('',(1.,0.,-1.20553569012572E-14));
#6577=DIRECTION('',(-2.40243013172873E-16,1.,2.40243013172879E-16));
#6578=DIRECTION('',(1.,0.,-1.53755528430641E-14));
#6579=DIRECTION('',(2.07780139362178E-30,1.,2.40243013172876E-16));
#6580=DIRECTION('',(-1.,0.,1.15316646322981E-14));
#6581=DIRECTION('',(0.,1.,0.));
#6582=DIRECTION('',(-1.,0.,5.76583231614908E-15));
#6583=DIRECTION('',(-7.97803928244845E-31,-1.,-1.99725302383654E-16));
#6584=DIRECTION('',(-1.,0.,9.5868145144155E-15));
#6585=DIRECTION('',(0.,-1.,0.));
#6586=DIRECTION('',(-1.,0.,1.80020961682312E-15));
#6587=DIRECTION('',(-4.99313255959142E-17,1.,-4.99313255959136E-17));
#6588=DIRECTION('',(-1.,-1.99725302383657E-16,9.58681451441556E-15));
#6589=DIRECTION('',(1.91884132793103E-13,1.,-4.20414826591014E-14));
#6590=DIRECTION('',(-1.,1.91936015590939E-13,-1.80551673355056E-13));
#6591=DIRECTION('',(0.,1.,0.));
#6592=DIRECTION('',(-1.,0.,1.15316646322982E-14));
#6593=DIRECTION('',(-6.53992335075087E-30,1.,-6.02767845062851E-16));
#6594=DIRECTION('',(-1.,6.02767845062854E-16,0.));
#6595=DIRECTION('',(2.40243013172874E-16,1.,-2.40243013172885E-16));
#6596=DIRECTION('',(-1.,4.80486026345757E-16,1.92194410538303E-14));
#6597=DIRECTION('',(0.,0.,-1.));
#6598=DIRECTION('',(1.,0.,0.));
#6599=DIRECTION('',(1.42108547152019E-15,-1.,-1.42108547152023E-15));
#6600=DIRECTION('',(0.,1.,0.));
#6601=DIRECTION('',(0.,0.,-1.));
#6602=DIRECTION('',(0.,0.,-1.));
#6603=DIRECTION('',(-8.90703255573511E-15,1.,3.30023009146291E-16));
#6604=DIRECTION('',(0.,1.,0.));
#6605=DIRECTION('',(-1.,0.,0.));
#6606=DIRECTION('',(0.,1.,0.));
#6607=DIRECTION('',(0.,1.,0.));
#6608=DIRECTION('',(0.,-1.,0.));
#6609=DIRECTION('',(0.,1.,0.));
#6610=DIRECTION('',(0.,1.,0.));
#6611=DIRECTION('',(0.,1.,0.));
#6612=DIRECTION('',(0.,1.,0.));
#6613=DIRECTION('',(0.,1.,0.));
#6614=DIRECTION('',(0.,-1.,0.));
#6615=DIRECTION('',(0.,1.,0.));
#6616=DIRECTION('',(0.,1.,0.));
#6617=DIRECTION('',(0.,1.,0.));
#6618=DIRECTION('',(0.,1.,0.));
#6619=DIRECTION('',(0.,1.,0.));
#6620=DIRECTION('',(0.,-1.,0.));
#6621=DIRECTION('',(0.,-1.,0.));
#6622=DIRECTION('',(1.,0.,0.));
#6623=DIRECTION('',(0.,-1.,0.));
#6624=DIRECTION('',(1.,0.,0.));
#6625=DIRECTION('',(0.,1.,0.));
#6626=DIRECTION('',(0.,0.,1.));
#6627=DIRECTION('',(1.67338895354004E-14,1.,-2.54758031151254E-14));
#6628=DIRECTION('',(-1.,0.,0.));
#6629=DIRECTION('',(1.84667405346077E-14,1.,1.84667405346083E-14));
#6630=DIRECTION('',(0.,0.,-1.));
#6631=DIRECTION('',(-1.84667405346091E-14,1.,1.84667405346085E-14));
#6632=DIRECTION('',(1.,0.,0.));
#6633=DIRECTION('',(-1.97858017836825E-14,1.,-1.9785813597664E-14));
#6634=DIRECTION('',(-9.71323731080632E-17,1.,0.));
#6635=DIRECTION('',(0.,1.,0.));
#6636=DIRECTION('',(0.,-1.,0.));
#6637=DIRECTION('',(0.,0.,-1.));
#6638=DIRECTION('',(0.600000000000001,-0.799999999999999,-1.26093981764335E-15));
#6639=DIRECTION('',(-0.4103646773288,-0.911921505175105,-1.51423387511041E-15));
#6640=DIRECTION('',(-0.410364677328796,0.911921505175107,-8.9115668272113E-16));
#6641=DIRECTION('',(0.,-1.,0.));
#6642=DIRECTION('',(0.,0.,-1.));
#6643=DIRECTION('',(0.600000000000001,0.799999999999999,-1.39971657633089E-15));
#6644=DIRECTION('',(-1.,0.,0.));
#6645=DIRECTION('',(0.6,-0.8,1.1820984975564E-15));
#6646=DIRECTION('',(-0.4103646773288,-0.911921505175105,1.52988249488717E-16));
#6647=DIRECTION('',(-0.410364677328796,0.911921505175107,-7.28393048788007E-16));
#6648=DIRECTION('',(-1.,0.,0.));
#6649=DIRECTION('',(0.,0.,1.));
#6650=DIRECTION('',(0.,0.,-1.));
#6651=DIRECTION('',(0.6,0.8,6.63057073882584E-17));
#6652=DIRECTION('',(-1.,0.,0.));
#6653=DIRECTION('',(0.,0.,-1.));
#6654=DIRECTION('',(0.,1.,0.));
#6655=DIRECTION('',(0.,0.,1.));
#6656=DIRECTION('',(1.,0.,0.));
#6657=DIRECTION('',(0.,0.,-1.));
#6658=DIRECTION('',(-1.,0.,0.));
#6659=DIRECTION('',(0.,1.,0.));
#6660=DIRECTION('',(0.,0.,1.));
#6661=DIRECTION('',(0.,0.,-1.));
#6662=DIRECTION('',(0.,1.,0.));
#6663=DIRECTION('',(0.,-1.,0.));
#6664=DIRECTION('',(0.,0.,1.));
#6665=DIRECTION('',(-1.,0.,0.));
#6666=DIRECTION('',(0.,1.,0.));
#6667=DIRECTION('',(0.,0.,-1.));
#6668=DIRECTION('',(0.,-1.,0.));
#6669=DIRECTION('',(0.,0.,1.));
#6670=DIRECTION('',(0.,-1.,0.));
#6671=DIRECTION('',(0.,-1.,0.));
#6672=DIRECTION('',(0.,-1.,0.));
#6673=DIRECTION('',(0.,0.,1.));
#6674=DIRECTION('',(-1.,0.,0.));
#6675=DIRECTION('',(0.,-1.,0.));
#6676=DIRECTION('',(-1.,0.,0.));
#6677=DIRECTION('',(3.54308689862003E-12,1.,-3.51750736013202E-12));
#6678=DIRECTION('',(0.,0.,1.));
#6679=DIRECTION('',(0.,-1.,0.));
#6680=DIRECTION('',(-1.,0.,0.));
#6681=DIRECTION('',(0.,0.,-1.));
#6682=DIRECTION('',(0.,0.,1.));
#6683=DIRECTION('',(0.,-1.,0.));
#6684=DIRECTION('',(0.,-1.,0.));
#6685=DIRECTION('',(1.,0.,0.));
#6686=DIRECTION('',(-0.707106781186619,3.28079054109796E-15,-0.707106781186476));
#6687=DIRECTION('',(-0.707106781186598,-1.4028277330757E-14,0.707106781186497));
#6688=DIRECTION('',(-0.707106781186649,3.30325139209953E-16,0.707106781186446));
#6689=DIRECTION('',(0.707106781186605,6.53180006868353E-15,0.70710678118649));
#6690=DIRECTION('',(0.707106781186569,5.93277753398834E-15,-0.707106781186526));
#6691=DIRECTION('',(-0.707106781186485,-1.15839208791777E-15,-0.70710678118661));
#6692=DIRECTION('',(0.000175175750193525,0.707106741087207,-0.707106799587224));
#6693=DIRECTION('',(0.000154304211137501,0.707106741086389,-0.70710680445064));
#6694=DIRECTION('',(0.,0.,-1.));
#6695=DIRECTION('',(0.,1.,0.));
#6696=DIRECTION('',(-0.999999999999977,-1.60184296488751E-14,-2.15613195405153E-7));
#6697=DIRECTION('',(0.,-1.,0.));
#6698=DIRECTION('',(0.,-1.,0.));
#6699=DIRECTION('',(0.,1.,0.));
#6700=DIRECTION('',(0.,1.,0.));
#6701=DIRECTION('',(0.,-1.,0.));
#6702=DIRECTION('',(0.,1.,0.));
#6703=DIRECTION('',(0.,1.,0.));
#6704=DIRECTION('',(0.,-1.,0.));
#6705=DIRECTION('',(0.,1.,0.));
#6706=DIRECTION('',(0.,1.,0.));
#6707=DIRECTION('',(0.,1.,0.));
#6708=DIRECTION('',(0.,-1.,0.));
#6709=DIRECTION('',(1.42108547152019E-15,-1.,-1.42108547152023E-15));
#6710=DIRECTION('',(-1.,-1.42108547152018E-15,-5.68434188608074E-15));
#6711=DIRECTION('',(1.42108547152019E-15,-1.,-1.42108547152023E-15));
#6712=DIRECTION('',(-1.,-1.42108547152018E-15,-5.68434188608074E-15));
#6713=DIRECTION('',(1.71540190931772E-15,1.,1.71540190931772E-15));
#6714=DIRECTION('',(0.,7.10542735760098E-16,-1.));
#6715=DIRECTION('',(-1.71540190931776E-15,1.,1.71540190931776E-15));
#6716=DIRECTION('',(1.,1.42108547152015E-15,-2.55795384873627E-14));
#6717=DIRECTION('',(0.,1.,0.));
#6718=DIRECTION('',(1.,0.,-9.00020798629487E-15));
#6719=DIRECTION('',(0.,-1.,0.));
#6720=DIRECTION('',(1.,0.,-1.23160740865084E-14));
#6721=DIRECTION('',(0.,1.,0.));
#6722=DIRECTION('',(1.,0.,-7.5791225147744E-15));
#6723=DIRECTION('',(0.,-1.,0.));
#6724=DIRECTION('',(1.,0.,-3.7895612573872E-15));
#6725=DIRECTION('',(0.,-1.,0.));
#6726=DIRECTION('',(-1.,0.,-2.85982278793139E-15));
#6727=DIRECTION('',(0.,1.,0.));
#6728=DIRECTION('',(-1.,0.,-2.85982278793116E-15));
#6729=DIRECTION('',(0.,1.,0.));
#6730=DIRECTION('',(-1.,0.,9.57194257229891E-15));
#6731=DIRECTION('',(0.,-1.,0.));
#6732=DIRECTION('',(-1.,0.,-1.84444770033772E-14));
#6733=DIRECTION('',(0.,-1.,0.));
#6734=DIRECTION('',(1.,0.,-4.65693188240542E-15));
#6735=DIRECTION('',(0.,1.,0.));
#6736=DIRECTION('',(1.,0.,-2.15017418150587E-15));
#6737=DIRECTION('',(0.,0.,-1.));
#6738=DIRECTION('',(-0.996194698091734,0.0871557427477897,0.));
#6739=DIRECTION('',(0.,-1.,0.));
#6740=DIRECTION('',(-1.,0.,-2.32846594120269E-15));
#6741=DIRECTION('',(0.,-1.,0.));
#6742=DIRECTION('',(-1.,0.,-6.0771234243542E-15));
#6743=DIRECTION('',(0.,1.,0.));
#6744=DIRECTION('',(-1.,0.,1.03668576062506E-14));
#6745=DIRECTION('',(0.,1.,0.));
#6746=DIRECTION('',(-1.,0.,1.1366681804605E-14));
#6747=DIRECTION('',(0.,-1.,0.));
#6748=DIRECTION('',(-1.,0.,-3.68889540067545E-14));
#6749=DIRECTION('',(0.,-1.,0.));
#6750=DIRECTION('',(1.,0.,-8.73174727951008E-16));
#6751=DIRECTION('',(0.,1.,0.));
#6752=DIRECTION('',(1.,0.,-1.07508709075293E-14));
#6753=DIRECTION('',(0.,0.,-1.));
#6754=DIRECTION('',(-0.996194698091734,0.0871557427477897,0.));
#6755=DIRECTION('',(0.,-1.,0.));
#6756=DIRECTION('',(-1.,0.,-7.56751430890873E-15));
#6757=DIRECTION('',(2.37429521159188E-14,1.,-2.37429521159196E-14));
#6758=DIRECTION('',(1.,-2.29475231467827E-14,1.39870617275628E-13));
#6759=DIRECTION('',(-7.91431737197559E-15,1.,-7.91431737197614E-15));
#6760=DIRECTION('',(6.99353086377994E-14,8.74191357972492E-15,1.));
#6761=DIRECTION('',(-1.31905289532914E-14,1.,1.31905289532914E-14));
#6762=DIRECTION('',(-1.,-1.20201311721235E-14,-4.37095678986307E-14));
#6763=DIRECTION('',(-2.63810690449108E-14,1.,-2.63810847968843E-14));
#6764=DIRECTION('',(-1.74838271594469E-13,-2.62257407391703E-14,-1.));
#6765=DIRECTION('',(0.,1.,0.));
#6766=DIRECTION('',(0.,0.,-1.));
#6767=DIRECTION('',(0.,1.,0.));
#6768=DIRECTION('',(1.,0.,4.83189405133925E-15));
#6769=DIRECTION('',(0.,-1.,0.));
#6770=DIRECTION('',(1.,0.,1.78017149259866E-15));
#6771=DIRECTION('',(0.,1.,0.));
#6772=DIRECTION('',(1.,0.,2.03448170582704E-15));
#6773=DIRECTION('',(0.,-1.,0.));
#6774=DIRECTION('',(1.,0.,-4.06896341165411E-15));
#6775=DIRECTION('',(0.,-1.,0.));
#6776=DIRECTION('',(-1.,0.,-1.84444770033772E-14));
#6777=DIRECTION('',(0.,-1.,0.));
#6778=DIRECTION('',(-1.,0.,-3.68889540067545E-14));
#6779=DIRECTION('',(-1.71540190931769E-15,-1.,1.71540190931769E-15));
#6780=DIRECTION('',(1.70530256582426E-14,1.42108547152022E-15,1.));
#6781=DIRECTION('',(1.71540190931774E-15,-1.,1.71540190931774E-15));
#6782=DIRECTION('',(1.,2.13162820728025E-15,1.06581410364013E-14));
#6783=DIRECTION('',(-1.58286347439398E-14,-1.,1.58286347439403E-14));
#6784=DIRECTION('',(-4.54579506145918E-13,-1.52983487645261E-14,-1.));
#6785=DIRECTION('',(0.,-1.,0.));
#6786=DIRECTION('',(1.,0.,-2.09805925913464E-13));
#6787=DIRECTION('',(2.11048463252577E-14,-1.,-2.11048463252562E-14));
#6788=DIRECTION('',(2.79741234551308E-13,-2.18547839493209E-14,1.));
#6789=DIRECTION('',(5.80383518987994E-14,-1.,5.8038386553143E-14));
#6790=DIRECTION('',(-0.999999999999822,-5.90079166631389E-14,-5.97093772063331E-7));
#6791=DIRECTION('',(1.93799294596326E-14,-1.,-2.51212472070903E-14));
#6792=DIRECTION('',(0.,2.52544170080969E-14,-1.));
#6793=DIRECTION('',(3.52853123074918E-12,1.,-3.51147820509074E-12));
#6794=DIRECTION('',(-1.,3.5285552257847E-12,-3.37507799486051E-14));
#6795=DIRECTION('',(4.07899481261817E-14,-1.,0.));
#6796=DIRECTION('',(-0.961899486488152,-3.92414787356607E-14,0.273403324584447));
#6797=DIRECTION('',(-3.21220841493812E-13,-1.,5.68434188606985E-15));
#6798=DIRECTION('',(0.961899486488193,-3.10240799707052E-13,-0.273403324584306));
#6799=DIRECTION('',(-7.39962846432482E-15,-1.,-2.84451538019503E-15));
#6800=DIRECTION('',(-0.961899486488151,7.77058984864457E-15,-0.273403324584452));
#6801=DIRECTION('',(9.72904006862849E-14,-1.,1.3254023334517E-13));
#6802=DIRECTION('',(0.961899486488163,1.29768850472375E-13,0.273403324584412));
#6803=DIRECTION('',(-3.43080381863543E-15,-1.,3.43080381863543E-15));
#6804=DIRECTION('',(-5.68434188608078E-15,2.84217094304039E-15,1.));
#6805=DIRECTION('',(-2.74464305490838E-14,-1.,-2.74464305490838E-14));
#6806=DIRECTION('',(1.,-2.77111666946433E-14,1.06581410364013E-14));
#6807=DIRECTION('',(-3.53024663265841E-12,-1.,3.51319360699988E-12));
#6808=DIRECTION('',(0.,3.51292328559818E-12,1.));
#6809=DIRECTION('',(-2.4015626730448E-14,1.,-2.4015626730448E-14));
#6810=DIRECTION('',(0.,-2.34479102800833E-14,-1.));
#6811=DIRECTION('',(1.71540190931768E-14,1.,-1.71540190931768E-14));
#6812=DIRECTION('',(1.,-1.70530256582428E-14,2.27373675443237E-14));
#6813=DIRECTION('',(0.,-1.,0.));
#6814=DIRECTION('',(0.00281948646432437,0.,-0.999996025240139));
#6815=DIRECTION('',(0.,1.,0.));
#6816=DIRECTION('',(0.00281948646432437,0.,-0.999996025240139));
#6817=DIRECTION('',(0.,-1.,0.));
#6818=DIRECTION('',(0.00281948646430631,0.,-0.99999602524014));
#6819=DIRECTION('',(0.,1.,0.));
#6820=DIRECTION('',(-1.,0.,-3.7895612573872E-15));
#6821=DIRECTION('',(0.,-1.,9.473903143468E-16));
#6822=DIRECTION('',(-1.,9.47390314346771E-16,-2.41584530158427E-14));
#6823=DIRECTION('',(0.,1.,0.));
#6824=DIRECTION('',(-1.,0.,-3.7895612573872E-15));
#6825=DIRECTION('',(0.,-1.,9.473903143468E-16));
#6826=DIRECTION('',(-1.,9.47390314346786E-16,-1.51582450295486E-14));
#6827=DIRECTION('',(0.,1.,0.));
#6828=DIRECTION('',(-1.,0.,2.03448170582707E-15));
#6829=DIRECTION('',(0.,-1.,0.));
#6830=DIRECTION('',(-1.,0.,0.));
#6831=DIRECTION('',(0.,-1.,0.));
#6832=DIRECTION('',(1.,0.,5.71964557586278E-15));
#6833=DIRECTION('',(0.,1.,0.));
#6834=DIRECTION('',(1.,0.,-2.85982278793116E-15));
#6835=DIRECTION('',(0.,1.,0.));
#6836=DIRECTION('',(1.,0.,-7.17895692922418E-15));
#6837=DIRECTION('',(0.,-1.,0.));
#6838=DIRECTION('',(1.,0.,-1.84444770033777E-14));
#6839=DIRECTION('',(0.,-1.,0.));
#6840=DIRECTION('',(1.,0.,-1.84444770033777E-14));
#6841=DIRECTION('',(7.19353391270091E-14,7.85036471166071E-14,1.));
#6842=DIRECTION('',(0.996194698091734,0.0871557427477938,-8.39223703653438E-14));
#6843=DIRECTION('',(0.,1.,0.));
#6844=DIRECTION('',(-1.,0.,0.));
#6845=DIRECTION('',(0.,1.,0.));
#6846=DIRECTION('',(-1.,0.,4.83189405133925E-15));
#6847=DIRECTION('',(0.,-1.,0.));
#6848=DIRECTION('',(-1.,0.,2.54310213228384E-15));
#6849=DIRECTION('',(0.,-1.,0.));
#6850=DIRECTION('',(1.,0.,5.36216772737135E-15));
#6851=DIRECTION('',(0.,1.,0.));
#6852=DIRECTION('',(1.,0.,1.00093797577589E-14));
#6853=DIRECTION('',(0.,1.,0.));
#6854=DIRECTION('',(1.,0.,-1.70500227069074E-14));
#6855=DIRECTION('',(0.,-1.,0.));
#6856=DIRECTION('',(1.,0.,2.99722751304873E-14));
#6857=DIRECTION('',(0.,-1.,0.));
#6858=DIRECTION('',(1.,0.,2.99722751304873E-14));
#6859=DIRECTION('',(0.,0.,1.));
#6860=DIRECTION('',(0.996194698091734,0.0871557427477938,0.));
#6861=DIRECTION('',(0.,1.,0.));
#6862=DIRECTION('',(-1.,0.,1.39761321797881E-14));
#6863=DIRECTION('',(0.,1.,0.));
#6864=DIRECTION('',(0.,0.,1.));
#6865=DIRECTION('',(-8.63368784254899E-15,-1.,1.998524390833E-14));
#6866=DIRECTION('',(-6.21647187891663E-14,2.0203533606479E-14,1.));
#6867=DIRECTION('',(0.,-1.,0.));
#6868=DIRECTION('',(-0.00281948646432437,0.,0.999996025240139));
#6869=DIRECTION('',(0.,1.,0.));
#6870=DIRECTION('',(-0.00281948646432442,0.,0.999996025240139));
#6871=DIRECTION('',(0.,-1.,0.));
#6872=DIRECTION('',(-0.00281948646430629,0.,0.99999602524014));
#6873=DIRECTION('',(0.410364677328795,-0.911921505175108,-2.07879420370854E-16));
#6874=DIRECTION('',(0.4103646773288,0.911921505175105,1.68342155168875E-16));
#6875=DIRECTION('',(-0.6,0.8,-5.60263689278851E-16));
#6876=DIRECTION('',(1.,0.,0.));
#6877=DIRECTION('',(-0.6,-0.8,-1.08085910299139E-15));
#6878=DIRECTION('',(0.,-1.,0.));
#6879=DIRECTION('',(0.,1.,0.));
#6880=DIRECTION('',(0.410364677328796,-0.911921505175107,-1.23989841991659E-15));
#6881=DIRECTION('',(0.410364677328801,0.911921505175105,-5.56568508226244E-16));
#6882=DIRECTION('',(-0.6,0.8,-1.16368538850119E-15));
#6883=DIRECTION('',(1.,0.,0.));
#6884=DIRECTION('',(-0.6,-0.8,1.64614022298877E-15));
#6885=DIRECTION('',(0.,-1.,0.));
#6886=DIRECTION('',(0.,1.,0.));
#6887=DIRECTION('',(0.,1.,0.));
#6888=DIRECTION('',(-1.71540190931772E-15,1.,-1.71540190931772E-15));
#6889=DIRECTION('',(1.71540190931774E-15,1.,-1.71540190931774E-15));
#6890=DIRECTION('',(0.,0.,-1.));
#6891=DIRECTION('',(0.,0.,-1.));
#6892=DIRECTION('',(0.,1.,0.));
#6893=DIRECTION('',(0.,1.,0.));
#6894=DIRECTION('',(0.,1.,0.));
#6895=DIRECTION('',(0.,1.,0.));
#6896=DIRECTION('',(0.,1.,0.));
#6897=DIRECTION('',(0.,-1.,0.));
#6898=DIRECTION('',(0.,1.,0.));
#6899=DIRECTION('',(0.,1.,0.));
#6900=DIRECTION('',(0.,1.,0.));
#6901=DIRECTION('',(0.,1.,0.));
#6902=DIRECTION('',(0.,1.,0.));
#6903=DIRECTION('',(0.,-1.,0.));
#6904=DIRECTION('',(0.,-1.,0.));
#6905=DIRECTION('',(4.30494265484312E-14,1.,-1.031302153862E-14));
#6906=DIRECTION('',(-1.,0.,0.));
#6907=DIRECTION('',(0.,1.,0.));
#6908=DIRECTION('',(0.,0.,-1.));
#6909=DIRECTION('',(0.,-1.,0.));
#6910=DIRECTION('',(0.,-1.,0.));
#6911=DIRECTION('',(0.,1.,0.));
#6912=DIRECTION('',(1.,0.,0.));
#6913=DIRECTION('',(-1.,0.,0.));
#6914=DIRECTION('',(1.,0.,0.));
#6915=DIRECTION('',(0.,0.,1.));
#6916=DIRECTION('',(0.,-1.,0.));
#6917=DIRECTION('',(0.,1.,0.));
#6918=DIRECTION('',(0.,1.,0.));
#6919=DIRECTION('',(0.,-1.,0.));
#6920=DIRECTION('',(-1.,0.,0.));
#6921=DIRECTION('',(0.,-1.,0.));
#6922=DIRECTION('',(0.,-1.,0.));
#6923=DIRECTION('',(0.,0.,-1.));
#6924=DIRECTION('',(0.,-1.,0.));
#6925=DIRECTION('',(0.,-1.,0.));
#6926=DIRECTION('',(0.,0.,1.));
#6927=DIRECTION('',(0.,-1.,0.));
#6928=DIRECTION('',(0.,0.,1.));
#6929=DIRECTION('',(0.,0.,1.));
#6930=DIRECTION('',(0.,0.,1.));
#6931=DIRECTION('',(0.,0.,-1.));
#6932=DIRECTION('',(0.,1.,0.));
#6933=DIRECTION('',(0.,1.,0.));
#6934=DIRECTION('',(0.,-1.,0.));
#6935=DIRECTION('',(0.,-1.,0.));
#6936=DIRECTION('',(0.,0.,-1.));
#6937=DIRECTION('',(0.,0.,1.));
#6938=DIRECTION('',(0.,-1.,0.));
#6939=DIRECTION('',(1.3500898977709E-13,-1.,-4.61677583195536E-15));
#6940=DIRECTION('',(-1.71540190931771E-15,-1.,-1.71540190931771E-15));
#6941=DIRECTION('',(0.,0.,1.));
#6942=DIRECTION('',(-1.,0.,0.));
#6943=DIRECTION('',(0.,-1.,0.));
#6944=DIRECTION('',(1.71540190931769E-15,-1.,-1.71540190931769E-15));
#6945=DIRECTION('',(-1.71540190931771E-15,-1.,-1.71540190931771E-15));
#6946=DIRECTION('',(0.,0.,1.));
#6947=DIRECTION('',(-1.,0.,0.));
#6948=DIRECTION('',(0.,0.,1.));
#6949=DIRECTION('',(0.,-1.,0.));
#6950=DIRECTION('',(1.,0.,0.));
#6951=DIRECTION('',(0.,-1.,0.));
#6952=DIRECTION('',(1.,0.,0.));
#6953=DIRECTION('',(0.,0.,-1.));
#6954=DIRECTION('',(0.,-1.,0.));
#6955=DIRECTION('',(-1.,0.,0.));
#6956=DIRECTION('',(1.,0.,0.));
#6957=DIRECTION('',(1.,0.,0.));
#6958=DIRECTION('',(1.,0.,0.));
#6959=DIRECTION('',(0.707106781186544,1.06102105946551E-16,0.707106781186551));
#6960=DIRECTION('',(-0.707106781186582,6.79351626554802E-16,0.707106781186513));
#6961=DIRECTION('',(0.707106781186559,1.98640611481841E-15,-0.707106781186536));
#6962=DIRECTION('',(-0.707106781186565,1.03836295413372E-15,-0.70710678118653));
#6963=DIRECTION('',(0.707106781186537,-3.0108179479419E-17,0.707106781186558));
#6964=DIRECTION('',(0.707106781186507,1.67460562336078E-15,0.707106781186588));
#6965=DIRECTION('',(0.707106781186541,4.43035828710765E-16,-0.707106781186554));
#6966=DIRECTION('',(0.707106781186535,-1.95293489673789E-15,-0.70710678118656));
#6967=DIRECTION('',(0.,1.,0.));
#6968=DIRECTION('',(0.,1.,0.));
#6969=DIRECTION('',(0.,1.,0.));
#6970=DIRECTION('',(0.,1.,0.));
#6971=DIRECTION('',(0.,-1.,0.));
#6972=DIRECTION('',(0.,-1.,0.));
#6973=DIRECTION('',(0.,1.,0.));
#6974=DIRECTION('',(0.,1.,0.));
#6975=DIRECTION('',(-3.83834196035268E-14,1.,-7.77395438524455E-15));
#6976=DIRECTION('',(0.963944681455854,3.90681634950547E-14,0.266102707789628));
#6977=DIRECTION('',(-8.88692956725078E-14,1.,-1.20412557650449E-14));
#6978=DIRECTION('',(0.963944681455845,8.89193480751392E-14,0.266102707789659));
#6979=DIRECTION('',(5.33925200557094E-15,1.,-2.87875343981085E-15));
#6980=DIRECTION('',(1.,-5.33925200557091E-15,1.13686837721618E-14));
#6981=DIRECTION('',(1.47976668349824E-14,1.,-8.06851300094897E-15));
#6982=DIRECTION('',(1.,-1.50229035560705E-14,-3.2481953634747E-15));
#6983=DIRECTION('',(8.00743591578839E-13,1.,7.73054391563018E-13));
#6984=DIRECTION('',(0.632578100759289,-1.10526083978527E-12,0.774496576131729));
#6985=DIRECTION('',(1.99823846362595E-13,1.,2.03052756551011E-13));
#6986=DIRECTION('',(0.632578100759297,-2.8381106988356E-13,0.774496576131723));
#6987=DIRECTION('',(-1.71540190931773E-15,1.,1.71540190931773E-15));
#6988=DIRECTION('',(1.,1.42108547152019E-15,-5.68434188608075E-15));
#6989=DIRECTION('',(1.71540190931772E-15,1.,1.71540190931772E-15));
#6990=DIRECTION('',(-5.68434188608079E-15,1.4210854715202E-15,-1.));
#6991=DIRECTION('',(-1.71540190931774E-15,1.,1.71540190931774E-15));
#6992=DIRECTION('',(1.,1.42108547152019E-15,-8.52651282912115E-15));
#6993=DIRECTION('',(1.71540190931771E-15,-1.,1.71540190931771E-15));
#6994=DIRECTION('',(1.,1.42108547152021E-15,-2.84217094304041E-15));
#6995=DIRECTION('',(0.,-1.,0.));
#6996=DIRECTION('',(1.,0.,0.));
#6997=DIRECTION('',(0.,-1.,0.));
#6998=DIRECTION('',(-1.,0.,0.));
#6999=DIRECTION('',(0.,1.,0.));
#7000=DIRECTION('',(-1.,0.,3.57477848491396E-16));
#7001=DIRECTION('',(0.,1.,0.));
#7002=DIRECTION('',(-1.,0.,2.99123205384342E-16));
#7003=DIRECTION('',(0.,-1.,0.));
#7004=DIRECTION('',(-1.,0.,0.));
#7005=DIRECTION('',(0.,-1.,0.));
#7006=DIRECTION('',(1.,0.,-2.91058242650336E-16));
#7007=DIRECTION('',(0.,1.,0.));
#7008=DIRECTION('',(1.,0.,0.));
#7009=DIRECTION('',(0.,0.,-1.));
#7010=DIRECTION('',(-0.996194698091739,0.08715574274773,0.));
#7011=DIRECTION('',(0.,-1.,0.));
#7012=DIRECTION('',(-1.,0.,2.91058242650336E-16));
#7013=DIRECTION('',(0.,-1.,0.));
#7014=DIRECTION('',(1.,0.,0.));
#7015=DIRECTION('',(0.,-1.,0.));
#7016=DIRECTION('',(-1.,0.,0.));
#7017=DIRECTION('',(0.,-1.,0.));
#7018=DIRECTION('',(1.,0.,0.));
#7019=DIRECTION('',(0.,-1.,0.));
#7020=DIRECTION('',(-1.,0.,0.));
#7021=DIRECTION('',(0.,1.,0.));
#7022=DIRECTION('',(-1.,0.,0.));
#7023=DIRECTION('',(0.,1.,0.));
#7024=DIRECTION('',(-1.,0.,0.));
#7025=DIRECTION('',(0.,-1.,0.));
#7026=DIRECTION('',(-1.,0.,0.));
#7027=DIRECTION('',(0.,-1.,0.));
#7028=DIRECTION('',(1.,0.,0.));
#7029=DIRECTION('',(0.,1.,0.));
#7030=DIRECTION('',(1.,0.,0.));
#7031=DIRECTION('',(0.,0.,-1.));
#7032=DIRECTION('',(-0.996194698091739,0.08715574274773,0.));
#7033=DIRECTION('',(0.,-1.,0.));
#7034=DIRECTION('',(-1.,0.,0.));
#7035=DIRECTION('',(0.,-1.,0.));
#7036=DIRECTION('',(1.,0.,-2.03448170582706E-15));
#7037=DIRECTION('',(0.,-1.,0.));
#7038=DIRECTION('',(-1.,0.,0.));
#7039=DIRECTION('',(-2.43745719674751E-13,1.,4.92543550865217E-14));
#7040=DIRECTION('',(1.,2.43745719674751E-13,-6.09036630651515E-16));
#7041=DIRECTION('',(4.69643259536335E-14,-1.,-6.93056460382508E-15));
#7042=DIRECTION('',(0.957373973119571,4.67930792340223E-14,-0.288851303603163));
#7043=DIRECTION('',(4.3049426548431E-14,1.,-1.031302153862E-14));
#7044=DIRECTION('',(1.,-4.34446129864772E-14,1.31957936641169E-14));
#7045=DIRECTION('',(-3.79496371358324E-14,1.,1.82660714549636E-14));
#7046=DIRECTION('',(0.957373973119569,4.17068749694527E-14,-0.28885130360317));
#7047=DIRECTION('',(-3.01089505618046E-7,0.999999999999943,1.5317467469246E-7));
#7048=DIRECTION('',(0.891449492795723,3.37812606883191E-7,-0.453120074366755));
#7049=DIRECTION('',(2.8298103203141E-12,-1.,1.09935199956604E-12));
#7050=DIRECTION('',(0.941876034630046,3.03476592858966E-12,0.335960615831053));
#7051=DIRECTION('',(0.,1.,0.));
#7052=DIRECTION('',(0.921709055535816,0.,0.387881962642342));
#7053=DIRECTION('',(-1.71540190931769E-15,-1.,1.71540190931769E-15));
#7054=DIRECTION('',(1.13686837721617E-14,2.13162820728032E-15,1.));
#7055=DIRECTION('',(1.71540190931771E-15,-1.,1.71540190931771E-15));
#7056=DIRECTION('',(1.,2.13162820728029E-15,-7.10542735760096E-16));
#7057=DIRECTION('',(-1.52586127937028E-15,-1.,1.51441730951274E-15));
#7058=DIRECTION('',(1.,-2.03448170582704E-15,-3.05172255874056E-15));
#7059=DIRECTION('',(0.,1.,0.));
#7060=DIRECTION('',(1.,0.,0.));
#7061=DIRECTION('',(0.,1.,0.));
#7062=DIRECTION('',(1.,0.,0.));
#7063=DIRECTION('',(-1.27155106614191E-14,-1.,4.12908097218152E-16));
#7064=DIRECTION('',(1.,-1.27155106614191E-14,2.03448170582706E-15));
#7065=DIRECTION('',(1.41873990813035E-13,1.,-4.11561748857774E-14));
#7066=DIRECTION('',(1.,-1.41702522731588E-13,8.32350061890417E-15));
#7067=DIRECTION('',(-1.71540190931772E-14,-1.,-1.71540190931772E-14));
#7068=DIRECTION('',(1.,-1.70530256582424E-14,0.));
#7069=DIRECTION('',(-4.04157550480865E-14,1.,-7.62018038134706E-15));
#7070=DIRECTION('',(0.764257965970319,3.5802398317484E-14,0.644910661604311));
#7071=DIRECTION('',(-6.27390052686186E-14,1.,-2.29337512861543E-14));
#7072=DIRECTION('',(0.764257965970309,6.29337851673269E-14,0.644910661604323));
#7073=DIRECTION('',(-1.71540190931768E-15,-1.,1.71540190931768E-15));
#7074=DIRECTION('',(1.13686837721618E-14,2.13162820728033E-15,1.));
#7075=DIRECTION('',(-1.54386171838594E-14,-1.,-1.54386171838594E-14));
#7076=DIRECTION('',(1.,-1.49213974509621E-14,-7.105427357601E-16));
#7077=DIRECTION('',(1.02924114559062E-14,1.,-1.02924114559062E-14));
#7078=DIRECTION('',(1.,-9.94759830064145E-15,5.68434188608083E-15));
#7079=DIRECTION('',(-3.43080381863543E-15,1.,-3.43080381863543E-15));
#7080=DIRECTION('',(-5.68434188608079E-15,-3.55271367880049E-15,-1.));
#7081=DIRECTION('',(1.02924114559064E-14,1.,-1.02924114559064E-14));
#7082=DIRECTION('',(1.,-9.94759830064135E-15,-2.84217094304038E-15));
#7083=DIRECTION('',(0.,-1.,0.));
#7084=DIRECTION('',(1.,0.,0.));
#7085=DIRECTION('',(0.,1.,0.));
#7086=DIRECTION('',(1.,0.,3.57477848491396E-16));
#7087=DIRECTION('',(0.,1.,0.));
#7088=DIRECTION('',(1.,0.,2.99123205384342E-16));
#7089=DIRECTION('',(0.,-1.,0.));
#7090=DIRECTION('',(1.,0.,0.));
#7091=DIRECTION('',(0.,-1.,0.));
#7092=DIRECTION('',(1.,0.,0.));
#7093=DIRECTION('',(8.99191739087473E-15,9.81295588957408E-15,1.));
#7094=DIRECTION('',(0.996194698091745,0.0871557427476625,-1.04902962956707E-14));
#7095=DIRECTION('',(0.,1.,0.));
#7096=DIRECTION('',(-1.,0.,0.));
#7097=DIRECTION('',(0.,-1.,0.));
#7098=DIRECTION('',(1.,0.,0.));
#7099=DIRECTION('',(0.,1.,0.));
#7100=DIRECTION('',(1.,0.,0.));
#7101=DIRECTION('',(0.,1.,0.));
#7102=DIRECTION('',(1.,0.,-2.39298564307474E-15));
#7103=DIRECTION('',(0.,-1.,0.));
#7104=DIRECTION('',(1.,0.,0.));
#7105=DIRECTION('',(0.,-1.,0.));
#7106=DIRECTION('',(1.,0.,0.));
#7107=DIRECTION('',(7.19353391269979E-14,7.85036471165926E-14,1.));
#7108=DIRECTION('',(0.996194698091745,0.0871557427476625,-8.39223703653655E-14));
#7109=DIRECTION('',(0.,1.,0.));
#7110=DIRECTION('',(-1.,0.,0.));
#7111=DIRECTION('',(0.,-1.,0.));
#7112=DIRECTION('',(-1.,0.,-2.54310213228382E-16));
#7113=DIRECTION('',(-1.6022817172745E-15,-1.,2.02093304585642E-15));
#7114=DIRECTION('',(-1.,2.03448170582704E-15,0.));
#7115=DIRECTION('',(0.,-1.,0.));
#7116=DIRECTION('',(-1.,0.,0.));
#7117=DIRECTION('',(-1.32241310878759E-14,-1.,2.13409517012464E-15));
#7118=DIRECTION('',(-1.,1.27155106614191E-14,-4.06896341165413E-15));
#7119=DIRECTION('',(0.,-1.,9.473903143468E-16));
#7120=DIRECTION('',(-1.,0.,0.));
#7121=DIRECTION('',(0.,1.,0.));
#7122=DIRECTION('',(-1.,0.,0.));
#7123=DIRECTION('',(0.,-1.,9.473903143468E-16));
#7124=DIRECTION('',(-1.,0.,0.));
#7125=DIRECTION('',(0.,1.,0.));
#7126=DIRECTION('',(-1.,0.,0.));
#7127=DIRECTION('',(0.,0.,1.));
#7128=DIRECTION('',(1.,0.,0.));
#7129=CARTESIAN_POINT('',(0.,0.,0.));
#7130=CARTESIAN_POINT('',(407.82748,-11.5812,97.663));
#7131=CARTESIAN_POINT('',(398.58498,-12.8312,106.9055));
#7132=CARTESIAN_POINT('',(398.58498,-10.3312,106.9055));
#7133=CARTESIAN_POINT('',(407.82748,-11.5812,97.663));
#7134=CARTESIAN_POINT('',(415.22148,-12.8312,97.663));
#7135=CARTESIAN_POINT('',(415.22148,-10.3312,97.663));
#7136=CARTESIAN_POINT('',(400.43348,-12.8312,97.6630000000001));
#7137=CARTESIAN_POINT('',(400.43348,-10.3312,97.6630000000001));
#7138=CARTESIAN_POINT('',(407.82748,-12.8312,97.663));
#7139=CARTESIAN_POINT('',(415.22148,-12.8312,97.663));
#7140=CARTESIAN_POINT('',(400.43348,-12.8312,97.6630000000001));
#7141=CARTESIAN_POINT('',(415.22148,-12.8312,97.663));
#7142=CARTESIAN_POINT('',(415.22148,-10.3312,97.663));
#7143=CARTESIAN_POINT('',(407.82748,-10.3312,97.663));
#7144=CARTESIAN_POINT('',(415.22148,-10.3312,97.663));
#7145=CARTESIAN_POINT('',(400.43348,-10.3312,97.6630000000001));
#7146=CARTESIAN_POINT('',(400.43348,-12.8312,97.6630000000001));
#7147=CARTESIAN_POINT('',(400.43348,-10.3312,97.6630000000001));
#7148=CARTESIAN_POINT('',(407.82748,-12.8312,97.663));
#7149=CARTESIAN_POINT('',(400.43348,-12.8312,97.6630000000001));
#7150=CARTESIAN_POINT('',(415.22148,-12.8312,97.663));
#7151=CARTESIAN_POINT('',(407.82748,-10.3312,97.663));
#7152=CARTESIAN_POINT('',(400.43348,-10.3312,97.6630000000001));
#7153=CARTESIAN_POINT('',(415.22148,-10.3312,97.663));
#7154=CARTESIAN_POINT('',(400.2856,-10.3312,105.20488));
#7155=CARTESIAN_POINT('',(407.82748,1.16880000000004,97.6630000000001));
#7156=CARTESIAN_POINT('',(416.89936,-12.8312,106.73488));
#7157=CARTESIAN_POINT('',(416.72148,-11.8312,97.663));
#7158=CARTESIAN_POINT('',(415.72148,-12.8312,97.663));
#7159=CARTESIAN_POINT('',(416.72148,-11.8312,106.557));
#7160=CARTESIAN_POINT('',(415.72148,-12.8312,105.557));
#7161=CARTESIAN_POINT('',(407.82748,-11.8312,106.557));
#7162=CARTESIAN_POINT('',(407.82748,-12.8312,105.557));
#7163=CARTESIAN_POINT('',(398.93348,-11.8312,106.557));
#7164=CARTESIAN_POINT('',(399.93348,-12.8312,105.557));
#7165=CARTESIAN_POINT('',(398.93348,-11.8312,97.6630000000001));
#7166=CARTESIAN_POINT('',(399.93348,-12.8312,97.663));
#7167=CARTESIAN_POINT('',(407.82748,1.16880000000006,97.6629999999999));
#7168=CARTESIAN_POINT('',(407.82748,11.6688,97.6629999999999));
#7169=CARTESIAN_POINT('',(420.07748,17.4188,95.4130000000001));
#7170=CARTESIAN_POINT('',(420.07748,17.4188,99.9130000000001));
#7171=CARTESIAN_POINT('',(395.57748,17.4188,99.9130000000001));
#7172=CARTESIAN_POINT('',(395.57748,17.4188,95.4130000000001));
#7173=CARTESIAN_POINT('',(420.07748,9.91880000000004,99.9130000000001));
#7174=CARTESIAN_POINT('',(415.22148,18.1688000000001,97.663));
#7175=CARTESIAN_POINT('',(413.72148,19.6688,97.663));
#7176=CARTESIAN_POINT('',(415.22148,18.1688000000001,90.269));
#7177=CARTESIAN_POINT('',(413.72148,19.6688,91.7689999999999));
#7178=CARTESIAN_POINT('',(407.82748,18.1688000000001,90.2690000000001));
#7179=CARTESIAN_POINT('',(407.82748,19.6688,91.769));
#7180=CARTESIAN_POINT('',(400.43348,18.1688000000001,90.2690000000001));
#7181=CARTESIAN_POINT('',(401.93348,19.6688,91.7690000000001));
#7182=CARTESIAN_POINT('',(400.43348,18.1688000000001,97.6630000000001));
#7183=CARTESIAN_POINT('',(401.93348,19.6688,97.6630000000001));
#7184=CARTESIAN_POINT('',(401.8156,19.6688,103.67488));
#7185=CARTESIAN_POINT('',(407.82748,17.7938000000001,97.6630000000001));
#7186=CARTESIAN_POINT('',(399.222787326813,17.4188,99.9130000000001));
#7187=CARTESIAN_POINT('',(416.432172673187,17.4188,95.4130000000001));
#7188=CARTESIAN_POINT('',(399.222787326813,9.91880000000004,99.9130000000001));
#7189=CARTESIAN_POINT('',(420.07748,17.4188,106.73488));
#7190=CARTESIAN_POINT('',(407.82748,1.16880000000004,97.6630000000001));
#7191=CARTESIAN_POINT('',(398.93348,-11.8312,97.6630000000001));
#7192=CARTESIAN_POINT('',(399.93348,-12.8312,97.663));
#7193=CARTESIAN_POINT('',(398.93348,-11.8312,88.7689999999999));
#7194=CARTESIAN_POINT('',(399.93348,-12.8312,89.7689999999998));
#7195=CARTESIAN_POINT('',(407.82748,-11.8312,88.7689999999999));
#7196=CARTESIAN_POINT('',(407.82748,-12.8312,89.7689999999998));
#7197=CARTESIAN_POINT('',(416.72148,-11.8312,88.7689999999998));
#7198=CARTESIAN_POINT('',(415.72148,-12.8312,89.7689999999998));
#7199=CARTESIAN_POINT('',(416.72148,-11.8312,97.663));
#7200=CARTESIAN_POINT('',(415.72148,-12.8312,97.663));
#7201=CARTESIAN_POINT('',(407.82748,1.16880000000006,97.6629999999999));
#7202=CARTESIAN_POINT('',(407.82748,11.6688,97.6629999999999));
#7203=CARTESIAN_POINT('',(400.43348,18.1688000000001,97.6630000000001));
#7204=CARTESIAN_POINT('',(401.93348,19.6688,97.6630000000001));
#7205=CARTESIAN_POINT('',(400.43348,18.1688000000001,105.057));
#7206=CARTESIAN_POINT('',(401.93348,19.6688,103.557));
#7207=CARTESIAN_POINT('',(407.82748,18.1688000000001,105.057));
#7208=CARTESIAN_POINT('',(407.82748,19.6688,103.557));
#7209=CARTESIAN_POINT('',(415.22148,18.1688000000001,105.057));
#7210=CARTESIAN_POINT('',(413.72148,19.6688,103.557));
#7211=CARTESIAN_POINT('',(415.22148,18.1688000000001,97.663));
#7212=CARTESIAN_POINT('',(413.72148,19.6688,97.663));
#7213=CARTESIAN_POINT('',(407.82748,17.7938000000001,97.6630000000001));
#7214=CARTESIAN_POINT('',(415.22148,-10.3311999999999,97.663));
#7215=CARTESIAN_POINT('',(415.22148,-12.8312,97.663));
#7216=CARTESIAN_POINT('',(416.72148,-11.8312,97.663));
#7217=CARTESIAN_POINT('',(415.72148,-12.8312,97.663));
#7218=CARTESIAN_POINT('',(416.72148,5.91880000000004,97.663));
#7219=CARTESIAN_POINT('',(416.432172673187,17.4188,99.9130000000001));
#7220=CARTESIAN_POINT('',(416.432172673187,9.91880000000004,99.9130000000001));
#7221=CARTESIAN_POINT('',(399.222787326813,9.91880000000004,99.913));
#7222=CARTESIAN_POINT('',(399.222787326813,17.4188,99.913));
#7223=CARTESIAN_POINT('',(399.222787326813,17.4188,95.4130000000001));
#7224=CARTESIAN_POINT('',(399.222787326813,9.91880000000004,95.4130000000001));
#7225=CARTESIAN_POINT('',(416.432172673187,9.91880000000004,95.4130000000001));
#7226=CARTESIAN_POINT('',(416.432172673187,17.4188,95.413));
#7227=CARTESIAN_POINT('',(416.72148,9.91880000000004,97.663));
#7228=CARTESIAN_POINT('',(420.07748,9.91880000000004,99.9130000000001));
#7229=CARTESIAN_POINT('',(420.07748,9.91880000000004,95.4130000000001));
#7230=CARTESIAN_POINT('',(395.57748,9.91880000000004,99.9130000000001));
#7231=CARTESIAN_POINT('',(395.57748,9.91880000000004,95.4130000000001));
#7232=CARTESIAN_POINT('',(420.07748,17.4188,95.4130000000001));
#7233=CARTESIAN_POINT('',(420.07748,17.4188,99.9130000000001));
#7234=CARTESIAN_POINT('',(395.57748,17.4188,99.9130000000001));
#7235=CARTESIAN_POINT('',(395.57748,17.4188,95.4130000000001));
#7236=CARTESIAN_POINT('',(415.22148,18.1688000000001,97.663));
#7237=CARTESIAN_POINT('',(413.72148,19.6688,97.663));
#7238=CARTESIAN_POINT('',(415.22148,17.4188,97.663));
#7239=CARTESIAN_POINT('',(400.43348,-10.3311999999999,97.6630000000001));
#7240=CARTESIAN_POINT('',(400.43348,-12.8312,97.6630000000001));
#7241=CARTESIAN_POINT('',(398.93348,-11.8312,97.6630000000001));
#7242=CARTESIAN_POINT('',(399.93348,-12.8312,97.663));
#7243=CARTESIAN_POINT('',(398.93348,5.91880000000004,97.663));
#7244=CARTESIAN_POINT('',(398.93348,9.9188000000001,97.663));
#7245=CARTESIAN_POINT('',(400.43348,18.1688000000001,97.6630000000001));
#7246=CARTESIAN_POINT('',(401.93348,19.6688,97.6630000000001));
#7247=CARTESIAN_POINT('',(400.43348,17.4188,97.6630000000001));
#7248=CARTESIAN_POINT('',(407.82748,-10.3311999999999,97.6630000000001));
#7249=CARTESIAN_POINT('',(415.22148,-10.3311999999999,97.663));
#7250=CARTESIAN_POINT('',(400.43348,-10.3311999999999,97.6630000000001));
#7251=CARTESIAN_POINT('',(407.82748,-12.8312,97.663));
#7252=CARTESIAN_POINT('',(415.22148,-12.8312,97.663));
#7253=CARTESIAN_POINT('',(400.43348,-12.8312,97.6630000000001));
#7254=CARTESIAN_POINT('',(407.82748,-11.8312,97.663));
#7255=CARTESIAN_POINT('',(416.72148,-11.8312,97.663));
#7256=CARTESIAN_POINT('',(398.93348,-11.8312,97.6630000000001));
#7257=CARTESIAN_POINT('',(416.72148,-11.8312,97.663));
#7258=CARTESIAN_POINT('',(415.72148,-12.8312,97.663));
#7259=CARTESIAN_POINT('',(407.82748,-12.8312,97.663));
#7260=CARTESIAN_POINT('',(415.72148,-12.8312,97.663));
#7261=CARTESIAN_POINT('',(399.93348,-12.8312,97.663));
#7262=CARTESIAN_POINT('',(415.22148,-10.3311999999999,97.663));
#7263=CARTESIAN_POINT('',(415.22148,-12.8312,97.663));
#7264=CARTESIAN_POINT('',(407.82748,5.91880000000004,97.663));
#7265=CARTESIAN_POINT('',(416.72148,5.91880000000004,97.663));
#7266=CARTESIAN_POINT('',(398.93348,5.91880000000004,97.663));
#7267=CARTESIAN_POINT('',(416.72148,5.91880000000004,97.663));
#7268=CARTESIAN_POINT('',(416.72148,-11.8312,97.663));
#7269=CARTESIAN_POINT('',(416.432172673187,17.4188000000001,99.9130000000001));
#7270=CARTESIAN_POINT('',(416.432172673187,9.91880000000008,99.9130000000001));
#7271=CARTESIAN_POINT('',(399.222787326813,9.91880000000002,99.913));
#7272=CARTESIAN_POINT('',(399.222787326813,17.4188,99.913));
#7273=CARTESIAN_POINT('',(399.222787326813,17.4188,95.413));
#7274=CARTESIAN_POINT('',(399.222787326813,9.91880000000002,95.413));
#7275=CARTESIAN_POINT('',(416.432172673187,9.91880000000014,95.4130000000001));
#7276=CARTESIAN_POINT('',(416.432172673187,17.4188000000002,95.413));
#7277=CARTESIAN_POINT('',(407.827479999996,9.91880000000123,97.6629999999998));
#7278=CARTESIAN_POINT('',(416.432172673187,9.91880000000004,99.9130000000001));
#7279=CARTESIAN_POINT('',(416.72148,9.91880000000004,97.6629999999999));
#7280=CARTESIAN_POINT('',(407.827479999985,9.91880000000524,97.6629999999982));
#7281=CARTESIAN_POINT('',(399.222787326813,9.91880000000002,95.413));
#7282=CARTESIAN_POINT('',(398.93348,9.9188000000001,97.663));
#7283=CARTESIAN_POINT('',(407.827479999991,9.91879999999678,97.6630000000014));
#7284=CARTESIAN_POINT('',(416.72148,9.91880000000004,97.663));
#7285=CARTESIAN_POINT('',(416.432172673187,9.9188,95.4130000000001));
#7286=CARTESIAN_POINT('',(407.82748,17.4187999999999,97.663));
#7287=CARTESIAN_POINT('',(399.222787326813,17.4188,95.413));
#7288=CARTESIAN_POINT('',(416.432172673187,17.4188,95.413));
#7289=CARTESIAN_POINT('',(407.82748,17.4188000000002,97.6630000000001));
#7290=CARTESIAN_POINT('',(416.432172673187,17.4188000000001,99.9130000000001));
#7291=CARTESIAN_POINT('',(399.222787326813,17.4188000000002,99.913));
#7292=CARTESIAN_POINT('',(416.72148,9.91880000000004,97.663));
#7293=CARTESIAN_POINT('',(416.72148,5.91880000000004,97.663));
#7294=CARTESIAN_POINT('',(420.07748,9.91880000000004,95.4130000000001));
#7295=CARTESIAN_POINT('',(420.07748,9.91880000000004,99.9130000000001));
#7296=CARTESIAN_POINT('',(420.07748,9.91880000000004,99.9130000000001));
#7297=CARTESIAN_POINT('',(416.432172673187,9.91880000000004,99.9130000000001));
#7298=CARTESIAN_POINT('',(395.57748,9.91880000000004,99.9130000000001));
#7299=CARTESIAN_POINT('',(395.57748,9.91880000000004,95.4130000000001));
#7300=CARTESIAN_POINT('',(395.57748,9.91880000000004,95.4130000000001));
#7301=CARTESIAN_POINT('',(399.222787326813,9.91880000000004,95.4130000000001));
#7302=CARTESIAN_POINT('',(420.07748,17.4188,95.4130000000001));
#7303=CARTESIAN_POINT('',(420.07748,17.4188,99.9130000000001));
#7304=CARTESIAN_POINT('',(420.07748,17.4188,99.9130000000001));
#7305=CARTESIAN_POINT('',(416.432172673187,17.4188,99.9130000000001));
#7306=CARTESIAN_POINT('',(395.57748,17.4188,99.9130000000001));
#7307=CARTESIAN_POINT('',(395.57748,17.4188,95.4130000000001));
#7308=CARTESIAN_POINT('',(395.57748,17.4188,95.4130000000001));
#7309=CARTESIAN_POINT('',(399.222787326813,17.4188,95.4130000000001));
#7310=CARTESIAN_POINT('',(420.07748,17.4188,99.9130000000001));
#7311=CARTESIAN_POINT('',(420.07748,9.91880000000004,99.9130000000001));
#7312=CARTESIAN_POINT('',(420.07748,17.4188,95.4130000000001));
#7313=CARTESIAN_POINT('',(420.07748,9.91880000000004,95.4130000000001));
#7314=CARTESIAN_POINT('',(395.57748,17.4188,99.9130000000001));
#7315=CARTESIAN_POINT('',(395.57748,9.91880000000004,99.9130000000001));
#7316=CARTESIAN_POINT('',(395.57748,17.4188,95.4130000000001));
#7317=CARTESIAN_POINT('',(395.57748,9.91880000000004,95.4130000000001));
#7318=CARTESIAN_POINT('',(407.82748,18.1688000000001,97.6630000000001));
#7319=CARTESIAN_POINT('',(415.22148,18.1688000000001,97.663));
#7320=CARTESIAN_POINT('',(400.43348,18.1688000000001,97.6630000000001));
#7321=CARTESIAN_POINT('',(415.22148,18.1688000000001,97.663));
#7322=CARTESIAN_POINT('',(413.72148,19.6688,97.663));
#7323=CARTESIAN_POINT('',(407.82748,19.6688,97.6630000000001));
#7324=CARTESIAN_POINT('',(413.72148,19.6688,97.663));
#7325=CARTESIAN_POINT('',(401.93348,19.6688,97.6630000000001));
#7326=CARTESIAN_POINT('',(415.22148,18.1688000000001,97.663));
#7327=CARTESIAN_POINT('',(415.22148,17.4188,97.663));
#7328=CARTESIAN_POINT('',(399.222787326813,9.91880000000004,99.913));
#7329=CARTESIAN_POINT('',(395.57748,9.91880000000004,99.9130000000001));
#7330=CARTESIAN_POINT('',(416.432172673187,9.91880000000004,95.4130000000001));
#7331=CARTESIAN_POINT('',(420.07748,9.91880000000004,95.4130000000001));
#7332=CARTESIAN_POINT('',(399.222787326813,17.4188,99.913));
#7333=CARTESIAN_POINT('',(395.57748,17.4188,99.9130000000001));
#7334=CARTESIAN_POINT('',(416.432172673187,17.4188,95.413));
#7335=CARTESIAN_POINT('',(420.07748,17.4188,95.4130000000001));
#7336=CARTESIAN_POINT('',(407.82748,17.4188,97.6630000000001));
#7337=CARTESIAN_POINT('',(415.22148,17.4188,97.663));
#7338=CARTESIAN_POINT('',(400.43348,17.4188,97.6630000000001));
#7339=CARTESIAN_POINT('',(400.43348,-10.3311999999998,97.6630000000001));
#7340=CARTESIAN_POINT('',(400.43348,-12.8312,97.6630000000001));
#7341=CARTESIAN_POINT('',(407.82748,-10.3311999999999,97.6630000000001));
#7342=CARTESIAN_POINT('',(400.43348,-10.3311999999999,97.6630000000001));
#7343=CARTESIAN_POINT('',(415.22148,-10.3311999999999,97.663));
#7344=CARTESIAN_POINT('',(407.82748,-12.8312,97.6630000000001));
#7345=CARTESIAN_POINT('',(400.43348,-12.8312,97.6630000000001));
#7346=CARTESIAN_POINT('',(415.22148,-12.8312,97.663));
#7347=CARTESIAN_POINT('',(398.93348,-11.8312,97.6630000000001));
#7348=CARTESIAN_POINT('',(399.93348,-12.8312,97.663));
#7349=CARTESIAN_POINT('',(407.82748,-11.8312,97.663));
#7350=CARTESIAN_POINT('',(398.93348,-11.8312,97.6630000000001));
#7351=CARTESIAN_POINT('',(416.72148,-11.8312,97.663));
#7352=CARTESIAN_POINT('',(407.82748,-12.8312,97.663));
#7353=CARTESIAN_POINT('',(399.93348,-12.8312,97.663));
#7354=CARTESIAN_POINT('',(415.72148,-12.8312,97.663));
#7355=CARTESIAN_POINT('',(398.93348,5.91880000000003,97.663));
#7356=CARTESIAN_POINT('',(398.93348,-11.8312,97.663));
#7357=CARTESIAN_POINT('',(407.82748,5.91880000000004,97.6629999999999));
#7358=CARTESIAN_POINT('',(398.93348,5.91880000000004,97.663));
#7359=CARTESIAN_POINT('',(416.72148,5.91880000000004,97.663));
#7360=CARTESIAN_POINT('',(398.93348,9.9188,97.663));
#7361=CARTESIAN_POINT('',(398.93348,5.91880000000004,97.663));
#7362=CARTESIAN_POINT('',(407.827479999988,9.91879999999839,97.6630000000016));
#7363=CARTESIAN_POINT('',(398.93348,9.9188000000001,97.663));
#7364=CARTESIAN_POINT('',(399.222787326813,9.91880000000014,99.913));
#7365=CARTESIAN_POINT('',(400.43348,18.1688000000001,97.6630000000001));
#7366=CARTESIAN_POINT('',(401.93348,19.6688,97.6630000000001));
#7367=CARTESIAN_POINT('',(407.82748,18.1688000000001,97.663));
#7368=CARTESIAN_POINT('',(400.43348,18.1688000000001,97.6630000000001));
#7369=CARTESIAN_POINT('',(415.22148,18.1688000000001,97.663));
#7370=CARTESIAN_POINT('',(407.82748,19.6688,97.6630000000001));
#7371=CARTESIAN_POINT('',(401.93348,19.6688,97.6630000000001));
#7372=CARTESIAN_POINT('',(413.72148,19.6688,97.663));
#7373=CARTESIAN_POINT('',(400.43348,18.1688000000001,97.6630000000001));
#7374=CARTESIAN_POINT('',(400.43348,17.4188,97.6630000000001));
#7375=CARTESIAN_POINT('',(407.82748,17.4188,97.663));
#7376=CARTESIAN_POINT('',(400.43348,17.4188,97.6630000000001));
#7377=CARTESIAN_POINT('',(415.22148,17.4188,97.6629999999999));
#7378=CARTESIAN_POINT('',(372.550504221996,31.6688000000001,112.936999343724));
#7379=CARTESIAN_POINT('',(385.083643672102,31.6688000000001,112.936999343724));
#7380=CARTESIAN_POINT('',(372.550504221996,30.4188,117.936999343724));
#7381=CARTESIAN_POINT('',(217.442236197483,2.8421709430404E-14,131.0118));
#7382=CARTESIAN_POINT('',(220.05050286415,-6.12843109593086E-14,4.69380000000007));
#7383=CARTESIAN_POINT('',(267.55050286415,31.6688,104.67699934375));
#7384=CARTESIAN_POINT('',(252.55050286415,30.4188000000001,109.67699934375));
#7385=CARTESIAN_POINT('',(267.55050286415,30.4188,109.67699934375));
#7386=CARTESIAN_POINT('',(267.550567692512,29.1688,115.786999344677));
#7387=CARTESIAN_POINT('',(267.550567692512,30.1688,115.786999344677));
#7388=CARTESIAN_POINT('',(268.120403025295,29.1688,115.787305827107));
#7389=CARTESIAN_POINT('',(268.120403025295,30.1688,115.787305827107));
#7390=CARTESIAN_POINT('',(269.231314144608,29.1688,116.257333711333));
#7391=CARTESIAN_POINT('',(269.231314144608,30.1688,116.257333711333));
#7392=CARTESIAN_POINT('',(269.700213198976,29.1688,117.365015164176));
#7393=CARTESIAN_POINT('',(269.700213198976,30.1688,117.365015164176));
#7394=CARTESIAN_POINT('',(269.700504221652,29.1688,117.937038941376));
#7395=CARTESIAN_POINT('',(269.700504221652,30.1688,117.937038941376));
#7396=CARTESIAN_POINT('',(265.400504223305,29.1688,117.936959454007));
#7397=CARTESIAN_POINT('',(265.400504223305,30.1688,117.936959454007));
#7398=CARTESIAN_POINT('',(265.400825584457,29.1688,117.367039931719));
#7399=CARTESIAN_POINT('',(265.400825584457,30.1688,117.367039931719));
#7400=CARTESIAN_POINT('',(265.870873455039,29.1688,116.256153460915));
#7401=CARTESIAN_POINT('',(265.870873455039,30.1688,116.256153460915));
#7402=CARTESIAN_POINT('',(266.97858508029,29.1688,115.787273211096));
#7403=CARTESIAN_POINT('',(266.97858508029,30.1688,115.787273211096));
#7404=CARTESIAN_POINT('',(267.550567692512,29.1688,115.786999344677));
#7405=CARTESIAN_POINT('',(267.550567692512,30.1688,115.786999344677));
#7406=CARTESIAN_POINT('',(267.550504222472,29.1688,120.08699934374));
#7407=CARTESIAN_POINT('',(267.550504222472,30.1688,120.08699934374));
#7408=CARTESIAN_POINT('',(266.986912314227,29.1688,120.08699934374));
#7409=CARTESIAN_POINT('',(266.986912314227,30.1688,120.08699934374));
#7410=CARTESIAN_POINT('',(265.866741017492,29.1688,119.6214866811));
#7411=CARTESIAN_POINT('',(265.866741017492,30.1688,119.6214866811));
#7412=CARTESIAN_POINT('',(265.400504222472,29.1688,118.499142987224));
#7413=CARTESIAN_POINT('',(265.400504222472,30.1688,118.499142987224));
#7414=CARTESIAN_POINT('',(265.400504223305,29.1688,117.936959454007));
#7415=CARTESIAN_POINT('',(265.400504223305,30.1688,117.936959454007));
#7416=CARTESIAN_POINT('',(269.700504221651,29.1688,117.937038941376));
#7417=CARTESIAN_POINT('',(269.700504221651,30.1688,117.937038941376));
#7418=CARTESIAN_POINT('',(269.700493320164,29.1688,118.5006174861));
#7419=CARTESIAN_POINT('',(269.700493320164,30.1688,118.5006174861));
#7420=CARTESIAN_POINT('',(269.234978417287,29.1688,119.620768008304));
#7421=CARTESIAN_POINT('',(269.234978417287,30.1688,119.620768008304));
#7422=CARTESIAN_POINT('',(268.112647865971,29.1688,120.08699934374));
#7423=CARTESIAN_POINT('',(268.112647865971,30.1688,120.08699934374));
#7424=CARTESIAN_POINT('',(267.550504222472,29.1688,120.08699934374));
#7425=CARTESIAN_POINT('',(267.550504222472,30.1688,120.08699934374));
#7426=CARTESIAN_POINT('',(254.700504222472,29.1688,117.93699934374));
#7427=CARTESIAN_POINT('',(254.700504222472,30.1688,117.93699934374));
#7428=CARTESIAN_POINT('',(254.700504222472,29.1688,118.500591252173));
#7429=CARTESIAN_POINT('',(254.700504222472,30.1688,118.500591252173));
#7430=CARTESIAN_POINT('',(254.234991559565,29.1688,119.620762549159));
#7431=CARTESIAN_POINT('',(254.234991559565,30.1688,119.620762549159));
#7432=CARTESIAN_POINT('',(253.112647865144,29.1688,120.08699934402));
#7433=CARTESIAN_POINT('',(253.112647865144,30.1688,120.08699934402));
#7434=CARTESIAN_POINT('',(252.550504221996,29.1688,120.08699934374));
#7435=CARTESIAN_POINT('',(252.550504221996,30.1688,120.08699934374));
#7436=CARTESIAN_POINT('',(252.550504222472,29.1688,115.78699934374));
#7437=CARTESIAN_POINT('',(252.550504222472,30.1688000000001,115.78699934374));
#7438=CARTESIAN_POINT('',(253.114096130717,29.1688,115.78699934374));
#7439=CARTESIAN_POINT('',(253.114096130717,30.1688000000001,115.78699934374));
#7440=CARTESIAN_POINT('',(254.234267427452,29.1688,116.252512006371));
#7441=CARTESIAN_POINT('',(254.234267427452,30.1688000000001,116.252512006371));
#7442=CARTESIAN_POINT('',(254.700504222472,29.1688,117.374855700274));
#7443=CARTESIAN_POINT('',(254.700504222472,30.1688000000001,117.374855700274));
#7444=CARTESIAN_POINT('',(254.700504222472,29.1688,117.93699934374));
#7445=CARTESIAN_POINT('',(254.700504222472,30.1688000000001,117.93699934374));
#7446=CARTESIAN_POINT('',(250.400504222473,29.1688,117.93700057574));
#7447=CARTESIAN_POINT('',(250.400504222473,30.1688000000001,117.93700057574));
#7448=CARTESIAN_POINT('',(250.40050409329,29.1688,117.373407846159));
#7449=CARTESIAN_POINT('',(250.40050409329,30.1688000000001,117.373407846159));
#7450=CARTESIAN_POINT('',(250.86601664228,29.1688,116.253236281895));
#7451=CARTESIAN_POINT('',(250.86601664228,30.1688000000001,116.253236281895));
#7452=CARTESIAN_POINT('',(251.988360496901,29.1688,115.78699934374));
#7453=CARTESIAN_POINT('',(251.988360496901,30.1688000000001,115.78699934374));
#7454=CARTESIAN_POINT('',(252.550504222472,29.1688,115.78699934374));
#7455=CARTESIAN_POINT('',(252.550504222472,30.1688000000001,115.78699934374));
#7456=CARTESIAN_POINT('',(252.550504221995,29.1688,120.08699934374));
#7457=CARTESIAN_POINT('',(252.550504221995,30.1688,120.08699934374));
#7458=CARTESIAN_POINT('',(251.980668244442,29.1688,120.086709683058));
#7459=CARTESIAN_POINT('',(251.980668244442,30.1688,120.086709683058));
#7460=CARTESIAN_POINT('',(250.869718381174,29.1688,119.616707594324));
#7461=CARTESIAN_POINT('',(250.869718381174,30.1688,119.616707594324));
#7462=CARTESIAN_POINT('',(250.400795307224,29.1688,118.50899256379));
#7463=CARTESIAN_POINT('',(250.400795307224,30.1688,118.50899256379));
#7464=CARTESIAN_POINT('',(250.400504222472,29.1688,117.93700057574));
#7465=CARTESIAN_POINT('',(250.400504222472,30.1688,117.93700057574));
#7466=CARTESIAN_POINT('',(247.55050286415,31.6688,109.67699934375));
#7467=CARTESIAN_POINT('',(421.36568,9.07408013270726,10.16));
#7468=CARTESIAN_POINT('',(421.36568,9.07408013270726,122.3518));
#7469=CARTESIAN_POINT('',(421.36568,32.4600801327072,122.3518));
#7470=CARTESIAN_POINT('',(426.434200983425,28.4938,117.283279016575));
#7471=CARTESIAN_POINT('',(421.36568,29.7003,122.3518));
#7472=CARTESIAN_POINT('',(427.422996662745,30.9068,116.294483337255));
#7473=CARTESIAN_POINT('',(427.304225747789,30.9068,122.3518));
#7474=CARTESIAN_POINT('',(427.304225747789,30.9068,116.413254252211));
#7475=CARTESIAN_POINT('',(421.36568,30.9068,116.413254252211));
#7476=CARTESIAN_POINT('',(415.427134252211,30.9068,116.413254252211));
#7477=CARTESIAN_POINT('',(415.427134252211,30.9068,122.3518));
#7478=CARTESIAN_POINT('',(427.468777521737,32.7876353827303,122.3518));
#7479=CARTESIAN_POINT('',(427.468777521737,32.7876353827303,116.248702478263));
#7480=CARTESIAN_POINT('',(421.36568,32.7876353827303,116.248702478263));
#7481=CARTESIAN_POINT('',(415.262582478263,32.7876353827303,116.248702478263));
#7482=CARTESIAN_POINT('',(415.262582478263,32.7876353827303,122.3518));
#7483=CARTESIAN_POINT('',(421.36568,27.4865801327072,122.3518));
#7484=CARTESIAN_POINT('',(414.24098,33.2513602654145,115.2271));
#7485=CARTESIAN_POINT('',(427.468777521736,32.7876353827303,122.3518));
#7486=CARTESIAN_POINT('',(427.509348191966,33.2513602654145,122.3518));
#7487=CARTESIAN_POINT('',(427.974844428367,33.2513602654145,122.3518));
#7488=CARTESIAN_POINT('',(427.468777521736,32.7876353827303,128.454897521736));
#7489=CARTESIAN_POINT('',(427.509348191966,33.2513602654145,128.495468191966));
#7490=CARTESIAN_POINT('',(427.974844428367,33.2513602654145,128.960964428367));
#7491=CARTESIAN_POINT('',(421.36568,32.7876353827303,128.454897521736));
#7492=CARTESIAN_POINT('',(421.36568,33.2513602654145,128.495468191966));
#7493=CARTESIAN_POINT('',(421.36568,33.2513602654145,128.960964428367));
#7494=CARTESIAN_POINT('',(415.262582478264,32.7876353827303,128.454897521736));
#7495=CARTESIAN_POINT('',(415.222011808034,33.2513602654145,128.495468191966));
#7496=CARTESIAN_POINT('',(414.756515571633,33.2513602654145,128.960964428367));
#7497=CARTESIAN_POINT('',(415.262582478264,32.7876353827303,122.3518));
#7498=CARTESIAN_POINT('',(415.222011808034,33.2513602654145,122.3518));
#7499=CARTESIAN_POINT('',(414.756515571633,33.2513602654145,122.3518));
#7500=CARTESIAN_POINT('',(421.36568,32.4600801327072,10.1599999999999));
#7501=CARTESIAN_POINT('',(426.434200983425,28.4938,5.09147901657505));
#7502=CARTESIAN_POINT('',(421.36568,29.7003,10.16));
#7503=CARTESIAN_POINT('',(427.422996662745,30.9068,4.10268333725509));
#7504=CARTESIAN_POINT('',(427.304225747789,30.9068,10.16));
#7505=CARTESIAN_POINT('',(427.304225747789,30.9068,4.22145425221078));
#7506=CARTESIAN_POINT('',(421.36568,30.9068,4.22145425221078));
#7507=CARTESIAN_POINT('',(415.427134252211,30.9068,4.22145425221078));
#7508=CARTESIAN_POINT('',(415.427134252211,30.9068,10.16));
#7509=CARTESIAN_POINT('',(427.468777521737,32.7876353827303,10.16));
#7510=CARTESIAN_POINT('',(427.468777521737,32.7876353827303,4.05690247826345));
#7511=CARTESIAN_POINT('',(421.36568,32.7876353827303,4.05690247826345));
#7512=CARTESIAN_POINT('',(415.262582478263,32.7876353827303,4.05690247826345));
#7513=CARTESIAN_POINT('',(415.262582478263,32.7876353827303,10.16));
#7514=CARTESIAN_POINT('',(421.36568,27.4865801327072,10.16));
#7515=CARTESIAN_POINT('',(414.24098,33.2513602654145,3.03529999999997));
#7516=CARTESIAN_POINT('',(427.468777521736,32.7876353827303,10.16));
#7517=CARTESIAN_POINT('',(427.509348191966,33.2513602654145,10.16));
#7518=CARTESIAN_POINT('',(427.974844428367,33.2513602654145,10.16));
#7519=CARTESIAN_POINT('',(427.468777521736,32.7876353827303,16.2630975217365));
#7520=CARTESIAN_POINT('',(427.509348191966,33.2513602654145,16.3036681919663));
#7521=CARTESIAN_POINT('',(427.974844428367,33.2513602654145,16.7691644283671));
#7522=CARTESIAN_POINT('',(421.36568,32.7876353827303,16.2630975217365));
#7523=CARTESIAN_POINT('',(421.36568,33.2513602654145,16.3036681919663));
#7524=CARTESIAN_POINT('',(421.36568,33.2513602654145,16.7691644283671));
#7525=CARTESIAN_POINT('',(415.262582478264,32.7876353827303,16.2630975217365));
#7526=CARTESIAN_POINT('',(415.222011808034,33.2513602654145,16.3036681919663));
#7527=CARTESIAN_POINT('',(414.756515571633,33.2513602654145,16.7691644283671));
#7528=CARTESIAN_POINT('',(415.262582478264,32.7876353827303,10.16));
#7529=CARTESIAN_POINT('',(415.222011808034,33.2513602654145,10.16));
#7530=CARTESIAN_POINT('',(414.756515571633,33.2513602654145,10.16));
#7531=CARTESIAN_POINT('',(425.19068,26.4793602654145,118.5268));
#7532=CARTESIAN_POINT('',(425.19068,26.4793602654145,6.33500000000001));
#7533=CARTESIAN_POINT('',(272.55050286415,31.6688,8.69380000000007));
#7534=CARTESIAN_POINT('',(385.083643672102,-8.33119999999997,1.19380000000007));
#7535=CARTESIAN_POINT('',(430.75136,-8.33119999999997,5.6843418860808E-14));
#7536=CARTESIAN_POINT('',(430.75136,19.6688,18.0000000000001));
#7537=CARTESIAN_POINT('',(417.034980000001,-8.33119999999988,23.3679999999999));
#7538=CARTESIAN_POINT('',(417.034980000001,5.66880000000015,24.9935999999997));
#7539=CARTESIAN_POINT('',(418.660580000001,-8.33119999999982,71.0183999999998));
#7540=CARTESIAN_POINT('',(417.034980000001,5.66880000000013,71.0184));
#7541=CARTESIAN_POINT('',(398.619980000001,-8.33119999999982,72.6439999999999));
#7542=CARTESIAN_POINT('',(398.61998,5.66880000000013,71.0183999999999));
#7543=CARTESIAN_POINT('',(396.994380000001,-8.33119999999982,24.9935990293644));
#7544=CARTESIAN_POINT('',(398.619980000001,5.66880000000013,24.9936000000004));
#7545=CARTESIAN_POINT('',(407.82748,5.66880000000003,97.6629999999999));
#7546=CARTESIAN_POINT('',(430.75136,31.6688,5.6843418860808E-14));
#7547=CARTESIAN_POINT('',(200.05050286415,0.,8.5265128291212E-14));
#7548=CARTESIAN_POINT('',(200.05050286415,0.,5.6843418860808E-14));
#7549=CARTESIAN_POINT('',(210.05050286415,20.5438,131.0118));
#7550=CARTESIAN_POINT('',(200.05050286415,25.0437999999999,131.0118));
#7551=CARTESIAN_POINT('',(210.05050286415,5.54380000000003,131.0118));
#7552=CARTESIAN_POINT('',(220.05050286415,0.,5.6843418860808E-14));
#7553=CARTESIAN_POINT('',(200.05050286415,0.,5.6843418860808E-14));
#7554=CARTESIAN_POINT('',(217.442236197483,-5.6843418860808E-14,4.69380000000007));
#7555=CARTESIAN_POINT('',(220.05050286415,28.0438,131.0118));
#7556=CARTESIAN_POINT('',(210.05050286415,20.5438,4.69380000000007));
#7557=CARTESIAN_POINT('',(200.05050286415,25.0437999999999,4.69380000000007));
#7558=CARTESIAN_POINT('',(210.05050286415,5.54380000000003,4.69380000000007));
#7559=CARTESIAN_POINT('',(200.05050286415,31.6688,124.68019869316));
#7560=CARTESIAN_POINT('',(200.05050286415,0.,132.5118));
#7561=CARTESIAN_POINT('',(220.05050286415,-8.88178419700125E-16,131.0118));
#7562=CARTESIAN_POINT('',(217.442236197483,0.,131.0118));
#7563=CARTESIAN_POINT('',(220.05050286415,28.0438,4.69380000000012));
#7564=CARTESIAN_POINT('',(365.05050286415,31.6688,131.0118));
#7565=CARTESIAN_POINT('',(367.55050286415,26.6688000000001,124.68019869316));
#7566=CARTESIAN_POINT('',(416.623088904448,19.6688,95.1630000000001));
#7567=CARTESIAN_POINT('',(395.32748,19.6688,100.163));
#7568=CARTESIAN_POINT('',(420.32748,19.6688,100.163));
#7569=CARTESIAN_POINT('',(420.32748,19.6688,95.1630000000001));
#7570=CARTESIAN_POINT('',(399.031871095552,9.66880000000003,95.1630000000001));
#7571=CARTESIAN_POINT('',(395.32748,19.6688,95.1630000000001));
#7572=CARTESIAN_POINT('',(399.031871095559,19.6688,100.163));
#7573=CARTESIAN_POINT('',(420.32748,9.66880000000003,95.1630000000001));
#7574=CARTESIAN_POINT('',(385.083643672102,-1.08119999999997,124.68019869316));
#7575=CARTESIAN_POINT('',(200.05050286415,2.8421709430404E-14,131.318));
#7576=CARTESIAN_POINT('',(200.05050286415,-1.0812,8.5265128291212E-14));
#7577=CARTESIAN_POINT('',(217.442236197484,0.,4.69380000000007));
#7578=CARTESIAN_POINT('',(430.75136,5.6843418860808E-14,1.19379999999833));
#7579=CARTESIAN_POINT('',(200.05050286415,-1.0812,6.19160130684048));
#7580=CARTESIAN_POINT('',(200.05050286415,5.31485966348555E-12,6.19160130684043));
#7581=CARTESIAN_POINT('',(275.05050286415,29.1688000000001,26.1969993494099));
#7582=CARTESIAN_POINT('',(252.55050286415,30.4188,21.19699934941));
#7583=CARTESIAN_POINT('',(267.55050286415,30.4188,21.1969993494099));
#7584=CARTESIAN_POINT('',(267.55050286415,31.6688,26.1969993494099));
#7585=CARTESIAN_POINT('',(267.550567692512,29.1688,15.0869993484831));
#7586=CARTESIAN_POINT('',(268.120403025295,29.1688,15.0866928660528));
#7587=CARTESIAN_POINT('',(269.231314144608,29.1688,14.6166649818272));
#7588=CARTESIAN_POINT('',(269.700213198976,29.1688,13.5089835289834));
#7589=CARTESIAN_POINT('',(269.700504221652,29.1688,12.9369597517837));
#7590=CARTESIAN_POINT('',(267.550567692512,30.1688,15.0869993484831));
#7591=CARTESIAN_POINT('',(268.120403025295,30.1688,15.0866928660528));
#7592=CARTESIAN_POINT('',(269.231314144608,30.1688,14.6166649818272));
#7593=CARTESIAN_POINT('',(269.700213198976,30.1688,13.5089835289834));
#7594=CARTESIAN_POINT('',(269.700504221652,30.1688,12.9369597517837));
#7595=CARTESIAN_POINT('',(265.400504223305,29.1688,12.937039239153));
#7596=CARTESIAN_POINT('',(265.400825584457,29.1688,13.5069587614411));
#7597=CARTESIAN_POINT('',(265.870873455039,29.1688,14.6178452322451));
#7598=CARTESIAN_POINT('',(266.97858508029,29.1688,15.0867254820632));
#7599=CARTESIAN_POINT('',(267.550567692512,29.1688,15.0869993484829));
#7600=CARTESIAN_POINT('',(265.400504223305,30.1688,12.937039239153));
#7601=CARTESIAN_POINT('',(265.400825584457,30.1688,13.5069587614411));
#7602=CARTESIAN_POINT('',(265.870873455039,30.1688,14.6178452322451));
#7603=CARTESIAN_POINT('',(266.97858508029,30.1688,15.0867254820632));
#7604=CARTESIAN_POINT('',(267.550567692512,30.1688,15.0869993484829));
#7605=CARTESIAN_POINT('',(267.550504222472,29.1688,10.7869993494199));
#7606=CARTESIAN_POINT('',(266.986912314227,29.1688,10.7869993494199));
#7607=CARTESIAN_POINT('',(265.866741017492,29.1688,11.2525120120598));
#7608=CARTESIAN_POINT('',(265.400504222472,29.1688,12.3748557059358));
#7609=CARTESIAN_POINT('',(265.400504223305,29.1688,12.937039239153));
#7610=CARTESIAN_POINT('',(267.550504222472,30.1688,10.7869993494199));
#7611=CARTESIAN_POINT('',(266.986912314227,30.1688,10.7869993494199));
#7612=CARTESIAN_POINT('',(265.866741017492,30.1688,11.2525120120598));
#7613=CARTESIAN_POINT('',(265.400504222472,30.1688,12.3748557059358));
#7614=CARTESIAN_POINT('',(265.400504223305,30.1688,12.937039239153));
#7615=CARTESIAN_POINT('',(269.700504221651,29.1688,12.9369597517837));
#7616=CARTESIAN_POINT('',(269.700493320164,29.1688,12.3733812070599));
#7617=CARTESIAN_POINT('',(269.234978417287,29.1688,11.2532306848557));
#7618=CARTESIAN_POINT('',(268.112647865971,29.1688,10.7869993494199));
#7619=CARTESIAN_POINT('',(267.550504222472,29.1688,10.7869993494199));
#7620=CARTESIAN_POINT('',(269.700504221651,30.1688,12.9369597517837));
#7621=CARTESIAN_POINT('',(269.700493320164,30.1688,12.3733812070599));
#7622=CARTESIAN_POINT('',(269.234978417287,30.1688,11.2532306848557));
#7623=CARTESIAN_POINT('',(268.112647865971,30.1688,10.7869993494199));
#7624=CARTESIAN_POINT('',(267.550504222472,30.1688,10.7869993494199));
#7625=CARTESIAN_POINT('',(254.700504222472,29.1688,12.9369993494199));
#7626=CARTESIAN_POINT('',(254.700504222472,29.1688,12.3734074409866));
#7627=CARTESIAN_POINT('',(254.234991559565,29.1688,11.2532361440012));
#7628=CARTESIAN_POINT('',(253.112647865144,29.1688,10.7869993491394));
#7629=CARTESIAN_POINT('',(252.550504221996,29.1688,10.7869993494199));
#7630=CARTESIAN_POINT('',(254.700504222472,30.1688,12.9369993494199));
#7631=CARTESIAN_POINT('',(254.700504222472,30.1688,12.3734074409866));
#7632=CARTESIAN_POINT('',(254.234991559565,30.1688,11.2532361440012));
#7633=CARTESIAN_POINT('',(253.112647865144,30.1688,10.7869993491394));
#7634=CARTESIAN_POINT('',(252.550504221996,30.1688,10.78699934942));
#7635=CARTESIAN_POINT('',(252.550504222472,29.1688,15.0869993494199));
#7636=CARTESIAN_POINT('',(253.114096130717,29.1688,15.0869993494199));
#7637=CARTESIAN_POINT('',(254.234267427452,29.1688,14.6214866867891));
#7638=CARTESIAN_POINT('',(254.700504222472,29.1688,13.4991429928858));
#7639=CARTESIAN_POINT('',(254.700504222472,29.1688,12.9369993494199));
#7640=CARTESIAN_POINT('',(252.550504222472,30.1688000000001,15.0869993494199));
#7641=CARTESIAN_POINT('',(253.114096130717,30.1688000000001,15.0869993494199));
#7642=CARTESIAN_POINT('',(254.234267427452,30.1688000000001,14.6214866867891));
#7643=CARTESIAN_POINT('',(254.700504222472,30.1688000000001,13.4991429928858));
#7644=CARTESIAN_POINT('',(254.700504222472,30.1688000000001,12.9369993494199));
#7645=CARTESIAN_POINT('',(250.400504222473,29.1688,12.9369981174198));
#7646=CARTESIAN_POINT('',(250.40050409329,29.1688,13.5005908470009));
#7647=CARTESIAN_POINT('',(250.86601664228,29.1688,14.6207624112648));
#7648=CARTESIAN_POINT('',(251.988360496901,29.1688,15.0869993494198));
#7649=CARTESIAN_POINT('',(252.550504222472,29.1688,15.0869993494198));
#7650=CARTESIAN_POINT('',(250.400504222473,30.1688000000001,12.9369981174198));
#7651=CARTESIAN_POINT('',(250.40050409329,30.1688000000001,13.5005908470009));
#7652=CARTESIAN_POINT('',(250.86601664228,30.1688000000001,14.6207624112648));
#7653=CARTESIAN_POINT('',(251.988360496901,30.1688000000001,15.0869993494199));
#7654=CARTESIAN_POINT('',(252.550504222472,30.1688000000001,15.0869993494199));
#7655=CARTESIAN_POINT('',(252.550504221995,29.1688,10.7869993494199));
#7656=CARTESIAN_POINT('',(251.980668244442,29.1688,10.7872890101021));
#7657=CARTESIAN_POINT('',(250.869718381175,29.1688,11.2572910988353));
#7658=CARTESIAN_POINT('',(250.400795307224,29.1688,12.3650061293701));
#7659=CARTESIAN_POINT('',(250.400504222472,29.1688,12.9369981174198));
#7660=CARTESIAN_POINT('',(252.550504221995,30.1688,10.78699934942));
#7661=CARTESIAN_POINT('',(251.980668244442,30.1688,10.7872890101021));
#7662=CARTESIAN_POINT('',(250.869718381175,30.1688,11.2572910988353));
#7663=CARTESIAN_POINT('',(250.400795307224,30.1688,12.3650061293701));
#7664=CARTESIAN_POINT('',(250.400504222472,30.1688,12.9369981174198));
#7665=CARTESIAN_POINT('',(247.55050286415,31.6688,21.1969993494099));
#7666=CARTESIAN_POINT('',(385.083643672102,29.1687999999999,18.0000000000001));
#7667=CARTESIAN_POINT('',(372.550504222472,29.1687999999999,15.0869993494199));
#7668=CARTESIAN_POINT('',(373.120340337933,29.1687999999999,15.0867096887027));
#7669=CARTESIAN_POINT('',(374.231290702571,29.1687999999999,14.6167073540431));
#7670=CARTESIAN_POINT('',(374.700213465017,29.1687999999999,13.5089913190947));
#7671=CARTESIAN_POINT('',(374.700504222471,29.1687999999999,12.937000181231));
#7672=CARTESIAN_POINT('',(372.550504222472,30.1688000000001,15.0869993494199));
#7673=CARTESIAN_POINT('',(373.120340337933,30.1688000000001,15.0867096887027));
#7674=CARTESIAN_POINT('',(374.231290702571,30.1688000000001,14.6167073540431));
#7675=CARTESIAN_POINT('',(374.700213465017,30.1688000000001,13.5089913190947));
#7676=CARTESIAN_POINT('',(374.700504222471,30.1688000000001,12.937000181231));
#7677=CARTESIAN_POINT('',(370.400504222472,29.1687999999999,12.9369981174198));
#7678=CARTESIAN_POINT('',(370.400794085795,29.1687999999999,13.5068367321494));
#7679=CARTESIAN_POINT('',(370.870796667308,29.1687999999999,14.6177855371251));
#7680=CARTESIAN_POINT('',(371.978511833476,29.1687999999999,15.0867085926195));
#7681=CARTESIAN_POINT('',(372.550504222472,29.1687999999999,15.0869993494198));
#7682=CARTESIAN_POINT('',(370.400504222472,30.1688000000001,12.9369981174198));
#7683=CARTESIAN_POINT('',(370.400794085795,30.1688000000001,13.5068367321494));
#7684=CARTESIAN_POINT('',(370.870796667308,30.1688000000001,14.6177855371251));
#7685=CARTESIAN_POINT('',(371.978511833476,30.1688000000001,15.0867085926195));
#7686=CARTESIAN_POINT('',(372.550504222472,30.1688000000001,15.0869993494199));
#7687=CARTESIAN_POINT('',(372.55050422152,29.1687999999999,10.7869993494514));
#7688=CARTESIAN_POINT('',(371.986912395578,29.1687999999999,10.7869993496378));
#7689=CARTESIAN_POINT('',(370.866741505681,29.1687999999999,11.2525117673864));
#7690=CARTESIAN_POINT('',(370.400504555683,29.1687999999999,12.3748548034914));
#7691=CARTESIAN_POINT('',(370.400504222473,29.1687999999999,12.9369981174198));
#7692=CARTESIAN_POINT('',(372.55050422152,30.1688,10.7869993494515));
#7693=CARTESIAN_POINT('',(371.986912395578,30.1688,10.7869993496378));
#7694=CARTESIAN_POINT('',(370.866741505681,30.1688,11.2525117673864));
#7695=CARTESIAN_POINT('',(370.400504555683,30.1688,12.3748548034914));
#7696=CARTESIAN_POINT('',(370.400504222473,30.1688,12.9369981174198));
#7697=CARTESIAN_POINT('',(374.700504222471,29.1687999999999,12.937000181231));
#7698=CARTESIAN_POINT('',(374.700504222472,29.1687999999999,12.3734074409867));
#7699=CARTESIAN_POINT('',(374.234991559564,29.1687999999999,11.2532361440013));
#7700=CARTESIAN_POINT('',(373.112647865144,29.1687999999999,10.7869993491395));
#7701=CARTESIAN_POINT('',(372.550504221519,29.1687999999999,10.7869993494515));
#7702=CARTESIAN_POINT('',(374.700504222471,30.1688,12.9370001812311));
#7703=CARTESIAN_POINT('',(374.700504222472,30.1688,12.3734074409867));
#7704=CARTESIAN_POINT('',(374.234991559564,30.1688,11.2532361440013));
#7705=CARTESIAN_POINT('',(373.112647865144,30.1688,10.7869993491395));
#7706=CARTESIAN_POINT('',(372.550504221519,30.1688,10.7869993494516));
#7707=CARTESIAN_POINT('',(367.55050286415,31.6688,13.0000000000001));
#7708=CARTESIAN_POINT('',(372.55050286415,30.4187999999823,13.0000000000003));
#7709=CARTESIAN_POINT('',(200.05050286415,31.6688000000002,6.19380000000007));
#7710=CARTESIAN_POINT('',(272.55050286415,29.1688000000001,104.67699934375));
#7711=CARTESIAN_POINT('',(385.083643672102,-8.33120000000005,1.19380000000007));
#7712=CARTESIAN_POINT('',(200.05050286415,31.6688,124.68019869316));
#7713=CARTESIAN_POINT('',(372.55050286415,31.6688,18.0000000000001));
#7714=CARTESIAN_POINT('',(200.05050286415,0.,131.318));
#7715=CARTESIAN_POINT('',(200.05050286415,0.,6.19160130684037));
#7716=CARTESIAN_POINT('',(272.55050286415,31.6688,128.5118));
#7717=CARTESIAN_POINT('',(247.55050286415,29.1688,122.180198693159));
#7718=CARTESIAN_POINT('',(367.55050286415,31.6688000000001,8.69380000000029));
#7719=CARTESIAN_POINT('',(247.55050286415,31.6687999999999,8.69380000000012));
#7720=CARTESIAN_POINT('',(272.55050286415,29.1688000000002,8.69380000000007));
#7721=CARTESIAN_POINT('',(275.05050286415,26.6688,131.0118));
#7722=CARTESIAN_POINT('',(365.05050286415,31.6687999999999,131.0118));
#7723=CARTESIAN_POINT('',(267.516859245423,30.1688,115.787244887342));
#7724=CARTESIAN_POINT('',(267.493256765586,31.6688,114.287441741711));
#7725=CARTESIAN_POINT('',(267.528085887414,30.1688,115.787070864931));
#7726=CARTESIAN_POINT('',(267.512627162819,31.6688,114.287136219844));
#7727=CARTESIAN_POINT('',(267.539322414343,30.1688,115.786988923382));
#7728=CARTESIAN_POINT('',(267.532000578119,31.6688,114.286988817247));
#7729=CARTESIAN_POINT('',(267.550567692512,30.1688,115.786999344677));
#7730=CARTESIAN_POINT('',(267.551374458173,31.6688,114.286999561634));
#7731=CARTESIAN_POINT('',(268.110343978288,30.1688,115.787118057245));
#7732=CARTESIAN_POINT('',(268.506105136312,31.6688000000001,114.283568843067));
#7733=CARTESIAN_POINT('',(269.238306640729,30.1688,116.252039766369));
#7734=CARTESIAN_POINT('',(270.407955626687,31.6688,115.079149656522));
#7735=CARTESIAN_POINT('',(269.69997178658,30.1688,117.374680876753));
#7736=CARTESIAN_POINT('',(271.204780814596,31.6688000000001,116.98045806856));
#7737=CARTESIAN_POINT('',(269.700504221651,30.1688,117.937038941376));
#7738=CARTESIAN_POINT('',(271.200504124447,31.6688,117.93667187911));
#7739=CARTESIAN_POINT('',(265.400504223305,30.1688,117.936959454007));
#7740=CARTESIAN_POINT('',(263.900504342536,31.6688,117.936536549632));
#7741=CARTESIAN_POINT('',(265.400643239525,30.1688000000001,117.377102178909));
#7742=CARTESIAN_POINT('',(263.897084055339,31.6688,116.981360590626));
#7743=CARTESIAN_POINT('',(265.865538662408,30.1688,116.249200811977));
#7744=CARTESIAN_POINT('',(264.692686986179,31.6688,115.079500304324));
#7745=CARTESIAN_POINT('',(266.988252814093,30.1688,115.787507163219));
#7746=CARTESIAN_POINT('',(266.594038533664,31.6688,114.28270354937));
#7747=CARTESIAN_POINT('',(267.550567692512,30.1688,115.786999344677));
#7748=CARTESIAN_POINT('',(267.549849489592,31.6688,114.286999516615));
#7749=CARTESIAN_POINT('',(267.561839296745,30.1688,115.786992547066));
#7750=CARTESIAN_POINT('',(267.569183759271,31.6688,114.286988380682));
#7751=CARTESIAN_POINT('',(267.57310437759,30.1688,115.787077108175));
#7752=CARTESIAN_POINT('',(267.588518474113,31.6688,114.287134200669));
#7753=CARTESIAN_POINT('',(267.584361820267,30.1688,115.787252835384));
#7754=CARTESIAN_POINT('',(267.60785104115,31.6688,114.287436842226));
#7755=CARTESIAN_POINT('',(267.550504222472,30.1688,120.08699934374));
#7756=CARTESIAN_POINT('',(267.550504222472,31.6688,121.58699934374));
#7757=CARTESIAN_POINT('',(267.276237125265,30.1688000000001,120.08833081482));
#7758=CARTESIAN_POINT('',(267.072431704428,31.6688,121.586989753085));
#7759=CARTESIAN_POINT('',(266.703233455166,30.1688,119.969588147333));
#7760=CARTESIAN_POINT('',(266.119073280262,31.6688,121.393181829006));
#7761=CARTESIAN_POINT('',(265.989692440997,30.1688000000001,119.497703039071));
#7762=CARTESIAN_POINT('',(264.900467064816,31.6688000000001,120.586429756328));
#7763=CARTESIAN_POINT('',(265.518887021784,30.1688000000001,118.784221832264));
#7764=CARTESIAN_POINT('',(264.094650511022,31.6688,119.367321541131));
#7765=CARTESIAN_POINT('',(265.398141079361,30.1688,118.20933388106));
#7766=CARTESIAN_POINT('',(263.900639359572,31.6688,118.414960891361));
#7767=CARTESIAN_POINT('',(265.400504223305,30.1688,117.936959454007));
#7768=CARTESIAN_POINT('',(263.900504342536,31.6688,117.936536549632));
#7769=CARTESIAN_POINT('',(269.700504221651,30.1688,117.937038941376));
#7770=CARTESIAN_POINT('',(271.200504124447,31.6688,117.93667187911));
#7771=CARTESIAN_POINT('',(269.701830523132,30.1688,118.211300054375));
#7772=CARTESIAN_POINT('',(271.200485343613,31.6688,118.415128979608));
#7773=CARTESIAN_POINT('',(269.583081670064,30.1688,118.784289170344));
#7774=CARTESIAN_POINT('',(271.006669258795,31.6688,119.368461190294));
#7775=CARTESIAN_POINT('',(269.111205898274,30.1688,119.497810349924));
#7776=CARTESIAN_POINT('',(270.199928219714,31.6688,120.587037244461));
#7777=CARTESIAN_POINT('',(268.397731850893,30.1688,119.968614935538));
#7778=CARTESIAN_POINT('',(268.980844615337,31.6688,121.392843744515));
#7779=CARTESIAN_POINT('',(267.822857801791,30.1688,120.089363052215));
#7780=CARTESIAN_POINT('',(268.028499699864,31.6688,121.586864075603));
#7781=CARTESIAN_POINT('',(267.550504222472,30.1688,120.08699934374));
#7782=CARTESIAN_POINT('',(267.550504222472,31.6688,121.58699934374));
#7783=CARTESIAN_POINT('',(254.700504222472,30.1688,117.93699934374));
#7784=CARTESIAN_POINT('',(256.200504222472,31.6688,117.93699934374));
#7785=CARTESIAN_POINT('',(254.701835899433,30.1688,118.211266266515));
#7786=CARTESIAN_POINT('',(256.200494609445,31.6688,118.415071840359));
#7787=CARTESIAN_POINT('',(254.583092254759,30.1688000000001,118.784270722063));
#7788=CARTESIAN_POINT('',(256.006686858099,31.6688000000001,119.368430409641));
#7789=CARTESIAN_POINT('',(254.111211468803,30.1688,119.497806784773));
#7790=CARTESIAN_POINT('',(255.199937981406,31.6688,120.587030793284));
#7791=CARTESIAN_POINT('',(253.397731942954,30.1688,119.96861479553));
#7792=CARTESIAN_POINT('',(253.980844591338,31.6688,121.39284376001));
#7793=CARTESIAN_POINT('',(252.822857754423,30.1688,120.089363122263));
#7794=CARTESIAN_POINT('',(253.028499710119,31.6688,121.586864068276));
#7795=CARTESIAN_POINT('',(252.550504221996,30.1688,120.08699934374));
#7796=CARTESIAN_POINT('',(252.550122979489,31.6688,121.586999246843));
#7797=CARTESIAN_POINT('',(252.550504222472,30.1688000000001,115.78699934374));
#7798=CARTESIAN_POINT('',(252.550504222472,31.6688,114.28699934374));
#7799=CARTESIAN_POINT('',(252.824771145163,30.1688,115.785667666781));
#7800=CARTESIAN_POINT('',(253.028576718958,31.6688,114.287008956767));
#7801=CARTESIAN_POINT('',(253.397775600553,30.1688000000001,115.904411311381));
#7802=CARTESIAN_POINT('',(253.981935287967,31.6688,114.48081670801));
#7803=CARTESIAN_POINT('',(254.111311663186,30.1688000000001,116.376292097128));
#7804=CARTESIAN_POINT('',(255.200535671449,31.6688,115.287565584287));
#7805=CARTESIAN_POINT('',(254.582119673939,30.1688,117.089771622612));
#7806=CARTESIAN_POINT('',(256.0063486383,31.6688,116.506658973928));
#7807=CARTESIAN_POINT('',(254.702868000851,30.1688000000001,117.664645811112));
#7808=CARTESIAN_POINT('',(256.20036894677,31.6688000000001,117.459003854948));
#7809=CARTESIAN_POINT('',(254.700504222472,30.1688,117.93699934374));
#7810=CARTESIAN_POINT('',(256.200504222472,31.6688,117.93699934374));
#7811=CARTESIAN_POINT('',(250.400504222472,30.1688,117.93700057574));
#7812=CARTESIAN_POINT('',(248.900504319588,31.6688,117.937382420016));
#7813=CARTESIAN_POINT('',(250.399172490127,30.1688000000001,117.66273323356));
#7814=CARTESIAN_POINT('',(248.900513722628,31.6688,117.458928241852));
#7815=CARTESIAN_POINT('',(250.5179160029,30.1688,117.089728400369));
#7816=CARTESIAN_POINT('',(249.094321145514,31.6688,116.505569200845));
#7817=CARTESIAN_POINT('',(250.98979670205,30.1688,116.37619213853));
#7818=CARTESIAN_POINT('',(249.901070031901,31.6688,115.286968238594));
#7819=CARTESIAN_POINT('',(251.703276391764,30.1688000000001,115.905383910533));
#7820=CARTESIAN_POINT('',(251.120163648662,31.6688,114.481154990376));
#7821=CARTESIAN_POINT('',(252.278150645911,30.1688000000001,115.78463557258));
#7822=CARTESIAN_POINT('',(252.07250866218,31.6688,114.287134617621));
#7823=CARTESIAN_POINT('',(252.550504222472,30.1688000000001,115.78699934374));
#7824=CARTESIAN_POINT('',(252.550504222472,31.6688,114.28699934374));
#7825=CARTESIAN_POINT('',(252.550504221996,30.1688,120.08699934374));
#7826=CARTESIAN_POINT('',(252.550122979489,31.6688,121.586999246843));
#7827=CARTESIAN_POINT('',(251.990720208509,30.1688,120.086892389977));
#7828=CARTESIAN_POINT('',(251.595002100821,31.6688,121.59045885105));
#7829=CARTESIAN_POINT('',(250.862741043726,30.1688,119.622013501515));
#7830=CARTESIAN_POINT('',(249.693110957418,31.6688,120.794916636624));
#7831=CARTESIAN_POINT('',(250.401036649655,30.1688,118.499333279054));
#7832=CARTESIAN_POINT('',(248.896234680895,31.6688,118.893596405896));
#7833=CARTESIAN_POINT('',(250.400504222472,30.1688,117.93700057574));
#7834=CARTESIAN_POINT('',(248.900504319588,31.6688,117.937382420016));
#7835=CARTESIAN_POINT('',(372.550948718615,30.1688000000001,15.0869995870433));
#7836=CARTESIAN_POINT('',(374.700504222471,30.1688,12.937000181231));
#7837=CARTESIAN_POINT('',(376.200504125573,31.6688,12.9373814250101));
#7838=CARTESIAN_POINT('',(374.699972109315,30.1688,13.4993322033765));
#7839=CARTESIAN_POINT('',(376.204774155544,31.6688,13.8935951902619));
#7840=CARTESIAN_POINT('',(374.238267711352,30.1688000000001,14.6220135080462));
#7841=CARTESIAN_POINT('',(375.407898192031,31.6688,15.7949161139169));
#7842=CARTESIAN_POINT('',(373.110288527177,30.1688000000001,15.0868922946619));
#7843=CARTESIAN_POINT('',(373.506006752865,31.6688000000001,16.5904588781843));
#7844=CARTESIAN_POINT('',(372.550504222472,30.1688000000001,15.0869993494199));
#7845=CARTESIAN_POINT('',(372.551266706646,31.6688,16.5869991556259));
#7846=CARTESIAN_POINT('',(372.550356651966,30.1688000000001,15.0869994455922));
#7847=CARTESIAN_POINT('',(372.551012545396,31.6688,16.5869993084711));
#7848=CARTESIAN_POINT('',(372.550209082968,30.1688000000001,15.0869995259426));
#7849=CARTESIAN_POINT('',(372.550758384048,31.6688,16.5869994340363));
#7850=CARTESIAN_POINT('',(372.550061515479,30.1688000000001,15.0869995904717));
#7851=CARTESIAN_POINT('',(372.550504222609,31.6688,16.5869995323216));
#7852=CARTESIAN_POINT('',(370.400504222473,30.1688,12.9369981174198));
#7853=CARTESIAN_POINT('',(368.900504319504,31.6688,12.9373791799342));
#7854=CARTESIAN_POINT('',(370.399159677564,30.1688000000001,12.6636851525916));
#7855=CARTESIAN_POINT('',(368.900526825744,31.6688000000001,12.4591432912456));
#7856=CARTESIAN_POINT('',(370.517998130175,30.1688,12.0906344283614));
#7857=CARTESIAN_POINT('',(369.094763369211,31.6688,11.506535142899));
#7858=CARTESIAN_POINT('',(370.99037626266,30.1688,11.375607034126));
#7859=CARTESIAN_POINT('',(369.900390226745,31.6688000000001,10.2876577906914));
#7860=CARTESIAN_POINT('',(371.70237604406,30.1688,10.9053102668725));
#7861=CARTESIAN_POINT('',(371.119184143194,31.6688000000001,9.4807010114454));
#7862=CARTESIAN_POINT('',(372.277189514305,30.1688,10.784639603255));
#7863=CARTESIAN_POINT('',(372.072303699612,31.6688000000001,9.28713646603328));
#7864=CARTESIAN_POINT('',(372.55050422152,30.1688,10.7869993494515));
#7865=CARTESIAN_POINT('',(372.550504221023,31.6688,9.28699934945146));
#7866=CARTESIAN_POINT('',(372.550504221519,30.1688,10.7869993494516));
#7867=CARTESIAN_POINT('',(372.550504220687,31.6688,9.28699934945157));
#7868=CARTESIAN_POINT('',(372.823817334155,30.1688,10.7856546444799));
#7869=CARTESIAN_POINT('',(373.028358443308,31.6688,9.2870216685555));
#7870=CARTESIAN_POINT('',(373.396868441831,30.1688,10.904492884585));
#7871=CARTESIAN_POINT('',(373.98096726443,31.6688,9.48125790010732));
#7872=CARTESIAN_POINT('',(374.11189639526,30.1688000000001,11.3768711684064));
#7873=CARTESIAN_POINT('',(375.199845496664,31.6688,10.2868849163845));
#7874=CARTESIAN_POINT('',(374.582193302054,30.1688,12.0888711542733));
#7875=CARTESIAN_POINT('',(376.006802696658,31.6688,11.5056794426383));
#7876=CARTESIAN_POINT('',(374.702863958412,30.1688000000001,12.6636850023638));
#7877=CARTESIAN_POINT('',(376.200367108556,31.6688000000001,12.4587994654783));
#7878=CARTESIAN_POINT('',(374.700504222471,30.1688,12.937000181231));
#7879=CARTESIAN_POINT('',(376.200504125573,31.6688,12.9373814250101));
#7880=CARTESIAN_POINT('',(269.700504221651,30.1688,12.9369597517837));
#7881=CARTESIAN_POINT('',(271.200504124448,31.6688,12.9373268140493));
#7882=CARTESIAN_POINT('',(269.69997178661,30.1688,13.4993178163784));
#7883=CARTESIAN_POINT('',(271.204780814546,31.6688,13.8935406246575));
#7884=CARTESIAN_POINT('',(269.238306640645,30.1688000000001,14.6219589268755));
#7885=CARTESIAN_POINT('',(270.407955626831,31.6688,15.7948490364795));
#7886=CARTESIAN_POINT('',(268.110343978316,30.1688,15.0868806358856));
#7887=CARTESIAN_POINT('',(268.506105136259,31.6688,16.5904298501483));
#7888=CARTESIAN_POINT('',(267.550567692512,30.1688,15.0869993484831));
#7889=CARTESIAN_POINT('',(267.551374458173,31.6688,16.5869991315261));
#7890=CARTESIAN_POINT('',(267.550420121918,30.1688,15.0869994490067));
#7891=CARTESIAN_POINT('',(267.551120296889,31.6688,16.58699929188));
#7892=CARTESIAN_POINT('',(267.550272552829,30.1688,15.0869995337084));
#7893=CARTESIAN_POINT('',(267.550866135506,31.6688,16.586999424954));
#7894=CARTESIAN_POINT('',(267.550124985249,30.1688,15.0869996025888));
#7895=CARTESIAN_POINT('',(267.550611974031,31.6688,16.5869995307481));
#7896=CARTESIAN_POINT('',(267.550567692512,30.1688,15.0869993484829));
#7897=CARTESIAN_POINT('',(267.549849489592,31.6688,16.5869991765445));
#7898=CARTESIAN_POINT('',(266.988252814093,30.1688,15.0864915299409));
#7899=CARTESIAN_POINT('',(266.594038533664,31.6688,16.5912951437893));
#7900=CARTESIAN_POINT('',(265.865538662409,30.1688000000001,14.6247978811827));
#7901=CARTESIAN_POINT('',(264.692686986179,31.6688000000001,15.7944983888352));
#7902=CARTESIAN_POINT('',(265.400643239525,30.1688,13.4968965142504));
#7903=CARTESIAN_POINT('',(263.897084055339,31.6688,13.8926381025336));
#7904=CARTESIAN_POINT('',(265.400504223305,30.1688,12.937039239153));
#7905=CARTESIAN_POINT('',(263.900504342536,31.6688,12.9374621435277));
#7906=CARTESIAN_POINT('',(265.400504223305,30.1688,12.937039239153));
#7907=CARTESIAN_POINT('',(263.900504342536,31.6688,12.9374621435277));
#7908=CARTESIAN_POINT('',(265.399159969973,30.1688,12.6637054723947));
#7909=CARTESIAN_POINT('',(263.90052635729,31.6688,12.4591790079682));
#7910=CARTESIAN_POINT('',(265.517996181682,30.1688,12.0906401378495));
#7911=CARTESIAN_POINT('',(264.094753519236,31.6688,11.5065545336632));
#7912=CARTESIAN_POINT('',(265.990371501137,30.1688000000001,11.3756109897215));
#7913=CARTESIAN_POINT('',(264.900383974636,31.6688000000001,10.2876614910353));
#7914=CARTESIAN_POINT('',(266.702376694992,30.1688,10.9053093063025));
#7915=CARTESIAN_POINT('',(266.119184111863,31.6688,9.48070128945176));
#7916=CARTESIAN_POINT('',(267.277189121186,30.1688,10.784640064033));
#7917=CARTESIAN_POINT('',(267.072303547598,31.6688,9.28713636076019));
#7918=CARTESIAN_POINT('',(267.550504222472,30.1688,10.7869993494199));
#7919=CARTESIAN_POINT('',(267.550504222472,31.6688,9.28699934941989));
#7920=CARTESIAN_POINT('',(267.550504222472,30.1688,10.7869993494199));
#7921=CARTESIAN_POINT('',(267.550504222472,31.6688,9.28699934941994));
#7922=CARTESIAN_POINT('',(267.823817363458,30.1688000000001,10.785654673295));
#7923=CARTESIAN_POINT('',(268.028358439912,31.6688000000001,9.28702166608544));
#7924=CARTESIAN_POINT('',(268.396868371108,30.1688,10.9044927874277));
#7925=CARTESIAN_POINT('',(268.980967286186,31.6688,9.48125790944368));
#7926=CARTESIAN_POINT('',(269.111890722293,30.1688,11.3768675044314));
#7927=CARTESIAN_POINT('',(270.199835620242,31.6688,10.2868783984346));
#7928=CARTESIAN_POINT('',(269.582182703475,30.1688,12.088852634261));
#7929=CARTESIAN_POINT('',(271.00678489731,31.6688,11.5056482789048));
#7930=CARTESIAN_POINT('',(269.702858574812,30.1688,12.6636507823075));
#7931=CARTESIAN_POINT('',(271.200357845861,31.6688,12.4587416222526));
#7932=CARTESIAN_POINT('',(269.700504221651,30.1688,12.9369597517837));
#7933=CARTESIAN_POINT('',(271.200504124448,31.6688,12.9373268140493));
#7934=CARTESIAN_POINT('',(252.550504221996,30.1688,10.78699934942));
#7935=CARTESIAN_POINT('',(252.550122979489,31.6688,9.28699944631701));
#7936=CARTESIAN_POINT('',(252.823817330751,30.1688,10.785654640162));
#7937=CARTESIAN_POINT('',(253.02835844333,31.6688,9.28702166902729));
#7938=CARTESIAN_POINT('',(253.396868454614,30.1688,10.9044929006984));
#7939=CARTESIAN_POINT('',(253.980967267289,31.6688,9.48125789706929));
#7940=CARTESIAN_POINT('',(254.111896304691,30.1688,11.3768710943454));
#7941=CARTESIAN_POINT('',(255.199845377561,31.6688000000001,10.286884846823));
#7942=CARTESIAN_POINT('',(254.582193265842,30.1688,12.0888710458018));
#7943=CARTESIAN_POINT('',(256.006802502711,31.6688,11.5056790636842));
#7944=CARTESIAN_POINT('',(254.702863971431,30.1688000000001,12.6636846055256));
#7945=CARTESIAN_POINT('',(256.20036710579,31.6688000000001,12.4587987577224));
#7946=CARTESIAN_POINT('',(254.700504222472,30.1688,12.9369993494199));
#7947=CARTESIAN_POINT('',(256.200504222472,31.6688,12.9369993494199));
#7948=CARTESIAN_POINT('',(254.700504222472,30.1688,12.9369993494199));
#7949=CARTESIAN_POINT('',(256.200504222472,31.6688,12.93699934942));
#7950=CARTESIAN_POINT('',(254.701848931588,30.1688000000001,13.2103124583723));
#7951=CARTESIAN_POINT('',(256.200481902628,31.6688000000001,13.4148535714233));
#7952=CARTESIAN_POINT('',(254.583010670869,30.1688000000001,13.7833635822118));
#7953=CARTESIAN_POINT('',(256.00624567438,31.6688,14.3674623951819));
#7954=CARTESIAN_POINT('',(254.110632477229,30.1688000000001,14.4983914319165));
#7955=CARTESIAN_POINT('',(255.200618724503,31.6688,15.5863405050284));
#7956=CARTESIAN_POINT('',(253.398632525846,30.1688000000001,14.9686883928656));
#7957=CARTESIAN_POINT('',(253.981824507801,31.6688,16.3932976297613));
#7958=CARTESIAN_POINT('',(252.823818966284,30.1688000000001,15.0893590983722));
#7959=CARTESIAN_POINT('',(253.028704814037,31.6688,16.5868622327389));
#7960=CARTESIAN_POINT('',(252.550504222472,30.1688000000001,15.0869993494199));
#7961=CARTESIAN_POINT('',(252.550504222472,31.6688,16.5869993494199));
#7962=CARTESIAN_POINT('',(252.550504222472,30.1688000000001,15.0869993494199));
#7963=CARTESIAN_POINT('',(252.550504222472,31.6688,16.5869993494199));
#7964=CARTESIAN_POINT('',(252.27719107264,30.1688000000001,15.0883440555111));
#7965=CARTESIAN_POINT('',(252.072649930218,31.6688,16.586977029954));
#7966=CARTESIAN_POINT('',(251.704139877348,30.1688,14.9695057758337));
#7967=CARTESIAN_POINT('',(251.120040971669,31.6688,16.3927407400716));
#7968=CARTESIAN_POINT('',(250.98911186825,30.1688000000001,14.4971273714622));
#7969=CARTESIAN_POINT('',(249.901162636502,31.6688000000001,15.5871135067673));
#7970=CARTESIAN_POINT('',(250.518814989234,30.1688000000001,13.7851272146551));
#7971=CARTESIAN_POINT('',(249.094205499998,31.6688000000001,14.3683187131276));
#7972=CARTESIAN_POINT('',(250.398144421065,30.1688,13.2103132845614));
#7973=CARTESIAN_POINT('',(248.900641227234,31.6688,13.4151985453652));
#7974=CARTESIAN_POINT('',(250.400504222472,30.1688,12.9369981174198));
#7975=CARTESIAN_POINT('',(248.900504319588,31.6688,12.9366162731436));
#7976=CARTESIAN_POINT('',(250.400504222472,30.1688,12.9369981174198));
#7977=CARTESIAN_POINT('',(248.900504319588,31.6688,12.9366162731436));
#7978=CARTESIAN_POINT('',(250.401036649656,30.1688000000001,12.3746654141062));
#7979=CARTESIAN_POINT('',(248.896234680895,31.6688000000001,11.9804022872639));
#7980=CARTESIAN_POINT('',(250.862741043726,30.1688000000001,11.251985191645));
#7981=CARTESIAN_POINT('',(249.693110957418,31.6688000000001,10.0790820565362));
#7982=CARTESIAN_POINT('',(251.990720208509,30.1688,10.7871063031824));
#7983=CARTESIAN_POINT('',(251.595002100821,31.6688000000001,9.28353984211043));
#7984=CARTESIAN_POINT('',(252.550504221996,30.1688,10.78699934942));
#7985=CARTESIAN_POINT('',(252.550122979489,31.6688,9.28699944631701));
#7986=CARTESIAN_POINT('',(372.550504222472,30.1688000000001,15.0869993494199));
#7987=CARTESIAN_POINT('',(372.549741738298,31.6688,16.5869991556258));
#7988=CARTESIAN_POINT('',(371.988171605709,30.1688000000001,15.0864675253677));
#7989=CARTESIAN_POINT('',(371.593909079918,31.6688000000001,16.5912693947442));
#7990=CARTESIAN_POINT('',(370.865489880218,30.1688000000001,14.6247622714312));
#7991=CARTESIAN_POINT('',(369.69258722405,31.6688000000001,15.7943936411463));
#7992=CARTESIAN_POINT('',(370.400611356351,30.1688,13.4967843009024));
#7993=CARTESIAN_POINT('',(368.897044628936,31.6688000000001,13.8925014689803));
#7994=CARTESIAN_POINT('',(370.400504222473,30.1688,12.9369981174198));
#7995=CARTESIAN_POINT('',(368.900504319504,31.6688,12.9373791799342));
#7996=CARTESIAN_POINT('',(267.551012186452,30.1688000000143,15.0869995730052));
#7997=CARTESIAN_POINT('',(430.75136,31.6688000000002,114.5118));
#7998=CARTESIAN_POINT('',(200.05050286415,31.6688000000001,104.67699934375));
#7999=CARTESIAN_POINT('',(367.550501941929,31.6688,128.5118));
#8000=CARTESIAN_POINT('',(365.797188783355,29.1688,111.807239321658));
#8001=CARTESIAN_POINT('',(372.550504221996,30.4188,117.936999343724));
#8002=CARTESIAN_POINT('',(372.556566118903,30.1688000000001,115.787007531678));
#8003=CARTESIAN_POINT('',(372.560795348599,31.6688000000001,114.287013493818));
#8004=CARTESIAN_POINT('',(374.706557930949,30.1688000000001,115.793069428585));
#8005=CARTESIAN_POINT('',(376.210781198505,31.6688000000001,114.297304620421));
#8006=CARTESIAN_POINT('',(374.700496034042,30.1688000000001,117.943061240631));
#8007=CARTESIAN_POINT('',(376.200490071902,31.6688000000001,117.947290470328));
#8008=CARTESIAN_POINT('',(374.694434137135,30.1688000000001,120.093053052677));
#8009=CARTESIAN_POINT('',(376.190198945298,31.6688000000001,121.597276320234));
#8010=CARTESIAN_POINT('',(372.544442325089,30.1688000000001,120.08699115577));
#8011=CARTESIAN_POINT('',(372.540213095392,31.6688000000001,121.58698519363));
#8012=CARTESIAN_POINT('',(421.36568,9.07408013270726,10.1600000000001));
#8013=CARTESIAN_POINT('',(421.36568,9.07408013270726,122.3518));
#8014=CARTESIAN_POINT('',(421.36568,32.4600801327072,122.3518));
#8015=CARTESIAN_POINT('',(421.36568,29.7003,122.3518));
#8016=CARTESIAN_POINT('',(415.427134252211,30.9068,122.3518));
#8017=CARTESIAN_POINT('',(415.427134252211,30.9068,128.290345747789));
#8018=CARTESIAN_POINT('',(421.36568,30.9068,128.290345747789));
#8019=CARTESIAN_POINT('',(427.304225747789,30.9068,128.290345747789));
#8020=CARTESIAN_POINT('',(427.304225747789,30.9068,122.3518));
#8021=CARTESIAN_POINT('',(415.262582478263,32.7876353827303,122.3518));
#8022=CARTESIAN_POINT('',(415.262582478263,32.7876353827303,128.454897521737));
#8023=CARTESIAN_POINT('',(421.36568,32.7876353827303,128.454897521737));
#8024=CARTESIAN_POINT('',(427.468777521737,32.7876353827303,128.454897521737));
#8025=CARTESIAN_POINT('',(427.468777521737,32.7876353827303,122.3518));
#8026=CARTESIAN_POINT('',(421.36568,27.4865801327072,122.3518));
#8027=CARTESIAN_POINT('',(415.262582478264,32.7876353827303,122.3518));
#8028=CARTESIAN_POINT('',(415.222011808034,33.2513602654145,122.3518));
#8029=CARTESIAN_POINT('',(414.756515571633,33.2513602654145,122.3518));
#8030=CARTESIAN_POINT('',(415.262582478264,32.7876353827303,116.248702478264));
#8031=CARTESIAN_POINT('',(415.222011808034,33.2513602654145,116.208131808034));
#8032=CARTESIAN_POINT('',(414.756515571633,33.2513602654145,115.742635571633));
#8033=CARTESIAN_POINT('',(421.36568,32.7876353827303,116.248702478264));
#8034=CARTESIAN_POINT('',(421.36568,33.2513602654145,116.208131808034));
#8035=CARTESIAN_POINT('',(421.36568,33.2513602654145,115.742635571633));
#8036=CARTESIAN_POINT('',(427.468777521736,32.7876353827303,116.248702478264));
#8037=CARTESIAN_POINT('',(427.509348191966,33.2513602654145,116.208131808034));
#8038=CARTESIAN_POINT('',(427.974844428367,33.2513602654145,115.742635571633));
#8039=CARTESIAN_POINT('',(427.468777521736,32.7876353827303,122.3518));
#8040=CARTESIAN_POINT('',(427.509348191966,33.2513602654145,122.3518));
#8041=CARTESIAN_POINT('',(427.974844428367,33.2513602654145,122.3518));
#8042=CARTESIAN_POINT('',(421.36568,32.4600801327072,10.1599999999999));
#8043=CARTESIAN_POINT('',(421.36568,29.7003,10.16));
#8044=CARTESIAN_POINT('',(415.427134252211,30.9068,10.16));
#8045=CARTESIAN_POINT('',(415.427134252211,30.9068,16.0985457477893));
#8046=CARTESIAN_POINT('',(421.36568,30.9068,16.0985457477893));
#8047=CARTESIAN_POINT('',(427.304225747789,30.9068,16.0985457477893));
#8048=CARTESIAN_POINT('',(427.304225747789,30.9068,10.16));
#8049=CARTESIAN_POINT('',(415.262582478263,32.7876353827303,10.16));
#8050=CARTESIAN_POINT('',(415.262582478263,32.7876353827303,16.2630975217366));
#8051=CARTESIAN_POINT('',(421.36568,32.7876353827303,16.2630975217366));
#8052=CARTESIAN_POINT('',(427.468777521737,32.7876353827303,16.2630975217366));
#8053=CARTESIAN_POINT('',(427.468777521737,32.7876353827303,10.16));
#8054=CARTESIAN_POINT('',(421.36568,27.4865801327072,10.16));
#8055=CARTESIAN_POINT('',(415.262582478264,32.7876353827303,10.16));
#8056=CARTESIAN_POINT('',(415.222011808034,33.2513602654145,10.16));
#8057=CARTESIAN_POINT('',(414.756515571633,33.2513602654145,10.16));
#8058=CARTESIAN_POINT('',(415.262582478264,32.7876353827303,4.05690247826357));
#8059=CARTESIAN_POINT('',(415.222011808034,33.2513602654145,4.01633180803373));
#8060=CARTESIAN_POINT('',(414.756515571633,33.2513602654145,3.55083557163295));
#8061=CARTESIAN_POINT('',(421.36568,32.7876353827303,4.05690247826357));
#8062=CARTESIAN_POINT('',(421.36568,33.2513602654145,4.01633180803373));
#8063=CARTESIAN_POINT('',(421.36568,33.2513602654145,3.55083557163294));
#8064=CARTESIAN_POINT('',(427.468777521736,32.7876353827303,4.05690247826357));
#8065=CARTESIAN_POINT('',(427.509348191966,33.2513602654145,4.01633180803373));
#8066=CARTESIAN_POINT('',(427.974844428367,33.2513602654145,3.55083557163294));
#8067=CARTESIAN_POINT('',(427.468777521736,32.7876353827303,10.16));
#8068=CARTESIAN_POINT('',(427.509348191966,33.2513602654145,10.16));
#8069=CARTESIAN_POINT('',(427.974844428367,33.2513602654145,10.16));
#8070=CARTESIAN_POINT('',(407.82748,5.66880000000003,97.6629999999999));
#8071=CARTESIAN_POINT('',(372.550504221996,30.4188,117.936999343724));
#8072=CARTESIAN_POINT('',(372.544442325089,30.1688000000001,120.08699115577));
#8073=CARTESIAN_POINT('',(372.540213095392,31.6688000000001,121.58698519363));
#8074=CARTESIAN_POINT('',(370.394450513043,30.1688000000001,120.080929258863));
#8075=CARTESIAN_POINT('',(368.890227245486,31.6688000000001,121.576694067027));
#8076=CARTESIAN_POINT('',(370.40051240995,30.1688000000001,117.930937446817));
#8077=CARTESIAN_POINT('',(368.90051837209,31.6688000000001,117.926708217121));
#8078=CARTESIAN_POINT('',(370.406574306857,30.1688000000001,115.780945634771));
#8079=CARTESIAN_POINT('',(368.910809498693,31.6688000000001,114.276722367214));
#8080=CARTESIAN_POINT('',(372.556566118903,30.1688000000001,115.787007531678));
#8081=CARTESIAN_POINT('',(372.560795348599,31.6688000000001,114.287013493818));
#8082=CARTESIAN_POINT('',(372.550504221996,31.6688000000001,112.936999343724));
#8083=CARTESIAN_POINT('',(385.083643672102,31.6688000000001,112.936999343724));
#8084=CARTESIAN_POINT('',(385.083643672102,29.1688,112.936999343724));
#8085=CARTESIAN_POINT('',(372.550504221996,29.1688,112.936999343724));
#8086=CARTESIAN_POINT('',(367.550504221996,31.6688,117.936999343724));
#8087=CARTESIAN_POINT('',(367.550504221996,29.1688,117.936999343724));
#8088=CARTESIAN_POINT('',(220.05050286415,0.,1.19380000000004));
#8089=CARTESIAN_POINT('',(217.442236197483,0.,1.1938000000001));
#8090=CARTESIAN_POINT('',(217.442236197484,0.,4.69380000000007));
#8091=CARTESIAN_POINT('',(220.05050286415,0.,4.69380000000004));
#8092=CARTESIAN_POINT('',(220.05050286415,0.,124.68019869316));
#8093=CARTESIAN_POINT('',(217.442236197483,2.8421709430404E-14,124.68019869316));
#8094=CARTESIAN_POINT('',(200.05050286415,1.04380000000003,4.69380000000007));
#8095=CARTESIAN_POINT('',(210.05050286415,5.5438,4.69380000000007));
#8096=CARTESIAN_POINT('',(200.05050286415,25.0438,4.69380000000007));
#8097=CARTESIAN_POINT('',(210.05050286415,20.5438,4.69380000000007));
#8098=CARTESIAN_POINT('',(220.05050286415,28.0438,4.69380000000007));
#8099=CARTESIAN_POINT('',(200.05050286415,1.04380000000006,131.0118));
#8100=CARTESIAN_POINT('',(210.05050286415,5.54380000000003,131.0118));
#8101=CARTESIAN_POINT('',(200.05050286415,25.0438000000001,131.0118));
#8102=CARTESIAN_POINT('',(210.05050286415,20.5438,131.0118));
#8103=CARTESIAN_POINT('',(220.05050286415,28.0438,131.0118));
#8104=CARTESIAN_POINT('',(200.05050286415,0.,8.5265128291212E-14));
#8105=CARTESIAN_POINT('',(200.05050286415,0.,6.19380000000007));
#8106=CARTESIAN_POINT('',(210.05050286415,5.54380000000003,1.13686837721616E-13));
#8107=CARTESIAN_POINT('',(200.05050286415,1.04380000000003,8.5265128291212E-14));
#8108=CARTESIAN_POINT('',(200.05050286415,0.,131.318));
#8109=CARTESIAN_POINT('',(430.75136,0.,5.6843418860808E-14));
#8110=CARTESIAN_POINT('',(430.75136,0.,1.19380000000007));
#8111=CARTESIAN_POINT('',(430.75136,31.6688,5.6843418860808E-14));
#8112=CARTESIAN_POINT('',(430.75136,0.,131.318));
#8113=CARTESIAN_POINT('',(430.75136,0.,132.5118));
#8114=CARTESIAN_POINT('',(430.75136,31.6688,132.5118));
#8115=CARTESIAN_POINT('',(367.55050286415,26.6688,124.68019869316));
#8116=CARTESIAN_POINT('',(272.55050286415,26.6688,124.68019869316));
#8117=CARTESIAN_POINT('',(252.55050286415,31.6688,104.67699934375));
#8118=CARTESIAN_POINT('',(267.55050286415,31.6688,104.67699934375));
#8119=CARTESIAN_POINT('',(247.55050286415,31.6688,109.67699934375));
#8120=CARTESIAN_POINT('',(272.55050286415,31.6688,109.67699934375));
#8121=CARTESIAN_POINT('',(425.11568,-8.33119999999997,10.16));
#8122=CARTESIAN_POINT('',(425.11568,26.4793602654145,10.16));
#8123=CARTESIAN_POINT('',(425.11568,-8.33119999999997,122.3518));
#8124=CARTESIAN_POINT('',(425.11568,26.4793602654145,122.3518));
#8125=CARTESIAN_POINT('',(428.35068,33.2513602654145,122.3518));
#8126=CARTESIAN_POINT('',(419.05428,28.4938,122.3518));
#8127=CARTESIAN_POINT('',(416.396541780956,28.4938,122.3518));
#8128=CARTESIAN_POINT('',(416.396541780956,30.9068,122.3518));
#8129=CARTESIAN_POINT('',(415.427134252211,30.9068,122.3518));
#8130=CARTESIAN_POINT('',(415.262582478263,32.7876353827303,122.3518));
#8131=CARTESIAN_POINT('',(427.974844428367,33.2513602654145,122.3518));
#8132=CARTESIAN_POINT('',(427.468777521736,32.7876353827303,122.3518));
#8133=CARTESIAN_POINT('',(428.35068,33.2513602654145,10.16));
#8134=CARTESIAN_POINT('',(419.05428,28.4938,10.16));
#8135=CARTESIAN_POINT('',(416.396541780956,28.4938,10.16));
#8136=CARTESIAN_POINT('',(416.396541780956,30.9068,10.16));
#8137=CARTESIAN_POINT('',(415.427134252211,30.9068,10.16));
#8138=CARTESIAN_POINT('',(415.262582478263,32.7876353827303,10.16));
#8139=CARTESIAN_POINT('',(427.974844428367,33.2513602654145,10.16));
#8140=CARTESIAN_POINT('',(427.468777521736,32.7876353827303,10.16));
#8141=CARTESIAN_POINT('',(417.03498,-8.33119999999997,23.3679999999998));
#8142=CARTESIAN_POINT('',(398.619980000001,-8.33119999999997,23.3679999999998));
#8143=CARTESIAN_POINT('',(418.660580000001,-8.33119999999997,24.9935999999998));
#8144=CARTESIAN_POINT('',(418.660580000001,-8.33119999999997,71.0183999999998));
#8145=CARTESIAN_POINT('',(417.03498,-8.33119999999997,72.6439999999998));
#8146=CARTESIAN_POINT('',(398.619980000001,-8.33119999999997,72.6439999999998));
#8147=CARTESIAN_POINT('',(396.994380000001,-8.33119999999997,71.0183999999998));
#8148=CARTESIAN_POINT('',(396.994380000001,-8.33119999999997,24.9935990293645));
#8149=CARTESIAN_POINT('',(407.827480000001,-8.33119999999997,88.5189999999998));
#8150=CARTESIAN_POINT('',(428.35068,31.6688,10.16));
#8151=CARTESIAN_POINT('',(428.35068,31.6688,122.3518));
#8152=CARTESIAN_POINT('',(419.05428,26.4793602654145,122.3518));
#8153=CARTESIAN_POINT('',(419.05428,26.4793602654145,10.16));
#8154=CARTESIAN_POINT('',(252.55050286415,31.6688,26.1969993494099));
#8155=CARTESIAN_POINT('',(247.55050286415,31.6688,21.1969993494099));
#8156=CARTESIAN_POINT('',(272.55050286415,31.6688,21.1969993494099));
#8157=CARTESIAN_POINT('',(267.55050286415,31.6688,26.1969993494099));
#8158=CARTESIAN_POINT('',(385.083643672102,0.,6.19380000000007));
#8159=CARTESIAN_POINT('',(385.083643672102,-8.33119999999997,131.318));
#8160=CARTESIAN_POINT('',(385.083643672102,-8.33119999999997,1.19380000000007));
#8161=CARTESIAN_POINT('',(430.75136,-8.33119999999997,131.318));
#8162=CARTESIAN_POINT('',(430.75136,-8.33119999999997,1.19380000000007));
#8163=CARTESIAN_POINT('',(200.05050286415,31.6688,8.5265128291212E-14));
#8164=CARTESIAN_POINT('',(200.05050286415,31.6688,132.5118));
#8165=CARTESIAN_POINT('',(200.05050286415,0.,132.5118));
#8166=CARTESIAN_POINT('',(200.05050286415,31.6688,124.68019869316));
#8167=CARTESIAN_POINT('',(200.05050286415,31.6688,6.19380000000007));
#8168=CARTESIAN_POINT('',(398.61998,19.6688,23.3679999999999));
#8169=CARTESIAN_POINT('',(417.03498,19.6688,23.3679999999999));
#8170=CARTESIAN_POINT('',(418.66058,19.6688,24.9936));
#8171=CARTESIAN_POINT('',(418.66058,19.6688,71.0184));
#8172=CARTESIAN_POINT('',(417.03498,19.6688,72.644));
#8173=CARTESIAN_POINT('',(398.61998,19.6688,72.644));
#8174=CARTESIAN_POINT('',(396.99438,19.6688,71.0183999999999));
#8175=CARTESIAN_POINT('',(396.99438,19.6688,24.9935990293646));
#8176=CARTESIAN_POINT('',(407.82748,19.6688,88.519));
#8177=CARTESIAN_POINT('',(385.083643672102,19.6688,18.0000000000001));
#8178=CARTESIAN_POINT('',(385.083643672102,19.6688,114.5118));
#8179=CARTESIAN_POINT('',(430.75136,31.6688,18.0000000000001));
#8180=CARTESIAN_POINT('',(430.75136,31.6688,114.5118));
#8181=CARTESIAN_POINT('',(430.75136,19.6688,18.0000000000001));
#8182=CARTESIAN_POINT('',(430.75136,19.6688,114.5118));
#8183=CARTESIAN_POINT('',(372.55050286415,31.6687999999999,18.0000000000001));
#8184=CARTESIAN_POINT('',(367.55050286415,31.6688,13.));
#8185=CARTESIAN_POINT('',(210.05050286415,5.54380000000003,124.68019869316));
#8186=CARTESIAN_POINT('',(220.05050286415,28.0438,124.68019869316));
#8187=CARTESIAN_POINT('',(210.05050286415,20.5438,124.68019869316));
#8188=CARTESIAN_POINT('',(200.05050286415,25.0438000000001,124.68019869316));
#8189=CARTESIAN_POINT('',(200.05050286415,1.04380000000003,124.68019869316));
#8190=CARTESIAN_POINT('',(220.05050286415,28.0438,1.13686837721616E-13));
#8191=CARTESIAN_POINT('',(210.05050286415,20.5438,1.13686837721616E-13));
#8192=CARTESIAN_POINT('',(200.05050286415,25.0438000000001,1.13686837721616E-13));
#8193=CARTESIAN_POINT('',(385.083643672102,0.,6.19160130684043));
#8194=CARTESIAN_POINT('',(200.05050286415,0.,6.19160130684043));
#8195=CARTESIAN_POINT('',(200.05050286415,0.,1.19380000000007));
#8196=CARTESIAN_POINT('',(217.442236197483,0.,5.6843418860808E-14));
#8197=CARTESIAN_POINT('',(220.05050286415,0.,5.6843418860808E-14));
#8198=CARTESIAN_POINT('',(220.05050286415,0.,131.0118));
#8199=CARTESIAN_POINT('',(217.442236197483,0.,131.0118));
#8200=CARTESIAN_POINT('',(420.32748,9.66880000000003,95.1630000000001));
#8201=CARTESIAN_POINT('',(395.32748,9.66880000000003,95.1630000000001));
#8202=CARTESIAN_POINT('',(395.32748,9.66880000000003,100.163));
#8203=CARTESIAN_POINT('',(420.32748,9.66880000000003,100.163));
#8204=CARTESIAN_POINT('',(416.623088904448,19.6688000000001,95.1630000000001));
#8205=CARTESIAN_POINT('',(416.623088904448,19.6688,100.163));
#8206=CARTESIAN_POINT('',(399.031871095552,19.6688,100.163));
#8207=CARTESIAN_POINT('',(399.031871095552,19.6688000000001,95.1630000000001));
#8208=CARTESIAN_POINT('',(420.32748,19.6688,95.1630000000001));
#8209=CARTESIAN_POINT('',(395.32748,19.6688,95.1630000000001));
#8210=CARTESIAN_POINT('',(395.32748,19.6688,100.163));
#8211=CARTESIAN_POINT('',(420.32748,19.6688,100.163));
#8212=CARTESIAN_POINT('',(399.031871095552,9.66880000000003,95.1630000000001));
#8213=CARTESIAN_POINT('',(416.623088904448,9.66880000000003,95.1630000000001));
#8214=CARTESIAN_POINT('',(399.031871095552,9.66880000000003,100.163));
#8215=CARTESIAN_POINT('',(416.623088904448,9.66880000000006,100.163));
#8216=CARTESIAN_POINT('',(200.05050286415,-1.08119999999997,124.68019869316));
#8217=CARTESIAN_POINT('',(200.05050286415,-1.08119999999997,131.318));
#8218=CARTESIAN_POINT('',(385.083643672102,-1.08119999999997,131.318));
#8219=CARTESIAN_POINT('',(385.083643672102,-1.08119999999997,124.68019869316));
#8220=CARTESIAN_POINT('',(200.05050286415,-1.0812,6.19160130684043));
#8221=CARTESIAN_POINT('',(385.083643672102,-1.0812,6.19160130684043));
#8222=CARTESIAN_POINT('',(200.05050286415,-1.0812,1.19380000000007));
#8223=CARTESIAN_POINT('',(385.083643672102,-1.0812,1.19380000000007));
#8224=CARTESIAN_POINT('',(252.55050286415,29.1688000000001,26.1969993494099));
#8225=CARTESIAN_POINT('',(247.55050286415,29.1688000000001,21.1969993494099));
#8226=CARTESIAN_POINT('',(272.55050286415,29.1688000000001,21.1969993494099));
#8227=CARTESIAN_POINT('',(267.55050286415,29.1688000000001,26.1969993494099));
#8228=CARTESIAN_POINT('',(267.550567692512,29.1688000000001,15.086999348483));
#8229=CARTESIAN_POINT('',(269.700504221652,29.1688000000001,12.9369597517837));
#8230=CARTESIAN_POINT('',(265.400504223305,29.1688000000001,12.937039239153));
#8231=CARTESIAN_POINT('',(267.550504222472,29.1688000000001,10.7869993494199));
#8232=CARTESIAN_POINT('',(254.700504222472,29.1688000000001,12.9369993494199));
#8233=CARTESIAN_POINT('',(252.550504221996,29.1688000000001,10.7869993494199));
#8234=CARTESIAN_POINT('',(252.550504222472,29.1688000000001,15.0869993494199));
#8235=CARTESIAN_POINT('',(250.400504222473,29.1688000000001,12.9369981174198));
#8236=CARTESIAN_POINT('',(385.083643672102,29.1687999999999,6.19380000000007));
#8237=CARTESIAN_POINT('',(372.550504222472,29.1687999999999,15.0869993494199));
#8238=CARTESIAN_POINT('',(374.700504222472,29.1687999999999,12.937000181231));
#8239=CARTESIAN_POINT('',(370.400504222473,29.1687999999999,12.9369981174198));
#8240=CARTESIAN_POINT('',(372.55050422152,29.1687999999999,10.7869993494515));
#8241=CARTESIAN_POINT('',(367.55050286415,29.1687999999999,13.));
#8242=CARTESIAN_POINT('',(385.083643672102,29.1687999999999,18.0000000000001));
#8243=CARTESIAN_POINT('',(372.55050286415,29.1687999999998,18.0000000000001));
#8244=CARTESIAN_POINT('',(267.55050286415,29.1688000000001,104.67699934375));
#8245=CARTESIAN_POINT('',(252.55050286415,29.1688000000001,104.67699934375));
#8246=CARTESIAN_POINT('',(247.55050286415,29.1688000000001,109.67699934375));
#8247=CARTESIAN_POINT('',(272.55050286415,29.1688000000001,109.67699934375));
#8248=CARTESIAN_POINT('',(267.550567692512,29.1688000000001,115.786999344677));
#8249=CARTESIAN_POINT('',(269.700504221652,29.1688000000001,117.937038941376));
#8250=CARTESIAN_POINT('',(265.400504223305,29.1688000000001,117.936959454007));
#8251=CARTESIAN_POINT('',(267.550504222472,29.1688000000001,120.08699934374));
#8252=CARTESIAN_POINT('',(254.700504222472,29.1688000000001,117.93699934374));
#8253=CARTESIAN_POINT('',(252.550504221996,29.1688000000001,120.08699934374));
#8254=CARTESIAN_POINT('',(252.550504222472,29.1688000000001,115.78699934374));
#8255=CARTESIAN_POINT('',(250.400504222473,29.1688000000001,117.93700057574));
#8256=CARTESIAN_POINT('',(272.55050286415,29.1688000000001,124.68019869316));
#8257=CARTESIAN_POINT('',(385.083643672102,29.1688000000001,124.68019869316));
#8258=CARTESIAN_POINT('',(367.55050286415,29.1688000000001,124.68019869316));
#8259=CARTESIAN_POINT('',(247.55050286415,31.6688,122.18019869316));
#8260=CARTESIAN_POINT('',(247.55050286415,31.6688,8.69380000000007));
#8261=CARTESIAN_POINT('',(272.55050286415,31.6688000000001,8.69380000000007));
#8262=CARTESIAN_POINT('',(365.05050286415,31.6688000000001,6.19380000000007));
#8263=CARTESIAN_POINT('',(275.05050286415,31.6688,6.19380000000007));
#8264=CARTESIAN_POINT('',(245.05050286415,31.6688,124.68019869316));
#8265=CARTESIAN_POINT('',(245.05050286415,31.6688000000001,6.19380000000007));
#8266=CARTESIAN_POINT('',(367.55050286415,31.6688000000001,8.69380000000018));
#8267=CARTESIAN_POINT('',(272.55050286415,26.6688000000001,128.5118));
#8268=CARTESIAN_POINT('',(365.05050286415,26.6688,131.0118));
#8269=CARTESIAN_POINT('',(275.05050286415,26.6688000000001,131.0118));
#8270=CARTESIAN_POINT('',(367.55050286415,26.6688000000001,128.5118));
#8271=CARTESIAN_POINT('',(365.05050286415,31.6688,131.0118));
#8272=CARTESIAN_POINT('',(275.05050286415,31.6688,131.0118));
#8273=CARTESIAN_POINT('',(247.55050286415,29.1688,8.69380000000007));
#8274=CARTESIAN_POINT('',(272.55050286415,29.1688000000001,8.69380000000007));
#8275=CARTESIAN_POINT('',(367.55050286415,29.1687999999999,8.69380000000018));
#8276=CARTESIAN_POINT('',(247.55050286415,29.1688000000001,122.18019869316));
#8277=CARTESIAN_POINT('',(367.55050286415,31.6688,128.5118));
#8278=CARTESIAN_POINT('',(272.55050286415,31.6688,128.5118));
#8279=CARTESIAN_POINT('',(245.05050286415,29.1688000000002,6.19380000000007));
#8280=CARTESIAN_POINT('',(275.05050286415,29.1687999999999,6.19380000000007));
#8281=CARTESIAN_POINT('',(365.05050286415,29.1687999999999,6.19380000000007));
#8282=CARTESIAN_POINT('',(245.05050286415,29.1688000000001,124.68019869316));
#8283=CARTESIAN_POINT('',(267.550567692512,30.1688,115.786999344677));
#8284=CARTESIAN_POINT('',(269.700504221651,30.1688,117.937038941376));
#8285=CARTESIAN_POINT('',(265.400504223305,30.1688,117.936959454007));
#8286=CARTESIAN_POINT('',(267.550504222472,30.1688,120.08699934374));
#8287=CARTESIAN_POINT('',(267.550504222472,31.6688,121.58699934374));
#8288=CARTESIAN_POINT('',(263.900504342536,31.6688,117.936536549632));
#8289=CARTESIAN_POINT('',(271.200504124447,31.6688,117.93667187911));
#8290=CARTESIAN_POINT('',(267.550611973868,31.6688,114.286999292538));
#8291=CARTESIAN_POINT('',(254.700504222472,30.1688,117.93699934374));
#8292=CARTESIAN_POINT('',(252.550504221996,30.1688,120.08699934374));
#8293=CARTESIAN_POINT('',(252.550504222472,30.1688000000001,115.78699934374));
#8294=CARTESIAN_POINT('',(250.400504222473,30.1688,117.93700057574));
#8295=CARTESIAN_POINT('',(248.900504319588,31.6688,117.937382420016));
#8296=CARTESIAN_POINT('',(252.550504222472,31.6688,114.28699934374));
#8297=CARTESIAN_POINT('',(252.550122979489,31.6688,121.586999246843));
#8298=CARTESIAN_POINT('',(256.200504222472,31.6688,117.93699934374));
#8299=CARTESIAN_POINT('',(372.550504220855,31.6688,9.28699934945151));
#8300=CARTESIAN_POINT('',(376.200504125573,31.6688,12.9373814250101));
#8301=CARTESIAN_POINT('',(368.900504319504,31.6688,12.9373791799342));
#8302=CARTESIAN_POINT('',(372.550504222578,31.6688,16.5869993746682));
#8303=CARTESIAN_POINT('',(374.700504222471,30.1688,12.937000181231));
#8304=CARTESIAN_POINT('',(372.550504222472,30.1688000000001,15.0869993494199));
#8305=CARTESIAN_POINT('',(370.400504222473,30.1688,12.9369981174198));
#8306=CARTESIAN_POINT('',(372.55050422152,30.1688,10.7869993494515));
#8307=CARTESIAN_POINT('',(267.550504222472,31.6688,9.28699934941992));
#8308=CARTESIAN_POINT('',(271.200504124448,31.6688,12.9373268140493));
#8309=CARTESIAN_POINT('',(263.900504342536,31.6688,12.9374621435277));
#8310=CARTESIAN_POINT('',(267.550611973998,31.6688,16.5869993730852));
#8311=CARTESIAN_POINT('',(269.700504221652,30.1688,12.9369597517837));
#8312=CARTESIAN_POINT('',(267.550567692512,30.1688,15.086999348483));
#8313=CARTESIAN_POINT('',(265.400504223305,30.1688,12.937039239153));
#8314=CARTESIAN_POINT('',(267.550504222472,30.1688,10.7869993494199));
#8315=CARTESIAN_POINT('',(248.900504319588,31.6688,12.9366162731436));
#8316=CARTESIAN_POINT('',(252.550122979489,31.6688,9.28699944631701));
#8317=CARTESIAN_POINT('',(252.550504222472,31.6688,16.5869993494199));
#8318=CARTESIAN_POINT('',(256.200504222472,31.6688,12.93699934942));
#8319=CARTESIAN_POINT('',(252.550504221996,30.1688,10.78699934942));
#8320=CARTESIAN_POINT('',(254.700504222472,30.1688,12.9369993494199));
#8321=CARTESIAN_POINT('',(252.550504222472,30.1688000000001,15.0869993494199));
#8322=CARTESIAN_POINT('',(250.400504222473,30.1688,12.9369981174198));
#8323=CARTESIAN_POINT('',(372.54974173834,31.6688,16.5869993132627));
#8324=CARTESIAN_POINT('',(267.549849489642,31.6688,16.5869993341909));
#8325=CARTESIAN_POINT('',(385.083643672102,29.1688,114.5118));
#8326=CARTESIAN_POINT('',(385.083643672102,31.6688000000001,114.5118));
#8327=CARTESIAN_POINT('',(372.556566118903,29.1688,115.787007531678));
#8328=CARTESIAN_POINT('',(372.560795348599,31.6688000000001,114.287013493818));
#8329=CARTESIAN_POINT('',(372.556566118903,30.1688000000001,115.787007531678));
#8330=CARTESIAN_POINT('',(417.61568,-8.33119999999997,10.16));
#8331=CARTESIAN_POINT('',(417.61568,26.4793602654145,10.16));
#8332=CARTESIAN_POINT('',(417.61568,-8.33119999999997,122.3518));
#8333=CARTESIAN_POINT('',(417.61568,26.4793602654145,122.3518));
#8334=CARTESIAN_POINT('',(414.38068,33.2513602654145,122.3518));
#8335=CARTESIAN_POINT('',(414.38068,31.6688,122.3518));
#8336=CARTESIAN_POINT('',(426.334818219044,28.4938,122.3518));
#8337=CARTESIAN_POINT('',(426.334818219044,30.9068,122.3518));
#8338=CARTESIAN_POINT('',(427.304225747789,30.9068,122.3518));
#8339=CARTESIAN_POINT('',(423.67708,26.4793602654145,122.3518));
#8340=CARTESIAN_POINT('',(423.67708,28.4938,122.3518));
#8341=CARTESIAN_POINT('',(414.756515571633,33.2513602654145,122.3518));
#8342=CARTESIAN_POINT('',(414.38068,33.2513602654145,10.16));
#8343=CARTESIAN_POINT('',(414.38068,31.6688,10.16));
#8344=CARTESIAN_POINT('',(426.334818219044,28.4938,10.16));
#8345=CARTESIAN_POINT('',(426.334818219044,30.9068,10.16));
#8346=CARTESIAN_POINT('',(427.304225747789,30.9068,10.16));
#8347=CARTESIAN_POINT('',(423.67708,26.4793602654145,10.16));
#8348=CARTESIAN_POINT('',(423.67708,28.4938,10.16));
#8349=CARTESIAN_POINT('',(414.756515571633,33.2513602654145,10.16));
#8350=CARTESIAN_POINT('',(407.82748,-8.33119999999997,106.807));
#8351=CARTESIAN_POINT('',(407.827479999999,19.6688000000001,106.807));
#8352=CARTESIAN_POINT('',(372.544442325089,30.1688000000001,120.08699115577));
#8353=CARTESIAN_POINT('',(372.544442325089,29.1688,120.08699115577));
#8354=CARTESIAN_POINT('',(372.540213095392,31.6688000000001,121.58698519363));
#8355=CARTESIAN_POINT('',(372.550504221996,31.6688000000001,112.936999343724));
#8356=CARTESIAN_POINT('',(385.083643672102,31.6688000000001,112.936999343724));
#8357=CARTESIAN_POINT('',(385.083643672102,31.6688000000001,112.936999343724));
#8358=CARTESIAN_POINT('',(385.083643672102,29.1688,112.936999343724));
#8359=CARTESIAN_POINT('',(372.550504221996,29.1688,112.936999343724));
#8360=CARTESIAN_POINT('',(385.083643672102,29.1688,112.936999343724));
#8361=CARTESIAN_POINT('',(372.550504221996,31.6688000000001,112.936999343724));
#8362=CARTESIAN_POINT('',(372.550504221996,29.1688,112.936999343724));
#8363=CARTESIAN_POINT('',(385.083643672102,31.6688000000001,112.936999343724));
#8364=CARTESIAN_POINT('',(385.083643672102,31.6688000000001,114.5118));
#8365=CARTESIAN_POINT('',(385.083643672102,29.1688,112.936999343724));
#8366=CARTESIAN_POINT('',(385.083643672102,29.1688,114.5118));
#8367=CARTESIAN_POINT('',(367.550504221996,31.6688,117.936999343724));
#8368=CARTESIAN_POINT('',(367.550504221996,29.1688,117.936999343724));
#8369=CARTESIAN_POINT('',(372.550504221996,31.6688000000001,117.936999343724));
#8370=CARTESIAN_POINT('',(367.550504221996,31.6688,117.936999343724));
#8371=CARTESIAN_POINT('',(372.550504221996,31.6688000000001,112.936999343724));
#8372=CARTESIAN_POINT('',(372.550504221996,29.1688,117.936999343724));
#8373=CARTESIAN_POINT('',(367.550504221996,29.1688,117.936999343724));
#8374=CARTESIAN_POINT('',(372.550504221996,29.1688,112.936999343724));
#8375=CARTESIAN_POINT('',(217.442236197484,0.,4.69380000000007));
#8376=CARTESIAN_POINT('',(217.442236197483,0.,1.1938000000001));
#8377=CARTESIAN_POINT('',(217.442236197484,0.,4.69380000000007));
#8378=CARTESIAN_POINT('',(220.05050286415,0.,4.69380000000004));
#8379=CARTESIAN_POINT('',(220.05050286415,0.,4.69380000000004));
#8380=CARTESIAN_POINT('',(220.05050286415,0.,1.19380000000004));
#8381=CARTESIAN_POINT('',(217.442236197483,2.8421709430404E-14,124.68019869316));
#8382=CARTESIAN_POINT('',(220.05050286415,0.,124.68019869316));
#8383=CARTESIAN_POINT('',(210.05050286415,5.5438,4.69380000000007));
#8384=CARTESIAN_POINT('',(200.05050286415,1.04380000000003,4.69380000000007));
#8385=CARTESIAN_POINT('',(200.05050286415,1.04380000000003,4.69380000000007));
#8386=CARTESIAN_POINT('',(200.05050286415,25.0438,4.69380000000007));
#8387=CARTESIAN_POINT('',(200.05050286415,25.0438,4.69380000000007));
#8388=CARTESIAN_POINT('',(210.05050286415,20.5438,4.69380000000007));
#8389=CARTESIAN_POINT('',(210.05050286415,20.5438,4.69380000000007));
#8390=CARTESIAN_POINT('',(220.05050286415,28.0438,4.69380000000007));
#8391=CARTESIAN_POINT('',(220.05050286415,28.0438,4.69380000000007));
#8392=CARTESIAN_POINT('',(220.05050286415,0.,4.69380000000004));
#8393=CARTESIAN_POINT('',(210.05050286415,5.54380000000003,131.0118));
#8394=CARTESIAN_POINT('',(200.05050286415,1.04380000000006,131.0118));
#8395=CARTESIAN_POINT('',(200.05050286415,1.04380000000006,131.0118));
#8396=CARTESIAN_POINT('',(200.05050286415,25.0438000000001,131.0118));
#8397=CARTESIAN_POINT('',(200.05050286415,25.0438000000001,131.0118));
#8398=CARTESIAN_POINT('',(210.05050286415,20.5438,131.0118));
#8399=CARTESIAN_POINT('',(210.05050286415,20.5438,131.0118));
#8400=CARTESIAN_POINT('',(220.05050286415,28.0438,131.0118));
#8401=CARTESIAN_POINT('',(220.05050286415,28.0438,131.0118));
#8402=CARTESIAN_POINT('',(220.05050286415,0.,131.0118));
#8403=CARTESIAN_POINT('',(200.05050286415,0.,8.5265128291212E-14));
#8404=CARTESIAN_POINT('',(200.05050286415,1.04380000000003,8.5265128291212E-14));
#8405=CARTESIAN_POINT('',(200.05050286415,0.,6.19380000000007));
#8406=CARTESIAN_POINT('',(200.05050286415,0.,6.19160130684043));
#8407=CARTESIAN_POINT('',(200.05050286415,1.04380000000003,8.5265128291212E-14));
#8408=CARTESIAN_POINT('',(210.05050286415,5.54380000000003,1.13686837721616E-13));
#8409=CARTESIAN_POINT('',(430.75136,0.,5.6843418860808E-14));
#8410=CARTESIAN_POINT('',(430.75136,0.,1.19380000000007));
#8411=CARTESIAN_POINT('',(430.75136,0.,5.6843418860808E-14));
#8412=CARTESIAN_POINT('',(430.75136,31.6688,5.6843418860808E-14));
#8413=CARTESIAN_POINT('',(430.75136,31.6688,5.6843418860808E-14));
#8414=CARTESIAN_POINT('',(200.05050286415,31.6688,8.5265128291212E-14));
#8415=CARTESIAN_POINT('',(430.75136,0.,131.318));
#8416=CARTESIAN_POINT('',(430.75136,0.,132.5118));
#8417=CARTESIAN_POINT('',(430.75136,0.,132.5118));
#8418=CARTESIAN_POINT('',(430.75136,31.6688,132.5118));
#8419=CARTESIAN_POINT('',(430.75136,31.6688,132.5118));
#8420=CARTESIAN_POINT('',(200.05050286415,31.6688,132.5118));
#8421=CARTESIAN_POINT('',(252.55050286415,31.6688,109.67699934375));
#8422=CARTESIAN_POINT('',(252.55050286415,31.6688,104.67699934375));
#8423=CARTESIAN_POINT('',(247.55050286415,31.6688,109.67699934375));
#8424=CARTESIAN_POINT('',(247.55050286415,31.6688,109.67699934375));
#8425=CARTESIAN_POINT('',(247.55050286415,29.1688000000001,109.67699934375));
#8426=CARTESIAN_POINT('',(272.55050286415,31.6688,109.67699934375));
#8427=CARTESIAN_POINT('',(272.55050286415,29.1688000000001,109.67699934375));
#8428=CARTESIAN_POINT('',(267.55050286415,31.6688,109.67699934375));
#8429=CARTESIAN_POINT('',(272.55050286415,31.6688,109.67699934375));
#8430=CARTESIAN_POINT('',(267.55050286415,31.6688,104.67699934375));
#8431=CARTESIAN_POINT('',(265.400504223305,30.1688,117.936959454007));
#8432=CARTESIAN_POINT('',(265.400825584457,30.1688,117.367039931719));
#8433=CARTESIAN_POINT('',(265.870873455039,30.1688,116.256153460915));
#8434=CARTESIAN_POINT('',(266.97858508029,30.1688,115.787273211096));
#8435=CARTESIAN_POINT('',(267.550567692512,30.1688,115.786999344677));
#8436=CARTESIAN_POINT('',(267.550567692512,30.1688,115.786999344677));
#8437=CARTESIAN_POINT('',(268.120403025295,30.1688,115.787305827107));
#8438=CARTESIAN_POINT('',(269.231314144608,30.1688,116.257333711333));
#8439=CARTESIAN_POINT('',(269.700213198976,30.1688,117.365015164176));
#8440=CARTESIAN_POINT('',(269.700504221651,30.1688,117.937038941376));
#8441=CARTESIAN_POINT('',(267.550504222472,30.1688,120.08699934374));
#8442=CARTESIAN_POINT('',(266.986912314227,30.1688,120.08699934374));
#8443=CARTESIAN_POINT('',(265.866741017492,30.1688,119.6214866811));
#8444=CARTESIAN_POINT('',(265.400504222472,30.1688,118.499142987224));
#8445=CARTESIAN_POINT('',(265.400504223305,30.1688,117.936959454007));
#8446=CARTESIAN_POINT('',(269.700504221651,30.1688,117.937038941376));
#8447=CARTESIAN_POINT('',(269.700493320164,30.1688,118.5006174861));
#8448=CARTESIAN_POINT('',(269.234978417287,30.1688,119.620768008304));
#8449=CARTESIAN_POINT('',(268.112647865971,30.1688,120.08699934374));
#8450=CARTESIAN_POINT('',(267.550504222472,30.1688,120.08699934374));
#8451=CARTESIAN_POINT('',(267.550567692512,30.1688,115.786999344677));
#8452=CARTESIAN_POINT('',(267.550567692512,29.1688000000001,115.786999344677));
#8453=CARTESIAN_POINT('',(265.400504223305,30.1688,117.936959454007));
#8454=CARTESIAN_POINT('',(265.400504223305,29.1688000000001,117.936959454007));
#8455=CARTESIAN_POINT('',(267.550504222472,30.1688,120.08699934374));
#8456=CARTESIAN_POINT('',(267.550504222472,29.1688000000001,120.08699934374));
#8457=CARTESIAN_POINT('',(254.700504222472,30.1688,117.93699934374));
#8458=CARTESIAN_POINT('',(254.700504222472,30.1688,118.500591252173));
#8459=CARTESIAN_POINT('',(254.234991559565,30.1688,119.620762549158));
#8460=CARTESIAN_POINT('',(253.112647865144,30.1688,120.08699934402));
#8461=CARTESIAN_POINT('',(252.550504221996,30.1688,120.08699934374));
#8462=CARTESIAN_POINT('',(252.550504222472,30.1688000000001,115.78699934374));
#8463=CARTESIAN_POINT('',(253.114096130717,30.1688000000001,115.78699934374));
#8464=CARTESIAN_POINT('',(254.234267427452,30.1688000000001,116.252512006371));
#8465=CARTESIAN_POINT('',(254.700504222472,30.1688,117.374855700274));
#8466=CARTESIAN_POINT('',(254.700504222472,30.1688,117.93699934374));
#8467=CARTESIAN_POINT('',(252.550504221996,30.1688,120.08699934374));
#8468=CARTESIAN_POINT('',(251.980668244442,30.1688,120.086709683058));
#8469=CARTESIAN_POINT('',(250.869718381175,30.1688,119.616707594324));
#8470=CARTESIAN_POINT('',(250.400795307225,30.1688,118.50899256379));
#8471=CARTESIAN_POINT('',(250.400504222473,30.1688,117.93700057574));
#8472=CARTESIAN_POINT('',(250.400504222473,30.1688,117.93700057574));
#8473=CARTESIAN_POINT('',(250.40050409329,30.1688,117.373407846159));
#8474=CARTESIAN_POINT('',(250.86601664228,30.1688000000001,116.253236281895));
#8475=CARTESIAN_POINT('',(251.988360496901,30.1688000000001,115.78699934374));
#8476=CARTESIAN_POINT('',(252.550504222472,30.1688000000001,115.78699934374));
#8477=CARTESIAN_POINT('',(254.700504222472,30.1688,117.93699934374));
#8478=CARTESIAN_POINT('',(254.700504222472,29.1688000000001,117.93699934374));
#8479=CARTESIAN_POINT('',(252.550504222472,30.1688000000001,115.78699934374));
#8480=CARTESIAN_POINT('',(252.550504222472,29.1688000000001,115.78699934374));
#8481=CARTESIAN_POINT('',(250.400504222473,30.1688,117.93700057574));
#8482=CARTESIAN_POINT('',(250.400504222473,29.1688000000001,117.93700057574));
#8483=CARTESIAN_POINT('',(272.55050286415,26.6688,124.68019869316));
#8484=CARTESIAN_POINT('',(272.55050286415,29.1688000000001,124.68019869316));
#8485=CARTESIAN_POINT('',(252.55050286415,31.6688,104.67699934375));
#8486=CARTESIAN_POINT('',(252.55050286415,29.1688000000001,104.67699934375));
#8487=CARTESIAN_POINT('',(267.55050286415,31.6688,104.67699934375));
#8488=CARTESIAN_POINT('',(267.55050286415,29.1688000000001,104.67699934375));
#8489=CARTESIAN_POINT('',(247.55050286415,31.6688,109.67699934375));
#8490=CARTESIAN_POINT('',(247.55050286415,31.6688,122.18019869316));
#8491=CARTESIAN_POINT('',(267.55050286415,31.6688,104.67699934375));
#8492=CARTESIAN_POINT('',(252.55050286415,31.6688,104.67699934375));
#8493=CARTESIAN_POINT('',(374.700504222471,30.1688,12.937000181231));
#8494=CARTESIAN_POINT('',(374.700213465017,30.1688,13.5089913190947));
#8495=CARTESIAN_POINT('',(374.231290702571,30.1688,14.6167073540431));
#8496=CARTESIAN_POINT('',(373.120340337933,30.1688000000001,15.0867096887027));
#8497=CARTESIAN_POINT('',(372.550504222472,30.1688000000001,15.0869993494199));
#8498=CARTESIAN_POINT('',(372.550504222472,30.1688000000001,15.0869993494199));
#8499=CARTESIAN_POINT('',(371.978511833477,30.1688000000001,15.0867085926195));
#8500=CARTESIAN_POINT('',(370.870796667308,30.1688000000001,14.6177855371251));
#8501=CARTESIAN_POINT('',(370.400794085795,30.1688,13.5068367321494));
#8502=CARTESIAN_POINT('',(370.400504222473,30.1688,12.9369981174198));
#8503=CARTESIAN_POINT('',(372.55050422152,30.1688,10.7869993494515));
#8504=CARTESIAN_POINT('',(373.112647865144,30.1688,10.7869993491394));
#8505=CARTESIAN_POINT('',(374.234991559565,30.1688,11.2532361440013));
#8506=CARTESIAN_POINT('',(374.700504222472,30.1688,12.3734074409867));
#8507=CARTESIAN_POINT('',(374.700504222471,30.1688,12.937000181231));
#8508=CARTESIAN_POINT('',(370.400504222473,30.1688,12.9369981174198));
#8509=CARTESIAN_POINT('',(370.400504555683,30.1688,12.3748548034914));
#8510=CARTESIAN_POINT('',(370.866741505681,30.1688,11.2525117673865));
#8511=CARTESIAN_POINT('',(371.986912395578,30.1688,10.7869993496379));
#8512=CARTESIAN_POINT('',(372.55050422152,30.1688,10.7869993494515));
#8513=CARTESIAN_POINT('',(372.550504222472,30.1688000000001,15.0869993494199));
#8514=CARTESIAN_POINT('',(372.550504222472,29.1687999999999,15.0869993494199));
#8515=CARTESIAN_POINT('',(370.400504222473,30.1688,12.9369981174198));
#8516=CARTESIAN_POINT('',(370.400504222473,29.1687999999999,12.9369981174198));
#8517=CARTESIAN_POINT('',(372.55050422152,30.1688,10.7869993494515));
#8518=CARTESIAN_POINT('',(372.55050422152,29.1687999999999,10.7869993494515));
#8519=CARTESIAN_POINT('',(421.36568,-8.33119999999997,10.1600000000001));
#8520=CARTESIAN_POINT('',(425.11568,-8.33119999999997,10.16));
#8521=CARTESIAN_POINT('',(417.61568,-8.33119999999997,10.16));
#8522=CARTESIAN_POINT('',(421.36568,26.4793602654145,10.1600000000001));
#8523=CARTESIAN_POINT('',(425.11568,26.4793602654145,10.16));
#8524=CARTESIAN_POINT('',(417.61568,26.4793602654145,10.16));
#8525=CARTESIAN_POINT('',(425.11568,-8.33119999999997,10.16));
#8526=CARTESIAN_POINT('',(425.11568,26.4793602654145,10.16));
#8527=CARTESIAN_POINT('',(421.36568,-8.33119999999997,122.3518));
#8528=CARTESIAN_POINT('',(425.11568,-8.33119999999997,122.3518));
#8529=CARTESIAN_POINT('',(417.61568,-8.33119999999997,122.3518));
#8530=CARTESIAN_POINT('',(421.36568,26.4793602654145,122.3518));
#8531=CARTESIAN_POINT('',(425.11568,26.4793602654145,122.3518));
#8532=CARTESIAN_POINT('',(417.61568,26.4793602654145,122.3518));
#8533=CARTESIAN_POINT('',(425.11568,-8.33119999999997,122.3518));
#8534=CARTESIAN_POINT('',(425.11568,26.4793602654145,122.3518));
#8535=CARTESIAN_POINT('',(428.35068,33.2513602654145,122.3518));
#8536=CARTESIAN_POINT('',(428.35068,31.6688,122.3518));
#8537=CARTESIAN_POINT('',(421.36568,30.9068,122.3518));
#8538=CARTESIAN_POINT('',(416.396541780956,30.9068,122.3518));
#8539=CARTESIAN_POINT('',(426.334818219044,30.9068,122.3518));
#8540=CARTESIAN_POINT('',(421.36568,28.4938,122.3518));
#8541=CARTESIAN_POINT('',(416.396541780956,28.4938,122.3518));
#8542=CARTESIAN_POINT('',(426.334818219044,28.4938,122.3518));
#8543=CARTESIAN_POINT('',(416.396541780956,28.4938,122.3518));
#8544=CARTESIAN_POINT('',(416.396541780956,30.9068,122.3518));
#8545=CARTESIAN_POINT('',(421.36568,30.9068,122.3518));
#8546=CARTESIAN_POINT('',(415.427134252211,30.9068,122.3518));
#8547=CARTESIAN_POINT('',(427.304225747789,30.9068,122.3518));
#8548=CARTESIAN_POINT('',(415.427134252211,30.9068,122.3518));
#8549=CARTESIAN_POINT('',(415.262582478263,32.7876353827303,122.3518));
#8550=CARTESIAN_POINT('',(421.36568,28.4938,122.3518));
#8551=CARTESIAN_POINT('',(419.05428,28.4938,122.3518));
#8552=CARTESIAN_POINT('',(423.67708,28.4938,122.3518));
#8553=CARTESIAN_POINT('',(421.36568,32.7876353827303,122.3518));
#8554=CARTESIAN_POINT('',(427.468777521736,32.7876353827303,122.3518));
#8555=CARTESIAN_POINT('',(415.262582478264,32.7876353827303,122.3518));
#8556=CARTESIAN_POINT('',(421.36568,33.2513602654145,122.3518));
#8557=CARTESIAN_POINT('',(427.974844428367,33.2513602654145,122.3518));
#8558=CARTESIAN_POINT('',(414.756515571633,33.2513602654145,122.3518));
#8559=CARTESIAN_POINT('',(427.974844428367,32.7433602654144,122.3518));
#8560=CARTESIAN_POINT('',(427.468777521736,32.7876353827303,122.3518));
#8561=CARTESIAN_POINT('',(427.974844428367,33.2513602654145,122.3518));
#8562=CARTESIAN_POINT('',(421.36568,32.7876353827303,122.3518));
#8563=CARTESIAN_POINT('',(415.262582478263,32.7876353827303,122.3518));
#8564=CARTESIAN_POINT('',(427.468777521737,32.7876353827303,122.3518));
#8565=CARTESIAN_POINT('',(428.35068,33.2513602654145,10.16));
#8566=CARTESIAN_POINT('',(428.35068,31.6688,10.16));
#8567=CARTESIAN_POINT('',(421.36568,30.9068,10.1600000000001));
#8568=CARTESIAN_POINT('',(416.396541780956,30.9068,10.16));
#8569=CARTESIAN_POINT('',(426.334818219044,30.9068,10.16));
#8570=CARTESIAN_POINT('',(421.36568,28.4938,10.16));
#8571=CARTESIAN_POINT('',(416.396541780956,28.4938,10.16));
#8572=CARTESIAN_POINT('',(426.334818219044,28.4938,10.16));
#8573=CARTESIAN_POINT('',(416.396541780956,28.4938,10.16));
#8574=CARTESIAN_POINT('',(416.396541780956,30.9068,10.16));
#8575=CARTESIAN_POINT('',(421.36568,30.9068,10.16));
#8576=CARTESIAN_POINT('',(415.427134252211,30.9068,10.16));
#8577=CARTESIAN_POINT('',(427.304225747789,30.9068,10.16));
#8578=CARTESIAN_POINT('',(415.427134252211,30.9068,10.16));
#8579=CARTESIAN_POINT('',(415.262582478263,32.7876353827303,10.16));
#8580=CARTESIAN_POINT('',(421.36568,28.4938,10.1600000000001));
#8581=CARTESIAN_POINT('',(419.05428,28.4938,10.16));
#8582=CARTESIAN_POINT('',(423.67708,28.4938,10.16));
#8583=CARTESIAN_POINT('',(421.36568,32.7876353827303,10.16));
#8584=CARTESIAN_POINT('',(427.468777521736,32.7876353827303,10.16));
#8585=CARTESIAN_POINT('',(415.262582478263,32.7876353827303,10.16));
#8586=CARTESIAN_POINT('',(421.36568,33.2513602654145,10.1600000000001));
#8587=CARTESIAN_POINT('',(427.974844428367,33.2513602654145,10.16));
#8588=CARTESIAN_POINT('',(414.756515571633,33.2513602654145,10.16));
#8589=CARTESIAN_POINT('',(427.974844428367,32.7433602654144,10.16));
#8590=CARTESIAN_POINT('',(427.468777521736,32.7876353827303,10.16));
#8591=CARTESIAN_POINT('',(427.974844428367,33.2513602654145,10.16));
#8592=CARTESIAN_POINT('',(421.36568,32.7876353827303,10.1600000000001));
#8593=CARTESIAN_POINT('',(415.262582478263,32.7876353827303,10.16));
#8594=CARTESIAN_POINT('',(427.468777521737,32.7876353827303,10.16));
#8595=CARTESIAN_POINT('',(417.03498,-8.33119999999997,23.3679999999998));
#8596=CARTESIAN_POINT('',(398.619980000001,-8.33119999999997,23.3679999999998));
#8597=CARTESIAN_POINT('',(417.034980000001,-8.33119999999993,24.9935999999996));
#8598=CARTESIAN_POINT('',(418.660580000001,-8.33119999999997,24.9935999999998));
#8599=CARTESIAN_POINT('',(417.03498,-8.33119999999997,23.3679999999998));
#8600=CARTESIAN_POINT('',(418.660580000001,-8.33119999999997,71.0183999999998));
#8601=CARTESIAN_POINT('',(418.660580000001,-8.33119999999997,24.9935999999998));
#8602=CARTESIAN_POINT('',(417.03498,-8.33119999999998,71.0183999999996));
#8603=CARTESIAN_POINT('',(417.03498,-8.33119999999997,72.6439999999998));
#8604=CARTESIAN_POINT('',(418.66058,-8.33119999999997,71.0183999999998));
#8605=CARTESIAN_POINT('',(398.619980000001,-8.33119999999997,72.6439999999998));
#8606=CARTESIAN_POINT('',(417.03498,-8.33119999999997,72.6439999999998));
#8607=CARTESIAN_POINT('',(398.619980000001,-8.33119999999995,71.0183999999999));
#8608=CARTESIAN_POINT('',(396.994380000001,-8.33119999999997,71.0183999999998));
#8609=CARTESIAN_POINT('',(398.619980000001,-8.33119999999997,72.6439999999998));
#8610=CARTESIAN_POINT('',(396.994380000001,-8.33119999999997,24.9935990293645));
#8611=CARTESIAN_POINT('',(396.994380000001,-8.33119999999997,71.0183999999998));
#8612=CARTESIAN_POINT('',(398.619980000001,-8.33119999999992,24.9936000000002));
#8613=CARTESIAN_POINT('',(398.619980000001,-8.33119999999997,23.3679999999998));
#8614=CARTESIAN_POINT('',(396.994380000001,-8.33119999999997,24.9935990293645));
#8615=CARTESIAN_POINT('',(398.619980000001,-8.33119999999997,23.3679999999998));
#8616=CARTESIAN_POINT('',(398.61998,19.6688,23.3679999999999));
#8617=CARTESIAN_POINT('',(407.82748,-8.33119999999997,97.6629999999998));
#8618=CARTESIAN_POINT('',(407.82748,-8.33119999999997,88.5189999999998));
#8619=CARTESIAN_POINT('',(407.82748,-8.33119999999997,106.807));
#8620=CARTESIAN_POINT('',(407.827480000001,-8.33119999999997,88.5189999999998));
#8621=CARTESIAN_POINT('',(407.82748,19.6688,88.519));
#8622=CARTESIAN_POINT('',(421.36568,31.6688,10.1599999999999));
#8623=CARTESIAN_POINT('',(428.35068,31.6688,10.16));
#8624=CARTESIAN_POINT('',(414.38068,31.6688,10.16));
#8625=CARTESIAN_POINT('',(421.36568,33.2513602654145,10.16));
#8626=CARTESIAN_POINT('',(428.35068,33.2513602654145,10.16));
#8627=CARTESIAN_POINT('',(414.38068,33.2513602654145,10.16));
#8628=CARTESIAN_POINT('',(421.36568,31.6688,122.3518));
#8629=CARTESIAN_POINT('',(428.35068,31.6688,122.3518));
#8630=CARTESIAN_POINT('',(414.38068,31.6688,122.3518));
#8631=CARTESIAN_POINT('',(421.36568,33.2513602654145,122.3518));
#8632=CARTESIAN_POINT('',(428.35068,33.2513602654145,122.3518));
#8633=CARTESIAN_POINT('',(414.38068,33.2513602654145,122.3518));
#8634=CARTESIAN_POINT('',(421.36568,26.4793602654145,122.3518));
#8635=CARTESIAN_POINT('',(419.05428,26.4793602654145,122.3518));
#8636=CARTESIAN_POINT('',(423.67708,26.4793602654145,122.3518));
#8637=CARTESIAN_POINT('',(419.05428,26.4793602654145,122.3518));
#8638=CARTESIAN_POINT('',(419.05428,28.4938,122.3518));
#8639=CARTESIAN_POINT('',(421.36568,26.4793602654145,10.1600000000001));
#8640=CARTESIAN_POINT('',(419.05428,26.4793602654145,10.16));
#8641=CARTESIAN_POINT('',(423.67708,26.4793602654145,10.16));
#8642=CARTESIAN_POINT('',(419.05428,26.4793602654145,10.16));
#8643=CARTESIAN_POINT('',(419.05428,28.4938,10.16));
#8644=CARTESIAN_POINT('',(252.55050286415,31.6688,21.19699934941));
#8645=CARTESIAN_POINT('',(252.55050286415,31.6688,26.1969993494099));
#8646=CARTESIAN_POINT('',(247.55050286415,31.6688,21.1969993494099));
#8647=CARTESIAN_POINT('',(247.55050286415,31.6688,21.1969993494099));
#8648=CARTESIAN_POINT('',(247.55050286415,29.1688000000001,21.1969993494099));
#8649=CARTESIAN_POINT('',(252.55050286415,31.6688,26.1969993494099));
#8650=CARTESIAN_POINT('',(252.55050286415,29.1688000000001,26.1969993494099));
#8651=CARTESIAN_POINT('',(272.55050286415,31.6688,21.1969993494099));
#8652=CARTESIAN_POINT('',(272.55050286415,29.1688000000001,21.1969993494099));
#8653=CARTESIAN_POINT('',(267.55050286415,31.6688,21.1969993494099));
#8654=CARTESIAN_POINT('',(272.55050286415,31.6688,21.1969993494099));
#8655=CARTESIAN_POINT('',(267.55050286415,31.6688,26.19699934941));
#8656=CARTESIAN_POINT('',(267.55050286415,31.6688,26.1969993494099));
#8657=CARTESIAN_POINT('',(267.55050286415,29.1688000000001,26.1969993494099));
#8658=CARTESIAN_POINT('',(267.55050286415,31.6688,26.1969993494099));
#8659=CARTESIAN_POINT('',(252.55050286415,31.6688,26.1969993494099));
#8660=CARTESIAN_POINT('',(267.550504222472,30.1688,10.7869993494199));
#8661=CARTESIAN_POINT('',(268.112647865971,30.1688,10.7869993494199));
#8662=CARTESIAN_POINT('',(269.234978417288,30.1688,11.2532306848557));
#8663=CARTESIAN_POINT('',(269.700493320165,30.1688,12.3733812070599));
#8664=CARTESIAN_POINT('',(269.700504221652,30.1688,12.9369597517837));
#8665=CARTESIAN_POINT('',(269.700504221652,30.1688,12.9369597517837));
#8666=CARTESIAN_POINT('',(269.700213198976,30.1688,13.5089835289834));
#8667=CARTESIAN_POINT('',(269.231314144608,30.1688,14.6166649818271));
#8668=CARTESIAN_POINT('',(268.120403025295,30.1688,15.0866928660527));
#8669=CARTESIAN_POINT('',(267.550567692512,30.1688,15.086999348483));
#8670=CARTESIAN_POINT('',(265.400504223305,30.1688,12.937039239153));
#8671=CARTESIAN_POINT('',(265.400504222472,30.1688,12.3748557059358));
#8672=CARTESIAN_POINT('',(265.866741017492,30.1688,11.2525120120598));
#8673=CARTESIAN_POINT('',(266.986912314227,30.1688,10.7869993494199));
#8674=CARTESIAN_POINT('',(267.550504222472,30.1688,10.7869993494199));
#8675=CARTESIAN_POINT('',(267.550567692512,30.1688,15.086999348483));
#8676=CARTESIAN_POINT('',(266.97858508029,30.1688,15.0867254820633));
#8677=CARTESIAN_POINT('',(265.870873455039,30.1688,14.6178452322452));
#8678=CARTESIAN_POINT('',(265.400825584457,30.1688,13.5069587614411));
#8679=CARTESIAN_POINT('',(265.400504223305,30.1688,12.937039239153));
#8680=CARTESIAN_POINT('',(267.550567692512,30.1688,15.086999348483));
#8681=CARTESIAN_POINT('',(267.550567692512,29.1688000000001,15.086999348483));
#8682=CARTESIAN_POINT('',(265.400504223305,30.1688,12.937039239153));
#8683=CARTESIAN_POINT('',(265.400504223305,29.1688000000001,12.937039239153));
#8684=CARTESIAN_POINT('',(267.550504222472,30.1688,10.7869993494199));
#8685=CARTESIAN_POINT('',(267.550504222472,29.1688000000001,10.7869993494199));
#8686=CARTESIAN_POINT('',(252.550504222472,30.1688000000001,15.0869993494199));
#8687=CARTESIAN_POINT('',(251.988360496901,30.1688000000001,15.0869993494199));
#8688=CARTESIAN_POINT('',(250.86601664228,30.1688000000001,14.6207624112649));
#8689=CARTESIAN_POINT('',(250.40050409329,30.1688,13.500590847001));
#8690=CARTESIAN_POINT('',(250.400504222473,30.1688,12.9369981174198));
#8691=CARTESIAN_POINT('',(250.400504222473,30.1688,12.9369981174198));
#8692=CARTESIAN_POINT('',(250.400795307225,30.1688,12.3650061293701));
#8693=CARTESIAN_POINT('',(250.869718381175,30.1688,11.2572910988353));
#8694=CARTESIAN_POINT('',(251.980668244442,30.1688,10.7872890101021));
#8695=CARTESIAN_POINT('',(252.550504221996,30.1688,10.78699934942));
#8696=CARTESIAN_POINT('',(252.550504221996,30.1688,10.78699934942));
#8697=CARTESIAN_POINT('',(253.112647865144,30.1688,10.7869993491395));
#8698=CARTESIAN_POINT('',(254.234991559565,30.1688,11.2532361440013));
#8699=CARTESIAN_POINT('',(254.700504222472,30.1688,12.3734074409866));
#8700=CARTESIAN_POINT('',(254.700504222472,30.1688,12.9369993494199));
#8701=CARTESIAN_POINT('',(254.700504222472,30.1688,12.9369993494199));
#8702=CARTESIAN_POINT('',(254.700504222472,30.1688,13.4991429928858));
#8703=CARTESIAN_POINT('',(254.234267427452,30.1688,14.6214866867891));
#8704=CARTESIAN_POINT('',(253.114096130717,30.1688000000001,15.0869993494199));
#8705=CARTESIAN_POINT('',(252.550504222472,30.1688000000001,15.0869993494199));
#8706=CARTESIAN_POINT('',(254.700504222472,30.1688,12.9369993494199));
#8707=CARTESIAN_POINT('',(254.700504222472,29.1688000000001,12.9369993494199));
#8708=CARTESIAN_POINT('',(252.550504222472,30.1688000000001,15.0869993494199));
#8709=CARTESIAN_POINT('',(252.550504222472,29.1688000000001,15.0869993494199));
#8710=CARTESIAN_POINT('',(250.400504222473,30.1688,12.9369981174198));
#8711=CARTESIAN_POINT('',(250.400504222473,29.1688000000001,12.9369981174198));
#8712=CARTESIAN_POINT('',(247.55050286415,31.6688,21.1969993494099));
#8713=CARTESIAN_POINT('',(247.55050286415,31.6688,8.69380000000007));
#8714=CARTESIAN_POINT('',(272.55050286415,31.6688000000001,8.69380000000007));
#8715=CARTESIAN_POINT('',(272.55050286415,31.6688,21.1969993494099));
#8716=CARTESIAN_POINT('',(275.05050286415,31.6688,6.19380000000007));
#8717=CARTESIAN_POINT('',(365.05050286415,31.6688000000001,6.19380000000007));
#8718=CARTESIAN_POINT('',(385.083643672102,-8.33119999999997,131.318));
#8719=CARTESIAN_POINT('',(430.75136,-8.33119999999997,131.318));
#8720=CARTESIAN_POINT('',(430.75136,-8.33119999999997,131.318));
#8721=CARTESIAN_POINT('',(430.75136,0.,131.318));
#8722=CARTESIAN_POINT('',(430.75136,-8.33119999999997,131.318));
#8723=CARTESIAN_POINT('',(430.75136,-8.33119999999997,1.19380000000007));
#8724=CARTESIAN_POINT('',(430.75136,-8.33119999999997,1.19380000000007));
#8725=CARTESIAN_POINT('',(430.75136,0.,1.19380000000007));
#8726=CARTESIAN_POINT('',(430.75136,-8.33119999999997,1.19380000000007));
#8727=CARTESIAN_POINT('',(385.083643672102,-8.33119999999997,1.19380000000007));
#8728=CARTESIAN_POINT('',(430.75136,31.6688,5.6843418860808E-14));
#8729=CARTESIAN_POINT('',(430.75136,31.6688,18.0000000000001));
#8730=CARTESIAN_POINT('',(200.05050286415,31.6688,8.5265128291212E-14));
#8731=CARTESIAN_POINT('',(200.05050286415,31.6688,6.19380000000007));
#8732=CARTESIAN_POINT('',(200.05050286415,31.6688,124.68019869316));
#8733=CARTESIAN_POINT('',(200.05050286415,31.6688,132.5118));
#8734=CARTESIAN_POINT('',(200.05050286415,0.,132.5118));
#8735=CARTESIAN_POINT('',(200.05050286415,0.,131.318));
#8736=CARTESIAN_POINT('',(200.05050286415,31.6688,124.68019869316));
#8737=CARTESIAN_POINT('',(245.05050286415,31.6688,124.68019869316));
#8738=CARTESIAN_POINT('',(200.05050286415,31.6688,6.19380000000007));
#8739=CARTESIAN_POINT('',(245.05050286415,31.6688000000001,6.19380000000007));
#8740=CARTESIAN_POINT('',(430.75136,19.6688,18.0000000000001));
#8741=CARTESIAN_POINT('',(385.083643672102,19.6688,18.0000000000001));
#8742=CARTESIAN_POINT('',(385.083643672102,19.6688,114.5118));
#8743=CARTESIAN_POINT('',(430.75136,19.6688,114.5118));
#8744=CARTESIAN_POINT('',(398.61998,19.6688,23.3679999999999));
#8745=CARTESIAN_POINT('',(417.03498,19.6688,23.3679999999999));
#8746=CARTESIAN_POINT('',(417.034980000001,19.6688000000001,24.9935999999993));
#8747=CARTESIAN_POINT('',(417.03498,19.6688,23.3679999999999));
#8748=CARTESIAN_POINT('',(418.66058,19.6688,24.9936));
#8749=CARTESIAN_POINT('',(418.66058,19.6688,24.9936));
#8750=CARTESIAN_POINT('',(418.66058,19.6688,71.0184));
#8751=CARTESIAN_POINT('',(417.03498,19.6688,71.0184000000003));
#8752=CARTESIAN_POINT('',(418.66058,19.6688,71.0184));
#8753=CARTESIAN_POINT('',(417.03498,19.6688,72.6439999999999));
#8754=CARTESIAN_POINT('',(417.03498,19.6688,72.644));
#8755=CARTESIAN_POINT('',(398.61998,19.6688,72.644));
#8756=CARTESIAN_POINT('',(398.61998,19.6688000000001,71.0184000000005));
#8757=CARTESIAN_POINT('',(398.61998,19.6688,72.644));
#8758=CARTESIAN_POINT('',(396.99438,19.6688,71.0183999999999));
#8759=CARTESIAN_POINT('',(396.99438,19.6688,71.0183999999999));
#8760=CARTESIAN_POINT('',(396.99438,19.6688,24.9935990293646));
#8761=CARTESIAN_POINT('',(398.61998,19.6688000000001,24.9936000000002));
#8762=CARTESIAN_POINT('',(396.99438,19.6688,24.9935990293646));
#8763=CARTESIAN_POINT('',(398.61998,19.6688,23.368));
#8764=CARTESIAN_POINT('',(407.82748,19.6687999999998,97.6629999999998));
#8765=CARTESIAN_POINT('',(407.82748,19.6688,88.519));
#8766=CARTESIAN_POINT('',(416.623088904448,19.6688,95.1630000000001));
#8767=CARTESIAN_POINT('',(430.75136,31.6688,18.0000000000001));
#8768=CARTESIAN_POINT('',(430.75136,19.6688,18.0000000000001));
#8769=CARTESIAN_POINT('',(430.75136,19.6688,114.5118));
#8770=CARTESIAN_POINT('',(430.75136,31.6688,114.5118));
#8771=CARTESIAN_POINT('',(430.75136,19.6688,114.5118));
#8772=CARTESIAN_POINT('',(430.75136,19.6688,18.0000000000001));
#8773=CARTESIAN_POINT('',(417.03498,19.6688,23.3679999999999));
#8774=CARTESIAN_POINT('',(417.03498,-8.33119999999997,23.3679999999998));
#8775=CARTESIAN_POINT('',(418.66058,19.6688,24.9936));
#8776=CARTESIAN_POINT('',(418.660580000001,-8.33119999999997,24.9935999999998));
#8777=CARTESIAN_POINT('',(418.66058,19.6688,71.0184));
#8778=CARTESIAN_POINT('',(418.660580000001,-8.33119999999997,71.0183999999998));
#8779=CARTESIAN_POINT('',(417.03498,19.6688,72.644));
#8780=CARTESIAN_POINT('',(417.03498,-8.33119999999997,72.6439999999998));
#8781=CARTESIAN_POINT('',(398.61998,19.6688,72.644));
#8782=CARTESIAN_POINT('',(398.619980000001,-8.33119999999997,72.6439999999998));
#8783=CARTESIAN_POINT('',(396.99438,19.6688,71.0183999999999));
#8784=CARTESIAN_POINT('',(396.994380000001,-8.33119999999997,71.0183999999998));
#8785=CARTESIAN_POINT('',(396.99438,19.6688,24.9935990293646));
#8786=CARTESIAN_POINT('',(396.994380000001,-8.33119999999997,24.9935990293645));
#8787=CARTESIAN_POINT('',(430.75136,31.6688,114.5118));
#8788=CARTESIAN_POINT('',(430.75136,31.6688,132.5118));
#8789=CARTESIAN_POINT('',(367.55050286415,31.6688,13.));
#8790=CARTESIAN_POINT('',(367.55050286415,31.6688000000001,8.69380000000018));
#8791=CARTESIAN_POINT('',(372.55050286415,31.6687999999824,13.0000000000002));
#8792=CARTESIAN_POINT('',(367.55050286415,31.6688,13.));
#8793=CARTESIAN_POINT('',(372.55050286415,31.6687999999999,18.0000000000001));
#8794=CARTESIAN_POINT('',(385.083643672102,-8.33119999999997,1.19380000000007));
#8795=CARTESIAN_POINT('',(385.083643672102,-8.33119999999997,6.19380000000007));
#8796=CARTESIAN_POINT('',(385.083643672102,-8.33119999999997,97.937));
#8797=CARTESIAN_POINT('',(385.083643672102,-8.33119999999997,114.5118));
#8798=CARTESIAN_POINT('',(385.083643672102,-8.33119999999997,124.68019869316));
#8799=CARTESIAN_POINT('',(385.083643672102,-8.33119999999997,131.318));
#8800=CARTESIAN_POINT('',(385.083643672102,19.6688,18.0000000000001));
#8801=CARTESIAN_POINT('',(385.083643672102,19.6688,33.1279500000001));
#8802=CARTESIAN_POINT('',(385.083643672102,19.6688,97.937));
#8803=CARTESIAN_POINT('',(385.083643672102,19.6688,114.5118));
#8804=CARTESIAN_POINT('',(210.05050286415,5.54380000000003,124.68019869316));
#8805=CARTESIAN_POINT('',(217.442236197483,2.8421709430404E-14,124.68019869316));
#8806=CARTESIAN_POINT('',(220.05050286415,28.0438,124.68019869316));
#8807=CARTESIAN_POINT('',(220.05050286415,28.0438,131.0118));
#8808=CARTESIAN_POINT('',(220.05050286415,28.0438,124.68019869316));
#8809=CARTESIAN_POINT('',(210.05050286415,20.5438,124.68019869316));
#8810=CARTESIAN_POINT('',(210.05050286415,20.5438,124.68019869316));
#8811=CARTESIAN_POINT('',(210.05050286415,20.5438,131.0118));
#8812=CARTESIAN_POINT('',(210.05050286415,20.5438,124.68019869316));
#8813=CARTESIAN_POINT('',(200.05050286415,25.0438000000001,124.68019869316));
#8814=CARTESIAN_POINT('',(200.05050286415,1.04380000000003,124.68019869316));
#8815=CARTESIAN_POINT('',(210.05050286415,5.54380000000003,124.68019869316));
#8816=CARTESIAN_POINT('',(200.05050286415,25.0438000000001,124.68019869316));
#8817=CARTESIAN_POINT('',(200.05050286415,25.0438000000001,131.0118));
#8818=CARTESIAN_POINT('',(200.05050286415,1.04380000000003,124.68019869316));
#8819=CARTESIAN_POINT('',(200.05050286415,1.04380000000006,131.0118));
#8820=CARTESIAN_POINT('',(200.05050286415,25.0438000000001,124.68019869316));
#8821=CARTESIAN_POINT('',(200.05050286415,31.6688,124.68019869316));
#8822=CARTESIAN_POINT('',(220.05050286415,28.0438,1.13686837721616E-13));
#8823=CARTESIAN_POINT('',(210.05050286415,20.5438,1.13686837721616E-13));
#8824=CARTESIAN_POINT('',(210.05050286415,20.5438,1.13686837721616E-13));
#8825=CARTESIAN_POINT('',(200.05050286415,25.0438000000001,1.13686837721616E-13));
#8826=CARTESIAN_POINT('',(200.05050286415,25.0438000000001,1.13686837721616E-13));
#8827=CARTESIAN_POINT('',(200.05050286415,31.6688,8.5265128291212E-14));
#8828=CARTESIAN_POINT('',(385.083643672102,0.,6.19160130684043));
#8829=CARTESIAN_POINT('',(385.083643672102,-1.0812,6.19160130684043));
#8830=CARTESIAN_POINT('',(385.083643672102,0.,6.19160130684043));
#8831=CARTESIAN_POINT('',(385.083643672102,0.,6.19380000000007));
#8832=CARTESIAN_POINT('',(200.05050286415,0.,1.19380000000007));
#8833=CARTESIAN_POINT('',(200.05050286415,0.,8.5265128291212E-14));
#8834=CARTESIAN_POINT('',(200.05050286415,0.,6.19160130684043));
#8835=CARTESIAN_POINT('',(200.05050286415,-1.0812,6.19160130684043));
#8836=CARTESIAN_POINT('',(200.05050286415,0.,1.19380000000007));
#8837=CARTESIAN_POINT('',(217.442236197483,0.,1.1938000000001));
#8838=CARTESIAN_POINT('',(200.05050286415,0.,8.5265128291212E-14));
#8839=CARTESIAN_POINT('',(217.442236197483,0.,5.6843418860808E-14));
#8840=CARTESIAN_POINT('',(217.442236197483,0.,1.1938000000001));
#8841=CARTESIAN_POINT('',(217.442236197483,0.,5.6843418860808E-14));
#8842=CARTESIAN_POINT('',(220.05050286415,0.,1.19380000000004));
#8843=CARTESIAN_POINT('',(220.05050286415,0.,5.6843418860808E-14));
#8844=CARTESIAN_POINT('',(220.05050286415,0.,1.19380000000004));
#8845=CARTESIAN_POINT('',(430.75136,0.,1.19380000000007));
#8846=CARTESIAN_POINT('',(220.05050286415,0.,5.6843418860808E-14));
#8847=CARTESIAN_POINT('',(430.75136,0.,5.6843418860808E-14));
#8848=CARTESIAN_POINT('',(210.05050286415,20.5438,1.13686837721616E-13));
#8849=CARTESIAN_POINT('',(210.05050286415,20.5438,4.69380000000007));
#8850=CARTESIAN_POINT('',(200.05050286415,25.0438000000001,1.13686837721616E-13));
#8851=CARTESIAN_POINT('',(200.05050286415,25.0438,4.69380000000007));
#8852=CARTESIAN_POINT('',(200.05050286415,1.04380000000003,8.5265128291212E-14));
#8853=CARTESIAN_POINT('',(200.05050286415,1.04380000000003,4.69380000000007));
#8854=CARTESIAN_POINT('',(210.05050286415,5.54380000000003,1.13686837721616E-13));
#8855=CARTESIAN_POINT('',(216.05050286415,1.04380000000006,5.6843418860808E-14));
#8856=CARTESIAN_POINT('',(217.442236197483,0.,5.6843418860808E-14));
#8857=CARTESIAN_POINT('',(220.05050286415,28.0438,1.13686837721616E-13));
#8858=CARTESIAN_POINT('',(220.05050286415,28.0438,3.09690000000003));
#8859=CARTESIAN_POINT('',(220.05050286415,28.0438,4.69380000000007));
#8860=CARTESIAN_POINT('',(220.05050286415,0.,5.6843418860808E-14));
#8861=CARTESIAN_POINT('',(220.05050286415,1.04380000000006,5.6843418860808E-14));
#8862=CARTESIAN_POINT('',(220.05050286415,28.0438,1.13686837721616E-13));
#8863=CARTESIAN_POINT('',(210.05050286415,5.54380000000003,131.0118));
#8864=CARTESIAN_POINT('',(210.05050286415,5.54380000000003,124.68019869316));
#8865=CARTESIAN_POINT('',(210.05050286415,5.5438,4.69380000000007));
#8866=CARTESIAN_POINT('',(210.05050286415,5.54380000000003,3.09690000000006));
#8867=CARTESIAN_POINT('',(210.05050286415,5.54380000000003,1.13686837721616E-13));
#8868=CARTESIAN_POINT('',(200.05050286415,31.6688,6.19380000000007));
#8869=CARTESIAN_POINT('',(200.05050286415,0.,6.19380000000007));
#8870=CARTESIAN_POINT('',(200.05050286415,31.6688,132.5118));
#8871=CARTESIAN_POINT('',(200.05050286415,0.,132.5118));
#8872=CARTESIAN_POINT('',(217.442236197483,0.,131.0118));
#8873=CARTESIAN_POINT('',(220.05050286415,0.,131.0118));
#8874=CARTESIAN_POINT('',(220.05050286415,0.,131.0118));
#8875=CARTESIAN_POINT('',(220.05050286415,0.,124.68019869316));
#8876=CARTESIAN_POINT('',(217.442236197483,0.,131.0118));
#8877=CARTESIAN_POINT('',(217.442236197483,2.8421709430404E-14,124.68019869316));
#8878=CARTESIAN_POINT('',(217.442236197483,0.,131.0118));
#8879=CARTESIAN_POINT('',(210.05050286415,5.54380000000003,131.0118));
#8880=CARTESIAN_POINT('',(220.05050286415,0.,124.68019869316));
#8881=CARTESIAN_POINT('',(220.05050286415,28.0438,124.68019869316));
#8882=CARTESIAN_POINT('',(217.442236197484,0.,4.69380000000007));
#8883=CARTESIAN_POINT('',(210.05050286415,5.5438,4.69380000000007));
#8884=CARTESIAN_POINT('',(272.55050286415,26.6688,124.68019869316));
#8885=CARTESIAN_POINT('',(272.55050286415,26.6688000000001,128.5118));
#8886=CARTESIAN_POINT('',(247.55050286415,29.1688000000001,122.18019869316));
#8887=CARTESIAN_POINT('',(247.55050286415,31.6688,122.18019869316));
#8888=CARTESIAN_POINT('',(275.05050286415,26.6688000000001,131.0118));
#8889=CARTESIAN_POINT('',(365.05050286415,26.6688,131.0118));
#8890=CARTESIAN_POINT('',(272.55050286415,29.1688000000001,8.69380000000007));
#8891=CARTESIAN_POINT('',(272.55050286415,31.6688000000001,8.69380000000007));
#8892=CARTESIAN_POINT('',(367.55050286415,26.6688000000001,128.5118));
#8893=CARTESIAN_POINT('',(367.55050286415,26.6688,124.68019869316));
#8894=CARTESIAN_POINT('',(275.05050286415,31.6688,131.0118));
#8895=CARTESIAN_POINT('',(365.05050286415,31.6688,131.0118));
#8896=CARTESIAN_POINT('',(367.55050286415,26.6688,124.68019869316));
#8897=CARTESIAN_POINT('',(272.55050286415,26.6688,124.68019869316));
#8898=CARTESIAN_POINT('',(420.32748,19.6688,95.1630000000001));
#8899=CARTESIAN_POINT('',(420.32748,9.66880000000003,95.1630000000001));
#8900=CARTESIAN_POINT('',(420.32748,9.66880000000003,95.1630000000001));
#8901=CARTESIAN_POINT('',(416.623088904448,9.66880000000003,95.1630000000001));
#8902=CARTESIAN_POINT('',(395.32748,9.66880000000003,95.1630000000001));
#8903=CARTESIAN_POINT('',(395.32748,19.6688,95.1630000000001));
#8904=CARTESIAN_POINT('',(395.32748,9.66880000000003,95.1630000000001));
#8905=CARTESIAN_POINT('',(395.32748,9.66880000000003,100.163));
#8906=CARTESIAN_POINT('',(395.32748,9.66880000000003,100.163));
#8907=CARTESIAN_POINT('',(395.32748,19.6688,100.163));
#8908=CARTESIAN_POINT('',(395.32748,9.66880000000003,100.163));
#8909=CARTESIAN_POINT('',(399.031871095552,9.66880000000003,100.163));
#8910=CARTESIAN_POINT('',(420.32748,9.66880000000003,100.163));
#8911=CARTESIAN_POINT('',(420.32748,19.6688,100.163));
#8912=CARTESIAN_POINT('',(420.32748,9.66880000000003,100.163));
#8913=CARTESIAN_POINT('',(420.32748,9.66880000000003,95.1630000000001));
#8914=CARTESIAN_POINT('',(420.32748,19.6688,95.1630000000001));
#8915=CARTESIAN_POINT('',(416.623088904448,19.6688000000001,95.1630000000001));
#8916=CARTESIAN_POINT('',(399.031871095552,19.6688000000001,95.1630000000001));
#8917=CARTESIAN_POINT('',(395.32748,19.6688,95.1630000000001));
#8918=CARTESIAN_POINT('',(395.32748,19.6688,95.1630000000001));
#8919=CARTESIAN_POINT('',(395.32748,19.6688,100.163));
#8920=CARTESIAN_POINT('',(395.32748,19.6688,100.163));
#8921=CARTESIAN_POINT('',(399.031871095552,19.6688,100.163));
#8922=CARTESIAN_POINT('',(416.623088904448,19.6688,100.163));
#8923=CARTESIAN_POINT('',(420.32748,19.6688,100.163));
#8924=CARTESIAN_POINT('',(420.32748,19.6688,100.163));
#8925=CARTESIAN_POINT('',(420.32748,19.6688,95.1630000000001));
#8926=CARTESIAN_POINT('',(399.031871095552,19.6688000000001,95.1630000000001));
#8927=CARTESIAN_POINT('',(399.031871095552,9.66880000000003,95.1630000000001));
#8928=CARTESIAN_POINT('',(416.623088904448,9.66880000000003,95.1630000000001));
#8929=CARTESIAN_POINT('',(416.623088904448,19.6688000000001,95.1630000000001));
#8930=CARTESIAN_POINT('',(399.031871095552,9.66880000000003,100.163));
#8931=CARTESIAN_POINT('',(399.031871095552,19.6688,100.163));
#8932=CARTESIAN_POINT('',(416.623088904448,19.6688,100.163));
#8933=CARTESIAN_POINT('',(416.623088904448,9.66880000000006,100.163));
#8934=CARTESIAN_POINT('',(407.827479999999,9.66880000000039,97.663));
#8935=CARTESIAN_POINT('',(399.031871095552,9.66880000000003,100.163));
#8936=CARTESIAN_POINT('',(399.031871095552,9.66880000000003,95.1630000000001));
#8937=CARTESIAN_POINT('',(407.827479999997,9.66880000000287,97.6629999999998));
#8938=CARTESIAN_POINT('',(416.623088904448,9.66880000000003,95.1630000000001));
#8939=CARTESIAN_POINT('',(416.623088904448,9.66880000000006,100.163));
#8940=CARTESIAN_POINT('',(407.82748,19.6688,97.6630000000005));
#8941=CARTESIAN_POINT('',(399.031871095552,19.6688000000001,95.1630000000001));
#8942=CARTESIAN_POINT('',(407.82748,19.6688,88.519));
#8943=CARTESIAN_POINT('',(407.82748,19.6687999999988,97.6630000000002));
#8944=CARTESIAN_POINT('',(416.623088904448,19.6688,100.163));
#8945=CARTESIAN_POINT('',(407.827479999999,19.6688000000001,106.807));
#8946=CARTESIAN_POINT('',(399.031871095552,9.66880000000003,95.1630000000001));
#8947=CARTESIAN_POINT('',(395.32748,9.66880000000003,95.1630000000001));
#8948=CARTESIAN_POINT('',(416.623088904448,9.66880000000006,100.163));
#8949=CARTESIAN_POINT('',(420.32748,9.66880000000003,100.163));
#8950=CARTESIAN_POINT('',(385.083643672102,-1.08119999999997,124.68019869316));
#8951=CARTESIAN_POINT('',(385.083643672102,-1.08119999999997,131.318));
#8952=CARTESIAN_POINT('',(200.05050286415,-1.08119999999997,124.68019869316));
#8953=CARTESIAN_POINT('',(200.05050286415,-1.08119999999997,131.318));
#8954=CARTESIAN_POINT('',(385.083643672102,-1.08119999999997,131.318));
#8955=CARTESIAN_POINT('',(220.05050286415,-1.08119999999997,131.318));
#8956=CARTESIAN_POINT('',(205.30048,-1.08119999999997,131.318));
#8957=CARTESIAN_POINT('',(200.05050286415,-1.08119999999997,131.318));
#8958=CARTESIAN_POINT('',(385.083643672102,-1.08119999999997,124.68019869316));
#8959=CARTESIAN_POINT('',(200.05050286415,-1.08119999999997,124.68019869316));
#8960=CARTESIAN_POINT('',(200.05050286415,-1.08119999999997,131.318));
#8961=CARTESIAN_POINT('',(200.05050286415,0.,131.318));
#8962=CARTESIAN_POINT('',(200.05050286415,-1.08119999999997,124.68019869316));
#8963=CARTESIAN_POINT('',(200.05050286415,1.04380000000003,124.68019869316));
#8964=CARTESIAN_POINT('',(385.083643672102,-1.08119999999997,131.318));
#8965=CARTESIAN_POINT('',(385.083643672102,-8.33119999999997,131.318));
#8966=CARTESIAN_POINT('',(385.083643672102,-1.0812,6.19160130684043));
#8967=CARTESIAN_POINT('',(385.083643672102,-1.0812,1.19380000000007));
#8968=CARTESIAN_POINT('',(200.05050286415,-1.0812,6.19160130684043));
#8969=CARTESIAN_POINT('',(200.05050286415,-1.0812,1.19380000000007));
#8970=CARTESIAN_POINT('',(200.05050286415,-1.0812,1.19380000000007));
#8971=CARTESIAN_POINT('',(200.05050286415,0.,1.19380000000007));
#8972=CARTESIAN_POINT('',(385.083643672102,-8.33119999999997,1.19380000000007));
#8973=CARTESIAN_POINT('',(385.083643672102,-1.0812,1.19380000000007));
#8974=CARTESIAN_POINT('',(217.442236197483,0.,1.1938000000001));
#8975=CARTESIAN_POINT('',(220.05050286415,0.,1.19380000000004));
#8976=CARTESIAN_POINT('',(200.05050286415,-1.0812,1.19380000000007));
#8977=CARTESIAN_POINT('',(385.083643672102,-1.0812,1.19380000000007));
#8978=CARTESIAN_POINT('',(200.05050286415,-1.0812,6.19160130684043));
#8979=CARTESIAN_POINT('',(385.083643672102,-1.0812,6.19160130684043));
#8980=CARTESIAN_POINT('',(252.55050286415,29.1688,21.1969993494099));
#8981=CARTESIAN_POINT('',(252.55050286415,29.1688000000001,26.1969993494099));
#8982=CARTESIAN_POINT('',(247.55050286415,29.1688000000001,21.1969993494099));
#8983=CARTESIAN_POINT('',(267.55050286415,29.1688000000002,21.1969993494099));
#8984=CARTESIAN_POINT('',(272.55050286415,29.1688000000001,21.1969993494099));
#8985=CARTESIAN_POINT('',(267.55050286415,29.1688000000001,26.19699934941));
#8986=CARTESIAN_POINT('',(267.55050286415,29.1688000000001,26.1969993494099));
#8987=CARTESIAN_POINT('',(252.55050286415,29.1688000000001,26.1969993494099));
#8988=CARTESIAN_POINT('',(267.550567692512,29.1688000000001,15.086999348483));
#8989=CARTESIAN_POINT('',(268.120403025295,29.1688000000001,15.0866928660527));
#8990=CARTESIAN_POINT('',(269.231314144608,29.1688000000001,14.6166649818271));
#8991=CARTESIAN_POINT('',(269.700213198976,29.1688000000001,13.5089835289834));
#8992=CARTESIAN_POINT('',(269.700504221652,29.1688000000001,12.9369597517837));
#8993=CARTESIAN_POINT('',(265.400504223305,29.1688000000001,12.937039239153));
#8994=CARTESIAN_POINT('',(265.400825584457,29.1688000000001,13.5069587614411));
#8995=CARTESIAN_POINT('',(265.870873455039,29.1688000000001,14.6178452322452));
#8996=CARTESIAN_POINT('',(266.97858508029,29.1688000000001,15.0867254820633));
#8997=CARTESIAN_POINT('',(267.550567692512,29.1688000000001,15.086999348483));
#8998=CARTESIAN_POINT('',(267.550504222472,29.1688000000001,10.7869993494199));
#8999=CARTESIAN_POINT('',(266.986912314227,29.1688000000001,10.7869993494199));
#9000=CARTESIAN_POINT('',(265.866741017492,29.1688000000001,11.2525120120598));
#9001=CARTESIAN_POINT('',(265.400504222472,29.1688000000001,12.3748557059358));
#9002=CARTESIAN_POINT('',(265.400504223305,29.1688000000001,12.937039239153));
#9003=CARTESIAN_POINT('',(269.700504221652,29.1688000000001,12.9369597517837));
#9004=CARTESIAN_POINT('',(269.700493320165,29.1688000000001,12.3733812070599));
#9005=CARTESIAN_POINT('',(269.234978417288,29.1688000000001,11.2532306848556));
#9006=CARTESIAN_POINT('',(268.112647865971,29.1688000000001,10.7869993494199));
#9007=CARTESIAN_POINT('',(267.550504222472,29.1688000000001,10.7869993494199));
#9008=CARTESIAN_POINT('',(254.700504222472,29.1688000000001,12.9369993494199));
#9009=CARTESIAN_POINT('',(254.700504222472,29.1688000000001,12.3734074409866));
#9010=CARTESIAN_POINT('',(254.234991559565,29.1688000000001,11.2532361440012));
#9011=CARTESIAN_POINT('',(253.112647865144,29.1688000000001,10.7869993491394));
#9012=CARTESIAN_POINT('',(252.550504221996,29.1688000000001,10.7869993494199));
#9013=CARTESIAN_POINT('',(252.550504222472,29.1688000000001,15.0869993494199));
#9014=CARTESIAN_POINT('',(253.114096130717,29.1688000000001,15.0869993494199));
#9015=CARTESIAN_POINT('',(254.234267427452,29.1688000000001,14.6214866867891));
#9016=CARTESIAN_POINT('',(254.700504222472,29.1688000000001,13.4991429928858));
#9017=CARTESIAN_POINT('',(254.700504222472,29.1688000000001,12.9369993494199));
#9018=CARTESIAN_POINT('',(250.400504222473,29.1688000000001,12.9369981174198));
#9019=CARTESIAN_POINT('',(250.40050409329,29.1688000000001,13.500590847001));
#9020=CARTESIAN_POINT('',(250.86601664228,29.1688000000001,14.6207624112649));
#9021=CARTESIAN_POINT('',(251.988360496901,29.1688000000001,15.0869993494199));
#9022=CARTESIAN_POINT('',(252.550504222472,29.1688000000001,15.0869993494199));
#9023=CARTESIAN_POINT('',(252.550504221996,29.1688000000001,10.7869993494199));
#9024=CARTESIAN_POINT('',(251.980668244442,29.1688000000001,10.7872890101021));
#9025=CARTESIAN_POINT('',(250.869718381175,29.1688000000001,11.2572910988353));
#9026=CARTESIAN_POINT('',(250.400795307225,29.1688000000001,12.3650061293701));
#9027=CARTESIAN_POINT('',(250.400504222473,29.1688000000001,12.9369981174198));
#9028=CARTESIAN_POINT('',(247.55050286415,29.1688000000001,21.1969993494099));
#9029=CARTESIAN_POINT('',(247.55050286415,29.1688,8.69380000000007));
#9030=CARTESIAN_POINT('',(272.55050286415,29.1688000000001,21.1969993494099));
#9031=CARTESIAN_POINT('',(272.55050286415,29.1688000000001,8.69380000000007));
#9032=CARTESIAN_POINT('',(269.700504221652,29.1688000000001,12.9369597517837));
#9033=CARTESIAN_POINT('',(269.700504221652,30.1688,12.9369597517837));
#9034=CARTESIAN_POINT('',(252.550504221996,29.1688000000001,10.7869993494199));
#9035=CARTESIAN_POINT('',(252.550504221996,30.1688,10.78699934942));
#9036=CARTESIAN_POINT('',(385.083643672102,29.1687999999999,6.19380000000007));
#9037=CARTESIAN_POINT('',(385.083643672102,29.1687999999999,18.0000000000001));
#9038=CARTESIAN_POINT('',(372.550504222472,29.1687999999999,15.0869993494199));
#9039=CARTESIAN_POINT('',(373.120340337933,29.1687999999999,15.0867096887027));
#9040=CARTESIAN_POINT('',(374.231290702571,29.1687999999999,14.6167073540431));
#9041=CARTESIAN_POINT('',(374.700213465017,29.1687999999999,13.5089913190947));
#9042=CARTESIAN_POINT('',(374.700504222472,29.1687999999999,12.937000181231));
#9043=CARTESIAN_POINT('',(370.400504222473,29.1687999999999,12.9369981174198));
#9044=CARTESIAN_POINT('',(370.400794085795,29.1687999999999,13.5068367321494));
#9045=CARTESIAN_POINT('',(370.870796667308,29.1687999999999,14.6177855371251));
#9046=CARTESIAN_POINT('',(371.978511833477,29.1687999999999,15.0867085926195));
#9047=CARTESIAN_POINT('',(372.550504222472,29.1687999999999,15.0869993494199));
#9048=CARTESIAN_POINT('',(372.55050422152,29.1687999999999,10.7869993494515));
#9049=CARTESIAN_POINT('',(371.986912395578,29.1687999999999,10.7869993496379));
#9050=CARTESIAN_POINT('',(370.866741505681,29.1687999999999,11.2525117673865));
#9051=CARTESIAN_POINT('',(370.400504555683,29.1687999999999,12.3748548034915));
#9052=CARTESIAN_POINT('',(370.400504222473,29.1687999999999,12.9369981174198));
#9053=CARTESIAN_POINT('',(374.700504222472,29.1687999999999,12.937000181231));
#9054=CARTESIAN_POINT('',(374.700504222472,29.1687999999999,12.3734074409866));
#9055=CARTESIAN_POINT('',(374.234991559565,29.1687999999999,11.2532361440012));
#9056=CARTESIAN_POINT('',(373.112647865144,29.1687999999999,10.7869993491394));
#9057=CARTESIAN_POINT('',(372.55050422152,29.1687999999999,10.7869993494515));
#9058=CARTESIAN_POINT('',(367.55050286415,29.1687999999999,13.));
#9059=CARTESIAN_POINT('',(367.55050286415,29.1687999999999,8.69380000000018));
#9060=CARTESIAN_POINT('',(385.083643672102,29.1687999999999,18.0000000000001));
#9061=CARTESIAN_POINT('',(372.55050286415,29.1687999999998,18.0000000000001));
#9062=CARTESIAN_POINT('',(372.55050286415,29.1687999999823,13.0000000000004));
#9063=CARTESIAN_POINT('',(372.55050286415,29.1687999999998,18.0000000000001));
#9064=CARTESIAN_POINT('',(367.55050286415,29.1687999999999,13.));
#9065=CARTESIAN_POINT('',(374.700504222472,29.1687999999999,12.937000181231));
#9066=CARTESIAN_POINT('',(374.700504222471,30.1688,12.937000181231));
#9067=CARTESIAN_POINT('',(367.55050286415,29.1687999999999,13.));
#9068=CARTESIAN_POINT('',(367.55050286415,31.6688,13.));
#9069=CARTESIAN_POINT('',(372.55050286415,29.1687999999998,18.0000000000001));
#9070=CARTESIAN_POINT('',(372.55050286415,31.6687999999999,18.0000000000001));
#9071=CARTESIAN_POINT('',(385.083643672102,29.1687999999999,18.0000000000001));
#9072=CARTESIAN_POINT('',(385.083643672102,19.6688,18.0000000000001));
#9073=CARTESIAN_POINT('',(385.083643672102,29.1687999999999,6.19380000000007));
#9074=CARTESIAN_POINT('',(385.083643672102,0.,6.19380000000007));
#9075=CARTESIAN_POINT('',(267.55050286415,29.1688000000001,104.67699934375));
#9076=CARTESIAN_POINT('',(252.55050286415,29.1688000000001,104.67699934375));
#9077=CARTESIAN_POINT('',(252.55050286415,29.1688000000002,109.67699934375));
#9078=CARTESIAN_POINT('',(252.55050286415,29.1688000000001,104.67699934375));
#9079=CARTESIAN_POINT('',(247.55050286415,29.1688000000001,109.67699934375));
#9080=CARTESIAN_POINT('',(267.55050286415,29.1688000000001,109.67699934375));
#9081=CARTESIAN_POINT('',(272.55050286415,29.1688000000001,109.67699934375));
#9082=CARTESIAN_POINT('',(267.55050286415,29.1688000000001,104.67699934375));
#9083=CARTESIAN_POINT('',(267.550567692512,29.1688000000001,115.786999344677));
#9084=CARTESIAN_POINT('',(268.120403025295,29.1688000000001,115.787305827107));
#9085=CARTESIAN_POINT('',(269.231314144608,29.1688000000001,116.257333711333));
#9086=CARTESIAN_POINT('',(269.700213198976,29.1688000000001,117.365015164176));
#9087=CARTESIAN_POINT('',(269.700504221652,29.1688000000001,117.937038941376));
#9088=CARTESIAN_POINT('',(265.400504223305,29.1688000000001,117.936959454007));
#9089=CARTESIAN_POINT('',(265.400825584457,29.1688000000001,117.367039931719));
#9090=CARTESIAN_POINT('',(265.870873455039,29.1688000000001,116.256153460915));
#9091=CARTESIAN_POINT('',(266.97858508029,29.1688000000001,115.787273211096));
#9092=CARTESIAN_POINT('',(267.550567692512,29.1688000000001,115.786999344677));
#9093=CARTESIAN_POINT('',(267.550504222472,29.1688000000001,120.08699934374));
#9094=CARTESIAN_POINT('',(266.986912314227,29.1688000000001,120.08699934374));
#9095=CARTESIAN_POINT('',(265.866741017492,29.1688000000001,119.6214866811));
#9096=CARTESIAN_POINT('',(265.400504222472,29.1688000000001,118.499142987224));
#9097=CARTESIAN_POINT('',(265.400504223305,29.1688000000001,117.936959454007));
#9098=CARTESIAN_POINT('',(269.700504221652,29.1688000000001,117.937038941376));
#9099=CARTESIAN_POINT('',(269.700493320165,29.1688000000001,118.5006174861));
#9100=CARTESIAN_POINT('',(269.234978417288,29.1688000000001,119.620768008304));
#9101=CARTESIAN_POINT('',(268.112647865971,29.1688000000001,120.08699934374));
#9102=CARTESIAN_POINT('',(267.550504222472,29.1688000000001,120.08699934374));
#9103=CARTESIAN_POINT('',(254.700504222472,29.1688000000001,117.93699934374));
#9104=CARTESIAN_POINT('',(254.700504222472,29.1688000000001,118.500591252173));
#9105=CARTESIAN_POINT('',(254.234991559565,29.1688000000001,119.620762549159));
#9106=CARTESIAN_POINT('',(253.112647865144,29.1688000000001,120.08699934402));
#9107=CARTESIAN_POINT('',(252.550504221996,29.1688000000001,120.08699934374));
#9108=CARTESIAN_POINT('',(252.550504222472,29.1688000000001,115.78699934374));
#9109=CARTESIAN_POINT('',(253.114096130717,29.1688000000001,115.78699934374));
#9110=CARTESIAN_POINT('',(254.234267427452,29.1688000000001,116.252512006371));
#9111=CARTESIAN_POINT('',(254.700504222472,29.1688000000001,117.374855700274));
#9112=CARTESIAN_POINT('',(254.700504222472,29.1688000000001,117.93699934374));
#9113=CARTESIAN_POINT('',(250.400504222473,29.1688000000001,117.93700057574));
#9114=CARTESIAN_POINT('',(250.40050409329,29.1688000000001,117.373407846159));
#9115=CARTESIAN_POINT('',(250.86601664228,29.1688000000001,116.253236281895));
#9116=CARTESIAN_POINT('',(251.988360496901,29.1688000000001,115.78699934374));
#9117=CARTESIAN_POINT('',(252.550504222472,29.1688000000001,115.78699934374));
#9118=CARTESIAN_POINT('',(252.550504221996,29.1688000000001,120.08699934374));
#9119=CARTESIAN_POINT('',(251.980668244442,29.1688000000001,120.086709683058));
#9120=CARTESIAN_POINT('',(250.869718381175,29.1688000000001,119.616707594324));
#9121=CARTESIAN_POINT('',(250.400795307225,29.1688000000001,118.50899256379));
#9122=CARTESIAN_POINT('',(250.400504222473,29.1688000000001,117.93700057574));
#9123=CARTESIAN_POINT('',(247.55050286415,29.1688000000001,109.67699934375));
#9124=CARTESIAN_POINT('',(247.55050286415,29.1688000000001,122.18019869316));
#9125=CARTESIAN_POINT('',(272.55050286415,29.1688000000001,109.67699934375));
#9126=CARTESIAN_POINT('',(272.55050286415,29.1688000000001,124.68019869316));
#9127=CARTESIAN_POINT('',(269.700504221652,29.1688000000001,117.937038941376));
#9128=CARTESIAN_POINT('',(269.700504221651,30.1688,117.937038941376));
#9129=CARTESIAN_POINT('',(252.550504221996,29.1688000000001,120.08699934374));
#9130=CARTESIAN_POINT('',(252.550504221996,30.1688,120.08699934374));
#9131=CARTESIAN_POINT('',(367.55050286415,29.1688000000001,124.68019869316));
#9132=CARTESIAN_POINT('',(385.083643672102,29.1688000000001,124.68019869316));
#9133=CARTESIAN_POINT('',(367.55050286415,26.6688,124.68019869316));
#9134=CARTESIAN_POINT('',(367.55050286415,29.1688000000001,124.68019869316));
#9135=CARTESIAN_POINT('',(385.083643672102,19.6688,114.5118));
#9136=CARTESIAN_POINT('',(385.083643672102,29.1688,114.5118));
#9137=CARTESIAN_POINT('',(385.083643672102,-1.08119999999997,124.68019869316));
#9138=CARTESIAN_POINT('',(385.083643672102,29.1688000000001,124.68019869316));
#9139=CARTESIAN_POINT('',(430.75136,31.6688,18.0000000000001));
#9140=CARTESIAN_POINT('',(372.55050286415,31.6687999999999,18.0000000000001));
#9141=CARTESIAN_POINT('',(200.05050286415,0.,132.5118));
#9142=CARTESIAN_POINT('',(430.75136,0.,132.5118));
#9143=CARTESIAN_POINT('',(430.75136,0.,131.318));
#9144=CARTESIAN_POINT('',(200.05050286415,0.,131.318));
#9145=CARTESIAN_POINT('',(385.083643672102,0.,6.19380000000007));
#9146=CARTESIAN_POINT('',(200.05050286415,0.,6.19380000000007));
#9147=CARTESIAN_POINT('',(200.05050286415,0.,6.19160130684043));
#9148=CARTESIAN_POINT('',(385.083643672102,0.,6.19160130684043));
#9149=CARTESIAN_POINT('',(272.55050286415,31.6688,128.5118));
#9150=CARTESIAN_POINT('',(272.55050286415,31.6688,109.67699934375));
#9151=CARTESIAN_POINT('',(365.05050286415,31.6688,131.0118));
#9152=CARTESIAN_POINT('',(365.05050286415,26.6688,131.0118));
#9153=CARTESIAN_POINT('',(275.05050286415,26.6688000000001,131.0118));
#9154=CARTESIAN_POINT('',(275.05050286415,31.6688,131.0118));
#9155=CARTESIAN_POINT('',(247.55050286415,31.6688,8.69380000000007));
#9156=CARTESIAN_POINT('',(247.55050286415,29.1688,8.69380000000007));
#9157=CARTESIAN_POINT('',(367.55050286415,31.6688000000001,8.69380000000018));
#9158=CARTESIAN_POINT('',(367.55050286415,29.1687999999999,8.69380000000018));
#9159=CARTESIAN_POINT('',(275.05050286415,29.1687999999999,6.19380000000007));
#9160=CARTESIAN_POINT('',(275.05050286415,31.6688,6.19380000000007));
#9161=CARTESIAN_POINT('',(365.05050286415,31.6688000000001,6.19380000000007));
#9162=CARTESIAN_POINT('',(365.05050286415,29.1687999999999,6.19380000000007));
#9163=CARTESIAN_POINT('',(245.05050286415,31.6688000000001,6.19380000000007));
#9164=CARTESIAN_POINT('',(245.05050286415,29.1688000000002,6.19380000000007));
#9165=CARTESIAN_POINT('',(245.05050286415,29.1688000000001,124.68019869316));
#9166=CARTESIAN_POINT('',(245.05050286415,31.6688,124.68019869316));
#9167=CARTESIAN_POINT('',(272.55050286415,26.6688000000001,128.5118));
#9168=CARTESIAN_POINT('',(272.55050286415,31.6688,128.5118));
#9169=CARTESIAN_POINT('',(247.55050286415,31.6688,122.18019869316));
#9170=CARTESIAN_POINT('',(245.05050286415,31.6688,124.68019869316));
#9171=CARTESIAN_POINT('',(245.05050286415,29.1688000000001,124.68019869316));
#9172=CARTESIAN_POINT('',(247.55050286415,29.1688000000001,122.18019869316));
#9173=CARTESIAN_POINT('',(365.05050286415,31.6688000000001,6.19380000000007));
#9174=CARTESIAN_POINT('',(367.55050286415,31.6688000000001,8.69380000000018));
#9175=CARTESIAN_POINT('',(367.55050286415,29.1687999999999,8.69380000000018));
#9176=CARTESIAN_POINT('',(365.05050286415,29.1687999999999,6.19380000000007));
#9177=CARTESIAN_POINT('',(245.05050286415,31.6688000000001,6.19380000000007));
#9178=CARTESIAN_POINT('',(247.55050286415,31.6688,8.69380000000007));
#9179=CARTESIAN_POINT('',(247.55050286415,29.1688,8.69380000000007));
#9180=CARTESIAN_POINT('',(245.05050286415,29.1688000000002,6.19380000000007));
#9181=CARTESIAN_POINT('',(272.55050286415,31.6688000000001,8.69380000000007));
#9182=CARTESIAN_POINT('',(275.05050286415,31.6688,6.19380000000007));
#9183=CARTESIAN_POINT('',(275.05050286415,29.1687999999999,6.19380000000007));
#9184=CARTESIAN_POINT('',(272.55050286415,29.1688000000001,8.69380000000007));
#9185=CARTESIAN_POINT('',(272.55050286415,26.6688000000001,128.5118));
#9186=CARTESIAN_POINT('',(275.05050286415,26.6688000000001,131.0118));
#9187=CARTESIAN_POINT('',(275.05050286415,31.6688,131.0118));
#9188=CARTESIAN_POINT('',(272.55050286415,31.6688,128.5118));
#9189=CARTESIAN_POINT('',(365.05050286415,26.6688,131.0118));
#9190=CARTESIAN_POINT('',(367.55050286415,26.6688000000001,128.5118));
#9191=CARTESIAN_POINT('',(367.55050286415,31.6688,128.5118));
#9192=CARTESIAN_POINT('',(365.05050286415,31.6688,131.0118));
#9193=CARTESIAN_POINT('',(267.550611973868,31.6688,114.286999292538));
#9194=CARTESIAN_POINT('',(267.550739061199,31.6688,114.286999349407));
#9195=CARTESIAN_POINT('',(267.550866148552,31.6688,114.286999413081));
#9196=CARTESIAN_POINT('',(267.550993235925,31.6688,114.286999483559));
#9197=CARTESIAN_POINT('',(268.505773600111,31.6688000000001,114.283568775167));
#9198=CARTESIAN_POINT('',(270.407764978194,31.6688,115.079149617477));
#9199=CARTESIAN_POINT('',(271.20473109305,31.6688,116.980458058377));
#9200=CARTESIAN_POINT('',(271.200504124447,31.6688,117.93667187911));
#9201=CARTESIAN_POINT('',(269.700504221651,30.1688,117.937038941376));
#9202=CARTESIAN_POINT('',(271.200504124447,31.6688,117.93667187911));
#9203=CARTESIAN_POINT('',(267.550567692512,30.1688,115.786999344677));
#9204=CARTESIAN_POINT('',(267.550655880279,30.4188000033828,115.536999278759));
#9205=CARTESIAN_POINT('',(267.550734593345,30.6688000177742,115.286999224457));
#9206=CARTESIAN_POINT('',(267.550825512476,31.0438000535456,114.911999146199));
#9207=CARTESIAN_POINT('',(267.550828239221,31.1688000727733,114.786999125497));
#9208=CARTESIAN_POINT('',(267.550891198741,31.4188001123905,114.536999059735));
#9209=CARTESIAN_POINT('',(267.550518855501,31.5437999275032,114.411999409852));
#9210=CARTESIAN_POINT('',(267.550611973868,31.6688,114.286999292538));
#9211=CARTESIAN_POINT('',(263.900504342536,31.6688,117.936536549632));
#9212=CARTESIAN_POINT('',(263.897133764452,31.6688,116.981360587388));
#9213=CARTESIAN_POINT('',(264.6928775829,31.6688,115.079500291908));
#9214=CARTESIAN_POINT('',(266.594370056767,31.6688,114.282703527773));
#9215=CARTESIAN_POINT('',(267.550230711835,31.6688,114.28699949178));
#9216=CARTESIAN_POINT('',(267.55035779916,31.6688,114.286999418585));
#9217=CARTESIAN_POINT('',(267.550484886505,31.6688,114.286999352171));
#9218=CARTESIAN_POINT('',(267.550611973868,31.6688,114.286999292538));
#9219=CARTESIAN_POINT('',(263.900504342536,31.6688,117.936536549632));
#9220=CARTESIAN_POINT('',(265.400504223305,30.1688,117.936959454007));
#9221=CARTESIAN_POINT('',(267.550504222472,31.6688,121.58699934374));
#9222=CARTESIAN_POINT('',(267.072431704427,31.6688,121.586989753085));
#9223=CARTESIAN_POINT('',(266.119073280262,31.6688,121.393181829006));
#9224=CARTESIAN_POINT('',(264.900467064816,31.6688,120.586429756328));
#9225=CARTESIAN_POINT('',(264.094650511022,31.6688,119.367321541131));
#9226=CARTESIAN_POINT('',(263.900639359572,31.6688,118.414960891361));
#9227=CARTESIAN_POINT('',(263.900504342536,31.6688,117.936536549632));
#9228=CARTESIAN_POINT('',(271.200504124447,31.6688,117.93667187911));
#9229=CARTESIAN_POINT('',(271.200485343613,31.6688,118.415128979608));
#9230=CARTESIAN_POINT('',(271.006669258795,31.6688,119.368461190294));
#9231=CARTESIAN_POINT('',(270.199928219714,31.6688,120.587037244461));
#9232=CARTESIAN_POINT('',(268.980844615338,31.6688,121.392843744515));
#9233=CARTESIAN_POINT('',(268.028499699864,31.6688,121.586864075603));
#9234=CARTESIAN_POINT('',(267.550504222472,31.6688,121.58699934374));
#9235=CARTESIAN_POINT('',(267.550504222472,30.1688,120.08699934374));
#9236=CARTESIAN_POINT('',(267.550504222472,31.6688,121.58699934374));
#9237=CARTESIAN_POINT('',(256.200504222472,31.6688,117.93699934374));
#9238=CARTESIAN_POINT('',(254.700504222472,30.1688,117.93699934374));
#9239=CARTESIAN_POINT('',(256.200504222472,31.6688,117.93699934374));
#9240=CARTESIAN_POINT('',(256.200494609445,31.6688,118.415071840359));
#9241=CARTESIAN_POINT('',(256.006686858099,31.6688000000001,119.368430409641));
#9242=CARTESIAN_POINT('',(255.199937981407,31.6688,120.587030793284));
#9243=CARTESIAN_POINT('',(253.980844591338,31.6688,121.39284376001));
#9244=CARTESIAN_POINT('',(253.028499710119,31.6688,121.586864068276));
#9245=CARTESIAN_POINT('',(252.550122979489,31.6688,121.586999246843));
#9246=CARTESIAN_POINT('',(252.550504221996,30.1688,120.08699934374));
#9247=CARTESIAN_POINT('',(252.550122979489,31.6688,121.586999246843));
#9248=CARTESIAN_POINT('',(252.550504222472,31.6688,114.28699934374));
#9249=CARTESIAN_POINT('',(253.028576718957,31.6688,114.287008956767));
#9250=CARTESIAN_POINT('',(253.981935287967,31.6688,114.48081670801));
#9251=CARTESIAN_POINT('',(255.200535671449,31.6688,115.287565584287));
#9252=CARTESIAN_POINT('',(256.0063486383,31.6688,116.506658973928));
#9253=CARTESIAN_POINT('',(256.20036894677,31.6688000000001,117.459003854948));
#9254=CARTESIAN_POINT('',(256.200504222472,31.6688,117.93699934374));
#9255=CARTESIAN_POINT('',(252.550504222472,31.6688,114.28699934374));
#9256=CARTESIAN_POINT('',(252.550504222472,30.1688000000001,115.78699934374));
#9257=CARTESIAN_POINT('',(248.900504319588,31.6688,117.937382420016));
#9258=CARTESIAN_POINT('',(248.900513722628,31.6688,117.458928241852));
#9259=CARTESIAN_POINT('',(249.094321145514,31.6688,116.505569200845));
#9260=CARTESIAN_POINT('',(249.901070031901,31.6688,115.286968238594));
#9261=CARTESIAN_POINT('',(251.120163648662,31.6688,114.481154990376));
#9262=CARTESIAN_POINT('',(252.072508662181,31.6688,114.287134617621));
#9263=CARTESIAN_POINT('',(252.550504222472,31.6688,114.28699934374));
#9264=CARTESIAN_POINT('',(252.550122979489,31.6688,121.586999246843));
#9265=CARTESIAN_POINT('',(251.595002100821,31.6688,121.590458851049));
#9266=CARTESIAN_POINT('',(249.693110957418,31.6688,120.794916636624));
#9267=CARTESIAN_POINT('',(248.896234680895,31.6688,118.893596405896));
#9268=CARTESIAN_POINT('',(248.900504319588,31.6688,117.937382420016));
#9269=CARTESIAN_POINT('',(250.400504222473,30.1688,117.93700057574));
#9270=CARTESIAN_POINT('',(248.900504319588,31.6688,117.937382420016));
#9271=CARTESIAN_POINT('',(372.550504222472,30.1688000000001,15.0869993494199));
#9272=CARTESIAN_POINT('',(372.54974173834,31.6688,16.5869993132627));
#9273=CARTESIAN_POINT('',(376.200504125573,31.6688,12.9373814250101));
#9274=CARTESIAN_POINT('',(376.20477415554,31.6688,13.8935951697034));
#9275=CARTESIAN_POINT('',(375.407898192016,31.6688,15.7949160350854));
#9276=CARTESIAN_POINT('',(373.506006752838,31.6688000000001,16.5904587410938));
#9277=CARTESIAN_POINT('',(372.551266706614,31.6688,16.586998997989));
#9278=CARTESIAN_POINT('',(372.551012545364,31.6688,16.5869991508287));
#9279=CARTESIAN_POINT('',(372.550758384017,31.6688,16.5869992763884));
#9280=CARTESIAN_POINT('',(372.550504222578,31.6688,16.5869993746682));
#9281=CARTESIAN_POINT('',(376.200504125573,31.6688,12.9373814250101));
#9282=CARTESIAN_POINT('',(374.700504222471,30.1688,12.937000181231));
#9283=CARTESIAN_POINT('',(372.550504222472,30.1688000000001,15.0869993494199));
#9284=CARTESIAN_POINT('',(372.550502911852,30.6688000383549,15.5869993194828));
#9285=CARTESIAN_POINT('',(372.550504302144,31.1687999883729,16.0869993778792));
#9286=CARTESIAN_POINT('',(372.550504222578,31.6688,16.5869993746682));
#9287=CARTESIAN_POINT('',(370.400504222473,30.1688,12.9369981174198));
#9288=CARTESIAN_POINT('',(368.900504319504,31.6688,12.9373791799342));
#9289=CARTESIAN_POINT('',(368.900504319504,31.6688,12.9373791799342));
#9290=CARTESIAN_POINT('',(368.900526825733,31.6688000000001,12.4591432912456));
#9291=CARTESIAN_POINT('',(369.094763369173,31.6688,11.506535142899));
#9292=CARTESIAN_POINT('',(369.900390226661,31.6688000000001,10.2876577906915));
#9293=CARTESIAN_POINT('',(371.119184143063,31.6688000000001,9.48070101144545));
#9294=CARTESIAN_POINT('',(372.072303699454,31.6688000000001,9.28713646603333));
#9295=CARTESIAN_POINT('',(372.550504220855,31.6688,9.28699934945151));
#9296=CARTESIAN_POINT('',(372.55050422152,30.1688,10.7869993494515));
#9297=CARTESIAN_POINT('',(372.550504220855,31.6688,9.28699934945151));
#9298=CARTESIAN_POINT('',(372.550504220855,31.6688,9.28699934945151));
#9299=CARTESIAN_POINT('',(373.028358443465,31.6688,9.28702166855544));
#9300=CARTESIAN_POINT('',(373.980967264561,31.6688,9.48125790010728));
#9301=CARTESIAN_POINT('',(375.199845496748,31.6688,10.2868849163844));
#9302=CARTESIAN_POINT('',(376.006802696696,31.6688,11.5056794426383));
#9303=CARTESIAN_POINT('',(376.200367108567,31.6688000000001,12.4587994654783));
#9304=CARTESIAN_POINT('',(376.200504125573,31.6688,12.9373814250101));
#9305=CARTESIAN_POINT('',(267.550611973998,31.6688,16.5869993730852));
#9306=CARTESIAN_POINT('',(267.55035781263,31.6688,16.5869993869785));
#9307=CARTESIAN_POINT('',(267.550103651176,31.6688,16.5869993740137));
#9308=CARTESIAN_POINT('',(267.549849489642,31.6688,16.5869993341909));
#9309=CARTESIAN_POINT('',(267.550567692512,30.1688,15.086999348483));
#9310=CARTESIAN_POINT('',(267.549849489642,31.6688,16.5869993341909));
#9311=CARTESIAN_POINT('',(271.200504124448,31.6688,12.9373268140493));
#9312=CARTESIAN_POINT('',(271.204780814541,31.6688,13.8935406040973));
#9313=CARTESIAN_POINT('',(270.407955626815,31.6688,15.7948489576432));
#9314=CARTESIAN_POINT('',(268.506105136231,31.6688,16.5904297130496));
#9315=CARTESIAN_POINT('',(267.55137445814,31.6688,16.5869989738797));
#9316=CARTESIAN_POINT('',(267.551120296856,31.6688,16.5869991342281));
#9317=CARTESIAN_POINT('',(267.550866135473,31.6688,16.5869992672966));
#9318=CARTESIAN_POINT('',(267.550611973998,31.6688,16.5869993730852));
#9319=CARTESIAN_POINT('',(265.400504223305,30.1688,12.937039239153));
#9320=CARTESIAN_POINT('',(263.900504342536,31.6688,12.9374621435277));
#9321=CARTESIAN_POINT('',(263.900504342536,31.6688,12.9374621435277));
#9322=CARTESIAN_POINT('',(263.90052635729,31.6688,12.4591790079682));
#9323=CARTESIAN_POINT('',(264.094753519236,31.6688,11.5065545336632));
#9324=CARTESIAN_POINT('',(264.900383974636,31.6688000000001,10.2876614910354));
#9325=CARTESIAN_POINT('',(266.119184111863,31.6688,9.48070128945178));
#9326=CARTESIAN_POINT('',(267.072303547598,31.6688,9.28713636076022));
#9327=CARTESIAN_POINT('',(267.550504222472,31.6688,9.28699934941992));
#9328=CARTESIAN_POINT('',(267.550504222472,30.1688,10.7869993494199));
#9329=CARTESIAN_POINT('',(267.550504222472,31.6688,9.28699934941992));
#9330=CARTESIAN_POINT('',(269.700504221652,30.1688,12.9369597517837));
#9331=CARTESIAN_POINT('',(271.200504124448,31.6688,12.9373268140493));
#9332=CARTESIAN_POINT('',(267.550504222472,31.6688,9.28699934941992));
#9333=CARTESIAN_POINT('',(268.028358439912,31.6688000000001,9.28702166608541));
#9334=CARTESIAN_POINT('',(268.980967286186,31.6688,9.48125790944366));
#9335=CARTESIAN_POINT('',(270.199835620242,31.6688,10.2868783984346));
#9336=CARTESIAN_POINT('',(271.00678489731,31.6688,11.5056482789048));
#9337=CARTESIAN_POINT('',(271.200357845861,31.6688,12.4587416222526));
#9338=CARTESIAN_POINT('',(271.200504124448,31.6688,12.9373268140493));
#9339=CARTESIAN_POINT('',(254.700504222472,30.1688,12.9369993494199));
#9340=CARTESIAN_POINT('',(256.200504222472,31.6688,12.93699934942));
#9341=CARTESIAN_POINT('',(252.550122979489,31.6688,9.28699944631701));
#9342=CARTESIAN_POINT('',(253.02835844333,31.6688,9.28702166902729));
#9343=CARTESIAN_POINT('',(253.980967267289,31.6688,9.48125789706929));
#9344=CARTESIAN_POINT('',(255.199845377562,31.6688000000001,10.286884846823));
#9345=CARTESIAN_POINT('',(256.006802502711,31.6688,11.5056790636842));
#9346=CARTESIAN_POINT('',(256.20036710579,31.6688000000001,12.4587987577224));
#9347=CARTESIAN_POINT('',(256.200504222472,31.6688,12.93699934942));
#9348=CARTESIAN_POINT('',(252.550122979489,31.6688,9.28699944631701));
#9349=CARTESIAN_POINT('',(252.550504221996,30.1688,10.78699934942));
#9350=CARTESIAN_POINT('',(256.200504222472,31.6688,12.93699934942));
#9351=CARTESIAN_POINT('',(256.200481902628,31.6688000000001,13.4148535714233));
#9352=CARTESIAN_POINT('',(256.006245674379,31.6688,14.3674623951819));
#9353=CARTESIAN_POINT('',(255.200618724502,31.6688,15.5863405050284));
#9354=CARTESIAN_POINT('',(253.981824507801,31.6688,16.3932976297613));
#9355=CARTESIAN_POINT('',(253.028704814037,31.6688,16.5868622327389));
#9356=CARTESIAN_POINT('',(252.550504222472,31.6688,16.5869993494199));
#9357=CARTESIAN_POINT('',(252.550504222472,31.6688,16.5869993494199));
#9358=CARTESIAN_POINT('',(252.550504222472,30.1688000000001,15.0869993494199));
#9359=CARTESIAN_POINT('',(252.550504222472,31.6688,16.5869993494199));
#9360=CARTESIAN_POINT('',(252.072649930218,31.6688,16.586977029954));
#9361=CARTESIAN_POINT('',(251.120040971669,31.6688,16.3927407400716));
#9362=CARTESIAN_POINT('',(249.901162636503,31.6688000000001,15.5871135067673));
#9363=CARTESIAN_POINT('',(249.094205499998,31.6688000000001,14.3683187131276));
#9364=CARTESIAN_POINT('',(248.900641227234,31.6688,13.4151985453652));
#9365=CARTESIAN_POINT('',(248.900504319588,31.6688,12.9366162731436));
#9366=CARTESIAN_POINT('',(250.400504222473,30.1688,12.9369981174198));
#9367=CARTESIAN_POINT('',(248.900504319588,31.6688,12.9366162731436));
#9368=CARTESIAN_POINT('',(248.900504319588,31.6688,12.9366162731436));
#9369=CARTESIAN_POINT('',(248.896234680895,31.6688000000001,11.9804022872639));
#9370=CARTESIAN_POINT('',(249.693110957418,31.6688000000001,10.0790820565362));
#9371=CARTESIAN_POINT('',(251.595002100821,31.6688000000001,9.28353984211043));
#9372=CARTESIAN_POINT('',(252.550122979489,31.6688,9.28699944631701));
#9373=CARTESIAN_POINT('',(272.55050286415,29.1688000000001,124.68019869316));
#9374=CARTESIAN_POINT('',(247.55050286415,29.1688000000001,124.68019869316));
#9375=CARTESIAN_POINT('',(245.05050286415,29.1688000000001,124.68019869316));
#9376=CARTESIAN_POINT('',(365.05050286415,29.1687999999999,6.19380000000007));
#9377=CARTESIAN_POINT('',(367.55050286415,29.1687999999999,6.19380000000007));
#9378=CARTESIAN_POINT('',(385.083643672102,29.1687999999999,6.19380000000007));
#9379=CARTESIAN_POINT('',(245.05050286415,29.1688000000002,6.19380000000007));
#9380=CARTESIAN_POINT('',(247.55050286415,29.1688000000001,6.19380000000007));
#9381=CARTESIAN_POINT('',(272.55050286415,29.1688000000001,6.19380000000007));
#9382=CARTESIAN_POINT('',(275.05050286415,29.1687999999999,6.19380000000007));
#9383=CARTESIAN_POINT('',(372.550504222578,31.6688,16.5869993746682));
#9384=CARTESIAN_POINT('',(372.550250061248,31.6688,16.5869993810576));
#9385=CARTESIAN_POINT('',(372.549995899834,31.6688,16.5869993605891));
#9386=CARTESIAN_POINT('',(372.54974173834,31.6688,16.5869993132627));
#9387=CARTESIAN_POINT('',(372.54974173834,31.6688,16.5869993132627));
#9388=CARTESIAN_POINT('',(371.593909079955,31.6688,16.5912695318287));
#9389=CARTESIAN_POINT('',(369.692587224072,31.6688000000001,15.7943937199552));
#9390=CARTESIAN_POINT('',(368.897044628942,31.6688,13.8925014895328));
#9391=CARTESIAN_POINT('',(368.900504319504,31.6688,12.9373791799342));
#9392=CARTESIAN_POINT('',(267.550611973998,31.6688,16.5869993730852));
#9393=CARTESIAN_POINT('',(267.550597730339,31.1687999585372,16.0869994063318));
#9394=CARTESIAN_POINT('',(267.550584224321,30.6687998908905,15.5869994657441));
#9395=CARTESIAN_POINT('',(267.550567692512,30.1688,15.086999348483));
#9396=CARTESIAN_POINT('',(267.549849489642,31.6688,16.5869993341909));
#9397=CARTESIAN_POINT('',(266.594038533707,31.6688,16.5912952808826));
#9398=CARTESIAN_POINT('',(264.692686986204,31.6688000000001,15.7944984676502));
#9399=CARTESIAN_POINT('',(263.897084055345,31.6688,13.8926381230887));
#9400=CARTESIAN_POINT('',(263.900504342536,31.6688,12.9374621435277));
#9401=CARTESIAN_POINT('',(367.55050286415,31.6688,128.5118));
#9402=CARTESIAN_POINT('',(367.55050286415,26.6688000000001,128.5118));
#9403=CARTESIAN_POINT('',(385.083643672102,31.6688000000001,114.5118));
#9404=CARTESIAN_POINT('',(385.083643672102,29.1688,114.5118));
#9405=CARTESIAN_POINT('',(385.083643672102,31.6688000000001,114.5118));
#9406=CARTESIAN_POINT('',(430.75136,31.6688,114.5118));
#9407=CARTESIAN_POINT('',(367.550504221996,31.6688,117.936999343724));
#9408=CARTESIAN_POINT('',(367.55050286415,31.6688,128.5118));
#9409=CARTESIAN_POINT('',(385.083643672102,29.1688000000001,124.68019869316));
#9410=CARTESIAN_POINT('',(385.083643672102,29.1688,114.5118));
#9411=CARTESIAN_POINT('',(367.550504221996,29.1688,117.936999343724));
#9412=CARTESIAN_POINT('',(367.55050286415,29.1688000000001,124.68019869316));
#9413=CARTESIAN_POINT('',(372.550504221996,30.1688000000001,117.936999343724));
#9414=CARTESIAN_POINT('',(372.556566118903,30.1688000000001,115.787007531678));
#9415=CARTESIAN_POINT('',(372.544442325089,30.1688000000001,120.08699115577));
#9416=CARTESIAN_POINT('',(372.556566118903,30.1688000000001,115.787007531678));
#9417=CARTESIAN_POINT('',(372.556566118903,29.1688,115.787007531678));
#9418=CARTESIAN_POINT('',(372.550504221996,29.1688,117.936999343724));
#9419=CARTESIAN_POINT('',(372.556566118903,29.1688,115.787007531678));
#9420=CARTESIAN_POINT('',(372.544442325089,29.1688,120.08699115577));
#9421=CARTESIAN_POINT('',(372.556566118903,30.1688000000001,115.787007531678));
#9422=CARTESIAN_POINT('',(372.560795348599,31.6688000000001,114.287013493818));
#9423=CARTESIAN_POINT('',(372.550504221996,31.6688000000001,117.936999343724));
#9424=CARTESIAN_POINT('',(372.560795348599,31.6688000000001,114.287013493818));
#9425=CARTESIAN_POINT('',(372.540213095392,31.6688000000001,121.58698519363));
#9426=CARTESIAN_POINT('',(417.61568,-8.33119999999997,10.16));
#9427=CARTESIAN_POINT('',(417.61568,26.4793602654145,10.16));
#9428=CARTESIAN_POINT('',(421.36568,-8.33119999999997,10.16));
#9429=CARTESIAN_POINT('',(417.61568,-8.33119999999997,10.16));
#9430=CARTESIAN_POINT('',(425.11568,-8.33119999999997,10.16));
#9431=CARTESIAN_POINT('',(421.36568,26.4793602654145,10.1600000000001));
#9432=CARTESIAN_POINT('',(417.61568,26.4793602654145,10.16));
#9433=CARTESIAN_POINT('',(425.11568,26.4793602654145,10.16));
#9434=CARTESIAN_POINT('',(417.61568,-8.33119999999997,122.3518));
#9435=CARTESIAN_POINT('',(417.61568,26.4793602654145,122.3518));
#9436=CARTESIAN_POINT('',(421.36568,-8.33119999999997,122.3518));
#9437=CARTESIAN_POINT('',(417.61568,-8.33119999999997,122.3518));
#9438=CARTESIAN_POINT('',(425.11568,-8.33119999999997,122.3518));
#9439=CARTESIAN_POINT('',(421.36568,26.4793602654145,122.3518));
#9440=CARTESIAN_POINT('',(417.61568,26.4793602654145,122.3518));
#9441=CARTESIAN_POINT('',(425.11568,26.4793602654145,122.3518));
#9442=CARTESIAN_POINT('',(414.38068,33.2513602654145,122.3518));
#9443=CARTESIAN_POINT('',(414.38068,31.6688,122.3518));
#9444=CARTESIAN_POINT('',(421.36568,31.6688,122.3518));
#9445=CARTESIAN_POINT('',(414.38068,31.6688,122.3518));
#9446=CARTESIAN_POINT('',(428.35068,31.6688,122.3518));
#9447=CARTESIAN_POINT('',(421.36568,33.2513602654145,122.3518));
#9448=CARTESIAN_POINT('',(414.38068,33.2513602654145,122.3518));
#9449=CARTESIAN_POINT('',(428.35068,33.2513602654145,122.3518));
#9450=CARTESIAN_POINT('',(426.334818219044,28.4938,122.3518));
#9451=CARTESIAN_POINT('',(426.334818219044,30.9068,122.3518));
#9452=CARTESIAN_POINT('',(421.36568,30.9068,122.3518));
#9453=CARTESIAN_POINT('',(426.334818219044,30.9068,122.3518));
#9454=CARTESIAN_POINT('',(416.396541780956,30.9068,122.3518));
#9455=CARTESIAN_POINT('',(421.36568,28.4938,122.3518));
#9456=CARTESIAN_POINT('',(426.334818219044,28.4938,122.3518));
#9457=CARTESIAN_POINT('',(416.396541780956,28.4938,122.3518));
#9458=CARTESIAN_POINT('',(427.304225747789,30.9068,122.3518));
#9459=CARTESIAN_POINT('',(427.468777521737,32.7876353827303,122.3518));
#9460=CARTESIAN_POINT('',(421.36568,30.9068,122.3518));
#9461=CARTESIAN_POINT('',(427.304225747789,30.9068,122.3518));
#9462=CARTESIAN_POINT('',(415.427134252211,30.9068,122.3518));
#9463=CARTESIAN_POINT('',(423.67708,26.4793602654145,122.3518));
#9464=CARTESIAN_POINT('',(423.67708,28.4938,122.3518));
#9465=CARTESIAN_POINT('',(421.36568,28.4938,122.3518));
#9466=CARTESIAN_POINT('',(423.67708,28.4938,122.3518));
#9467=CARTESIAN_POINT('',(419.05428,28.4938,122.3518));
#9468=CARTESIAN_POINT('',(421.36568,26.4793602654145,122.3518));
#9469=CARTESIAN_POINT('',(423.67708,26.4793602654145,122.3518));
#9470=CARTESIAN_POINT('',(419.05428,26.4793602654145,122.3518));
#9471=CARTESIAN_POINT('',(414.756515571633,32.7433602654144,122.3518));
#9472=CARTESIAN_POINT('',(415.262582478264,32.7876353827303,122.3518));
#9473=CARTESIAN_POINT('',(414.756515571633,33.2513602654145,122.3518));
#9474=CARTESIAN_POINT('',(421.36568,33.2513602654145,122.3518));
#9475=CARTESIAN_POINT('',(414.756515571633,33.2513602654145,122.3518));
#9476=CARTESIAN_POINT('',(427.974844428367,33.2513602654145,122.3518));
#9477=CARTESIAN_POINT('',(414.38068,33.2513602654145,10.16));
#9478=CARTESIAN_POINT('',(414.38068,31.6688,10.16));
#9479=CARTESIAN_POINT('',(421.36568,31.6688,10.1599999999999));
#9480=CARTESIAN_POINT('',(414.38068,31.6688,10.16));
#9481=CARTESIAN_POINT('',(428.35068,31.6688,10.16));
#9482=CARTESIAN_POINT('',(421.36568,33.2513602654145,10.16));
#9483=CARTESIAN_POINT('',(414.38068,33.2513602654145,10.16));
#9484=CARTESIAN_POINT('',(428.35068,33.2513602654145,10.16));
#9485=CARTESIAN_POINT('',(426.334818219044,28.4938,10.16));
#9486=CARTESIAN_POINT('',(426.334818219044,30.9068,10.16));
#9487=CARTESIAN_POINT('',(421.36568,30.9068,10.16));
#9488=CARTESIAN_POINT('',(426.334818219044,30.9068,10.16));
#9489=CARTESIAN_POINT('',(416.396541780956,30.9068,10.16));
#9490=CARTESIAN_POINT('',(421.36568,28.4938,10.16));
#9491=CARTESIAN_POINT('',(426.334818219044,28.4938,10.16));
#9492=CARTESIAN_POINT('',(416.396541780956,28.4938,10.16));
#9493=CARTESIAN_POINT('',(427.304225747789,30.9068,10.16));
#9494=CARTESIAN_POINT('',(427.468777521737,32.7876353827303,10.16));
#9495=CARTESIAN_POINT('',(421.36568,30.9068,10.1600000000001));
#9496=CARTESIAN_POINT('',(427.304225747789,30.9068,10.16));
#9497=CARTESIAN_POINT('',(415.427134252211,30.9068,10.16));
#9498=CARTESIAN_POINT('',(423.67708,26.4793602654145,10.16));
#9499=CARTESIAN_POINT('',(423.67708,28.4938,10.16));
#9500=CARTESIAN_POINT('',(421.36568,28.4938,10.16));
#9501=CARTESIAN_POINT('',(423.67708,28.4938,10.16));
#9502=CARTESIAN_POINT('',(419.05428,28.4938,10.16));
#9503=CARTESIAN_POINT('',(421.36568,26.4793602654145,10.16));
#9504=CARTESIAN_POINT('',(423.67708,26.4793602654145,10.16));
#9505=CARTESIAN_POINT('',(419.05428,26.4793602654145,10.16));
#9506=CARTESIAN_POINT('',(414.756515571633,32.7433602654144,10.16));
#9507=CARTESIAN_POINT('',(415.262582478264,32.7876353827303,10.16));
#9508=CARTESIAN_POINT('',(414.756515571633,33.2513602654145,10.16));
#9509=CARTESIAN_POINT('',(421.36568,33.2513602654145,10.1599999999999));
#9510=CARTESIAN_POINT('',(414.756515571633,33.2513602654145,10.16));
#9511=CARTESIAN_POINT('',(427.974844428367,33.2513602654145,10.16));
#9512=CARTESIAN_POINT('',(407.82748,-8.33119999999997,106.807));
#9513=CARTESIAN_POINT('',(407.82748,19.6688,106.807));
#9514=CARTESIAN_POINT('',(407.82748,-8.33119999999997,97.6629999999998));
#9515=CARTESIAN_POINT('',(407.82748,-8.33119999999997,106.807));
#9516=CARTESIAN_POINT('',(407.82748,-8.33119999999997,88.5189999999998));
#9517=CARTESIAN_POINT('',(407.827479999999,19.6687999999999,97.6630000000008));
#9518=CARTESIAN_POINT('',(407.827479999999,19.6688000000001,106.807));
#9519=CARTESIAN_POINT('',(399.031871095552,19.6688,100.163));
#9520=CARTESIAN_POINT('',(372.544442325089,30.1688000000001,120.08699115577));
#9521=CARTESIAN_POINT('',(372.544442325089,29.1688,120.08699115577));
#9522=CARTESIAN_POINT('',(372.550504221996,30.1688000000001,117.936999343724));
#9523=CARTESIAN_POINT('',(372.544442325089,30.1688000000001,120.08699115577));
#9524=CARTESIAN_POINT('',(372.556566118903,30.1688000000001,115.787007531678));
#9525=CARTESIAN_POINT('',(372.550504221996,29.1688,117.936999343724));
#9526=CARTESIAN_POINT('',(372.544442325089,29.1688,120.08699115577));
#9527=CARTESIAN_POINT('',(372.556566118903,29.1688,115.787007531678));
#9528=CARTESIAN_POINT('',(372.544442325089,30.1688000000001,120.08699115577));
#9529=CARTESIAN_POINT('',(372.540213095392,31.6688000000001,121.58698519363));
#9530=CARTESIAN_POINT('',(372.550504221996,31.6688000000001,117.936999343724));
#9531=CARTESIAN_POINT('',(372.540213095392,31.6688000000001,121.58698519363));
#9532=CARTESIAN_POINT('',(372.560795348599,31.6688000000001,114.287013493818));
#9533=CARTESIAN_POINT('',(18.63568,29.1688,122.3518));
#9534=CARTESIAN_POINT('',(18.63568,26.6688,122.3518));
#9535=CARTESIAN_POINT('',(18.63568,0.,122.3518));
#9536=CARTESIAN_POINT('',(18.63568,29.1688000000001,123.537372442618));
#9537=CARTESIAN_POINT('',(18.63568,26.6688,123.537372442618));
#9538=CARTESIAN_POINT('',(18.6356800000001,-6.2144226247507E-15,123.537372442618));
#9539=CARTESIAN_POINT('',(18.3201959627387,29.1688,124.68019869316));
#9540=CARTESIAN_POINT('',(18.3201959627387,26.6688,124.68019869316));
#9541=CARTESIAN_POINT('',(18.3201959627387,1.27681552669036E-14,124.68019869316));
#9542=CARTESIAN_POINT('',(15.4207383816436,26.6688,115.574954958847));
#9543=CARTESIAN_POINT('',(15.4207383816436,9.47119684911834E-15,115.574954958847));
#9544=CARTESIAN_POINT('',(18.63568,26.6688000000001,118.200791825873));
#9545=CARTESIAN_POINT('',(18.63568,1.64719803704521E-14,118.200791825873));
#9546=CARTESIAN_POINT('',(18.63568,26.6688,122.3518));
#9547=CARTESIAN_POINT('',(18.63568,0.,122.3518));
#9548=CARTESIAN_POINT('',(18.63568,26.6688,10.1618000000001));
#9549=CARTESIAN_POINT('',(18.63568,0.,10.1618000000002));
#9550=CARTESIAN_POINT('',(18.6356800000001,26.6688000000001,13.3602938698772));
#9551=CARTESIAN_POINT('',(18.6356800000001,2.00696976217865E-14,13.3602938698772));
#9552=CARTESIAN_POINT('',(16.5729372022403,26.6688,15.804768289038));
#9553=CARTESIAN_POINT('',(16.5729372022403,2.12935495850881E-14,15.804768289038));
#9554=CARTESIAN_POINT('',(210.082464195406,5.83232900155832,131.0118));
#9555=CARTESIAN_POINT('',(200.30050286415,24.6571535975068,131.0118));
#9556=CARTESIAN_POINT('',(210.082464195406,20.2552709984417,131.0118));
#9557=CARTESIAN_POINT('',(219.80050286415,27.5438,131.0118));
#9558=CARTESIAN_POINT('',(217.85890286415,0.,131.0118));
#9559=CARTESIAN_POINT('',(200.30050286415,1.43044640249332,131.0118));
#9560=CARTESIAN_POINT('',(200.30050286415,24.6571535975068,131.0118));
#9561=CARTESIAN_POINT('',(210.082464195406,5.83232900155832,5.6843418860808E-14));
#9562=CARTESIAN_POINT('',(200.30050286415,24.6571535975068,5.6843418860808E-14));
#9563=CARTESIAN_POINT('',(210.082464195406,20.2552709984417,5.6843418860808E-14));
#9564=CARTESIAN_POINT('',(219.80050286415,27.5438,5.6843418860808E-14));
#9565=CARTESIAN_POINT('',(217.85890286415,0.,5.6843418860808E-14));
#9566=CARTESIAN_POINT('',(200.30050286415,1.43044640249332,5.6843418860808E-14));
#9567=CARTESIAN_POINT('',(200.30050286415,24.6571535975068,5.6843418860808E-14));
#9568=CARTESIAN_POINT('',(27.5505028641501,30.4188,109.67699934375));
#9569=CARTESIAN_POINT('',(27.5505359574922,29.1688,115.786999344208));
#9570=CARTESIAN_POINT('',(27.5505359574922,31.6688,115.786999344208));
#9571=CARTESIAN_POINT('',(28.1141171557169,29.1688,115.78700808124));
#9572=CARTESIAN_POINT('',(28.1141171557169,31.6688,115.78700808124));
#9573=CARTESIAN_POINT('',(29.2342718029706,29.1688,116.252522539307));
#9574=CARTESIAN_POINT('',(29.2342718029706,31.6688,116.252522539307));
#9575=CARTESIAN_POINT('',(29.7005042224721,29.1688,117.374855700237));
#9576=CARTESIAN_POINT('',(29.7005042224721,31.6688,117.374855700237));
#9577=CARTESIAN_POINT('',(29.7005042216516,29.1688,117.937038941376));
#9578=CARTESIAN_POINT('',(29.7005042216516,31.6688,117.937038941376));
#9579=CARTESIAN_POINT('',(25.4005042233047,29.1688,117.936959454007));
#9580=CARTESIAN_POINT('',(25.4005042233047,31.6688,117.936959454007));
#9581=CARTESIAN_POINT('',(25.4008255844573,29.1688,117.367039931719));
#9582=CARTESIAN_POINT('',(25.4008255844573,31.6688,117.367039931719));
#9583=CARTESIAN_POINT('',(25.8708691084667,29.1688,116.256163733376));
#9584=CARTESIAN_POINT('',(25.8708691084667,31.6688,116.256163733376));
#9585=CARTESIAN_POINT('',(26.9785645941376,29.1688,115.787281882702));
#9586=CARTESIAN_POINT('',(26.9785645941376,31.6688,115.787281882702));
#9587=CARTESIAN_POINT('',(27.5505359574922,29.1688,115.786999344208));
#9588=CARTESIAN_POINT('',(27.5505359574922,31.6688,115.786999344208));
#9589=CARTESIAN_POINT('',(27.5504730805784,29.1688,120.086999343289));
#9590=CARTESIAN_POINT('',(27.5504730805784,31.6688,120.086999343289));
#9591=CARTESIAN_POINT('',(26.9868916821794,29.1688,120.086990769544));
#9592=CARTESIAN_POINT('',(26.9868916821794,31.6688,120.086990769544));
#9593=CARTESIAN_POINT('',(25.8667367237541,29.1688,119.621476345042));
#9594=CARTESIAN_POINT('',(25.8667367237541,31.6688,119.621476345042));
#9595=CARTESIAN_POINT('',(25.4005042224726,29.1688,118.499142987224));
#9596=CARTESIAN_POINT('',(25.4005042224726,31.6688,118.499142987224));
#9597=CARTESIAN_POINT('',(25.4005042233052,29.1688,117.936959454007));
#9598=CARTESIAN_POINT('',(25.4005042233052,31.6688,117.936959454007));
#9599=CARTESIAN_POINT('',(29.7005042216516,29.1688,117.937038941376));
#9600=CARTESIAN_POINT('',(29.7005042216516,31.6688,117.937038941376));
#9601=CARTESIAN_POINT('',(29.7001830927136,29.1688,118.506957729573));
#9602=CARTESIAN_POINT('',(29.7001830927136,31.6688,118.506957729573));
#9603=CARTESIAN_POINT('',(29.2301400315359,29.1688,119.617834358575));
#9604=CARTESIAN_POINT('',(29.2301400315359,31.6688,119.617834358575));
#9605=CARTESIAN_POINT('',(28.1224446000882,29.1688,120.086716651313));
#9606=CARTESIAN_POINT('',(28.1224446000882,31.6688,120.086716651313));
#9607=CARTESIAN_POINT('',(27.5504730805779,29.1688,120.086999343289));
#9608=CARTESIAN_POINT('',(27.5504730805779,31.6688,120.086999343289));
#9609=CARTESIAN_POINT('',(132.55050286415,30.4188,109.67699934375));
#9610=CARTESIAN_POINT('',(147.55050286415,30.4188,109.67699934375));
#9611=CARTESIAN_POINT('',(149.700504222472,29.1688,117.93699934374));
#9612=CARTESIAN_POINT('',(149.700504222472,31.6688,117.93699934374));
#9613=CARTESIAN_POINT('',(149.700504222472,29.1688,118.500591251992));
#9614=CARTESIAN_POINT('',(149.700504222472,31.6688,118.500591251992));
#9615=CARTESIAN_POINT('',(149.234991559825,29.1688,119.620762548716));
#9616=CARTESIAN_POINT('',(149.234991559825,31.6688,119.620762548716));
#9617=CARTESIAN_POINT('',(148.112647865971,29.1688,120.08699934374));
#9618=CARTESIAN_POINT('',(148.112647865971,31.6688,120.08699934374));
#9619=CARTESIAN_POINT('',(147.550504222472,29.1688,120.08699934374));
#9620=CARTESIAN_POINT('',(147.550504222472,31.6688,120.08699934374));
#9621=CARTESIAN_POINT('',(147.550535957492,29.1688,115.786999344208));
#9622=CARTESIAN_POINT('',(147.550535957492,31.6688,115.786999344208));
#9623=CARTESIAN_POINT('',(148.114117155717,29.1688,115.78700808124));
#9624=CARTESIAN_POINT('',(148.114117155717,31.6688,115.78700808124));
#9625=CARTESIAN_POINT('',(149.234271802971,29.1688,116.252522539307));
#9626=CARTESIAN_POINT('',(149.234271802971,31.6688,116.252522539307));
#9627=CARTESIAN_POINT('',(149.700504222472,29.1688,117.374855700237));
#9628=CARTESIAN_POINT('',(149.700504222472,31.6688,117.374855700237));
#9629=CARTESIAN_POINT('',(149.700504222472,29.1688,117.93699934374));
#9630=CARTESIAN_POINT('',(149.700504222472,31.6688,117.93699934374));
#9631=CARTESIAN_POINT('',(145.400504223305,29.1688,117.936959454007));
#9632=CARTESIAN_POINT('',(145.400504223305,31.6688,117.936959454007));
#9633=CARTESIAN_POINT('',(145.400825584457,29.1688,117.367039931719));
#9634=CARTESIAN_POINT('',(145.400825584457,31.6688,117.367039931719));
#9635=CARTESIAN_POINT('',(145.870869108467,29.1688,116.256163733376));
#9636=CARTESIAN_POINT('',(145.870869108467,31.6688,116.256163733376));
#9637=CARTESIAN_POINT('',(146.978564594138,29.1688,115.787281882702));
#9638=CARTESIAN_POINT('',(146.978564594138,31.6688,115.787281882702));
#9639=CARTESIAN_POINT('',(147.550535957492,29.1688,115.786999344208));
#9640=CARTESIAN_POINT('',(147.550535957492,31.6688,115.786999344208));
#9641=CARTESIAN_POINT('',(147.550504222472,29.1688,120.08699934374));
#9642=CARTESIAN_POINT('',(147.550504222472,31.6688,120.08699934374));
#9643=CARTESIAN_POINT('',(146.986912314227,29.1688,120.08699934374));
#9644=CARTESIAN_POINT('',(146.986912314227,31.6688,120.08699934374));
#9645=CARTESIAN_POINT('',(145.866741017492,29.1688,119.6214866811));
#9646=CARTESIAN_POINT('',(145.866741017492,31.6688,119.6214866811));
#9647=CARTESIAN_POINT('',(145.400504222472,29.1688,118.499142987224));
#9648=CARTESIAN_POINT('',(145.400504222472,31.6688,118.499142987224));
#9649=CARTESIAN_POINT('',(145.400504223305,29.1688,117.936959454007));
#9650=CARTESIAN_POINT('',(145.400504223305,31.6688,117.936959454007));
#9651=CARTESIAN_POINT('',(132.550504222476,29.1688,115.78699934374));
#9652=CARTESIAN_POINT('',(132.550504222476,31.6688,115.78699934374));
#9653=CARTESIAN_POINT('',(133.114096130721,29.1688,115.78699934374));
#9654=CARTESIAN_POINT('',(133.114096130721,31.6688,115.78699934374));
#9655=CARTESIAN_POINT('',(134.2342671512,29.1688,116.252511891566));
#9656=CARTESIAN_POINT('',(134.2342671512,31.6688,116.252511891566));
#9657=CARTESIAN_POINT('',(134.70050399251,29.1688,117.374855146692));
#9658=CARTESIAN_POINT('',(134.70050399251,31.6688,117.374855146692));
#9659=CARTESIAN_POINT('',(134.700504222475,29.1688,117.936998511929));
#9660=CARTESIAN_POINT('',(134.700504222475,31.6688,117.936998511929));
#9661=CARTESIAN_POINT('',(130.400504222473,29.1688,117.93700057574));
#9662=CARTESIAN_POINT('',(130.400504222473,31.6688,117.93700057574));
#9663=CARTESIAN_POINT('',(130.400794085795,29.1688,117.36716196101));
#9664=CARTESIAN_POINT('',(130.400794085795,31.6688,117.36716196101));
#9665=CARTESIAN_POINT('',(130.870796667308,29.1688,116.256213156035));
#9666=CARTESIAN_POINT('',(130.870796667308,31.6688,116.256213156035));
#9667=CARTESIAN_POINT('',(131.978511833477,29.1688,115.78729010054));
#9668=CARTESIAN_POINT('',(131.978511833477,31.6688,115.78729010054));
#9669=CARTESIAN_POINT('',(132.550504222472,29.1688,115.78699934374));
#9670=CARTESIAN_POINT('',(132.550504222472,31.6688,115.78699934374));
#9671=CARTESIAN_POINT('',(132.550504221996,29.1688,120.08699934374));
#9672=CARTESIAN_POINT('',(132.550504221996,31.6688,120.08699934374));
#9673=CARTESIAN_POINT('',(131.986912395578,29.1688,120.086999343522));
#9674=CARTESIAN_POINT('',(131.986912395578,31.6688,120.086999343522));
#9675=CARTESIAN_POINT('',(130.866741505681,29.1688,119.621486925773));
#9676=CARTESIAN_POINT('',(130.866741505681,31.6688,119.621486925773));
#9677=CARTESIAN_POINT('',(130.400504555683,29.1688,118.499143889668));
#9678=CARTESIAN_POINT('',(130.400504555683,31.6688,118.499143889668));
#9679=CARTESIAN_POINT('',(130.400504222473,29.1688,117.93700057574));
#9680=CARTESIAN_POINT('',(130.400504222473,31.6688,117.93700057574));
#9681=CARTESIAN_POINT('',(134.700504222468,29.1688,117.936998511929));
#9682=CARTESIAN_POINT('',(134.700504222468,31.6688,117.936998511929));
#9683=CARTESIAN_POINT('',(134.700214333574,29.1688,118.506836684881));
#9684=CARTESIAN_POINT('',(134.700214333574,31.6688,118.506836684881));
#9685=CARTESIAN_POINT('',(134.230211747636,29.1688,119.617785595053));
#9686=CARTESIAN_POINT('',(134.230211747636,31.6688,119.617785595053));
#9687=CARTESIAN_POINT('',(133.122496611552,29.1688,120.086708586906));
#9688=CARTESIAN_POINT('',(133.122496611552,31.6688,120.086708586906));
#9689=CARTESIAN_POINT('',(132.550504221993,29.1688,120.08699934374));
#9690=CARTESIAN_POINT('',(132.550504221993,31.6688,120.08699934374));
#9691=CARTESIAN_POINT('',(147.55050286415,31.6688,104.67699934375));
#9692=CARTESIAN_POINT('',(27.5505028641501,31.6688,104.67699934375));
#9693=CARTESIAN_POINT('',(14.954200983425,28.49000324,5.09327901657522));
#9694=CARTESIAN_POINT('',(9.88568000000003,29.69650324,10.1618000000002));
#9695=CARTESIAN_POINT('',(15.942996662745,30.90300324,4.10448333725519));
#9696=CARTESIAN_POINT('',(15.8242257477892,30.90300324,10.1618000000002));
#9697=CARTESIAN_POINT('',(15.8242257477892,30.90300324,4.22325425221101));
#9698=CARTESIAN_POINT('',(9.88568000000004,30.90300324,4.22325425221101));
#9699=CARTESIAN_POINT('',(3.94713425221085,30.90300324,4.22325425221101));
#9700=CARTESIAN_POINT('',(3.94713425221084,30.90300324,10.1618000000002));
#9701=CARTESIAN_POINT('',(15.9887775217365,32.7838386227303,10.1618000000002));
#9702=CARTESIAN_POINT('',(15.9887775217365,32.7838386227303,4.05870247826374));
#9703=CARTESIAN_POINT('',(9.88568000000004,32.7838386227303,4.05870247826374));
#9704=CARTESIAN_POINT('',(3.78258247826358,32.7838386227303,4.05870247826374));
#9705=CARTESIAN_POINT('',(3.78258247826358,32.7838386227303,10.1618000000002));
#9706=CARTESIAN_POINT('',(9.88568000000004,27.4827833727072,10.1618000000002));
#9707=CARTESIAN_POINT('',(2.76098000000009,33.2475635054145,3.03710000000009));
#9708=CARTESIAN_POINT('',(15.9887775217366,32.7838386227303,10.1618000000002));
#9709=CARTESIAN_POINT('',(16.0293481919663,33.2475635054145,10.1618000000002));
#9710=CARTESIAN_POINT('',(16.4948444283672,33.2475635054145,10.1618000000002));
#9711=CARTESIAN_POINT('',(15.9887775217366,32.7838386227303,16.2648975217367));
#9712=CARTESIAN_POINT('',(16.0293481919663,33.2475635054145,16.3054681919665));
#9713=CARTESIAN_POINT('',(16.4948444283672,33.2475635054145,16.7709644283673));
#9714=CARTESIAN_POINT('',(9.88568000000004,32.7838386227303,16.2648975217367));
#9715=CARTESIAN_POINT('',(9.88568000000004,33.2475635054145,16.3054681919665));
#9716=CARTESIAN_POINT('',(9.88568000000004,33.2475635054145,16.7709644283673));
#9717=CARTESIAN_POINT('',(3.78258247826351,32.7838386227303,16.2648975217367));
#9718=CARTESIAN_POINT('',(3.74201180803376,33.2475635054145,16.3054681919665));
#9719=CARTESIAN_POINT('',(3.2765155716329,33.2475635054145,16.7709644283673));
#9720=CARTESIAN_POINT('',(3.78258247826351,32.7838386227303,10.1618000000002));
#9721=CARTESIAN_POINT('',(3.74201180803376,33.2475635054145,10.1618000000002));
#9722=CARTESIAN_POINT('',(3.2765155716329,33.2475635054145,10.1618000000002));
#9723=CARTESIAN_POINT('',(13.7106800000001,26.4755635054145,6.33680000000015));
#9724=CARTESIAN_POINT('',(14.954200983425,28.49000324,117.283279016575));
#9725=CARTESIAN_POINT('',(9.88568000000004,29.69650324,122.3518));
#9726=CARTESIAN_POINT('',(15.942996662745,30.90300324,116.294483337255));
#9727=CARTESIAN_POINT('',(15.8242257477892,30.90300324,122.3518));
#9728=CARTESIAN_POINT('',(15.8242257477892,30.90300324,116.413254252211));
#9729=CARTESIAN_POINT('',(9.88568000000004,30.90300324,116.413254252211));
#9730=CARTESIAN_POINT('',(3.94713425221085,30.90300324,116.413254252211));
#9731=CARTESIAN_POINT('',(3.94713425221084,30.90300324,122.3518));
#9732=CARTESIAN_POINT('',(15.9887775217365,32.7838386227303,122.3518));
#9733=CARTESIAN_POINT('',(15.9887775217365,32.7838386227303,116.248702478264));
#9734=CARTESIAN_POINT('',(9.88568000000004,32.7838386227303,116.248702478264));
#9735=CARTESIAN_POINT('',(3.78258247826358,32.7838386227303,116.248702478264));
#9736=CARTESIAN_POINT('',(3.78258247826358,32.7838386227303,122.3518));
#9737=CARTESIAN_POINT('',(9.88568000000004,27.4827833727072,122.3518));
#9738=CARTESIAN_POINT('',(2.76098000000009,33.2475635054145,115.2271));
#9739=CARTESIAN_POINT('',(15.9887775217366,32.7838386227303,122.3518));
#9740=CARTESIAN_POINT('',(16.0293481919663,33.2475635054145,122.3518));
#9741=CARTESIAN_POINT('',(16.4948444283672,33.2475635054145,122.3518));
#9742=CARTESIAN_POINT('',(15.9887775217366,32.7838386227303,128.454897521737));
#9743=CARTESIAN_POINT('',(16.0293481919663,33.2475635054145,128.495468191966));
#9744=CARTESIAN_POINT('',(16.4948444283672,33.2475635054145,128.960964428367));
#9745=CARTESIAN_POINT('',(9.88568000000004,32.7838386227303,128.454897521737));
#9746=CARTESIAN_POINT('',(9.88568000000005,33.2475635054145,128.495468191966));
#9747=CARTESIAN_POINT('',(9.88568000000004,33.2475635054145,128.960964428367));
#9748=CARTESIAN_POINT('',(3.78258247826351,32.7838386227303,128.454897521737));
#9749=CARTESIAN_POINT('',(3.74201180803377,33.2475635054145,128.495468191966));
#9750=CARTESIAN_POINT('',(3.2765155716329,33.2475635054145,128.960964428367));
#9751=CARTESIAN_POINT('',(3.78258247826351,32.7838386227303,122.3518));
#9752=CARTESIAN_POINT('',(3.74201180803376,33.2475635054145,122.3518));
#9753=CARTESIAN_POINT('',(3.2765155716329,33.2475635054145,122.3518));
#9754=CARTESIAN_POINT('',(13.7106800000001,26.4755635054145,118.5268));
#9755=CARTESIAN_POINT('',(9.88568000000009,32.4562833727072,10.1618000000001));
#9756=CARTESIAN_POINT('',(9.88568000000043,27.9188000000004,10.1618));
#9757=CARTESIAN_POINT('',(15.4207383816437,31.6688,12.1794263556682));
#9758=CARTESIAN_POINT('',(200.05050286415,31.6688,5.6843418860808E-14));
#9759=CARTESIAN_POINT('',(15.5421582349303,31.6688,12.1794263556682));
#9760=CARTESIAN_POINT('',(15.5418055615262,31.66500324,12.1794263556682));
#9761=CARTESIAN_POINT('',(17.6858630620236,31.66500324,6.19699934940991));
#9762=CARTESIAN_POINT('',(15.6341755423138,31.66500324,8.144173644332));
#9763=CARTESIAN_POINT('',(32.5505028641501,31.6688,6.19380000000007));
#9764=CARTESIAN_POINT('',(16.5729372022403,31.6688,6.19380000000007));
#9765=CARTESIAN_POINT('',(152.55050286415,31.6688,6.19380000000007));
#9766=CARTESIAN_POINT('',(15.6341755423137,31.6688,6.19380000000007));
#9767=CARTESIAN_POINT('',(9.88568000000009,32.4581817527072,122.3518));
#9768=CARTESIAN_POINT('',(9.88568000000004,9.07218175270725,10.1618000000002));
#9769=CARTESIAN_POINT('',(9.88568000000004,9.07218175270726,122.3518));
#9770=CARTESIAN_POINT('',(0.499999999999875,-8.33119999999997,1.19380000000007));
#9771=CARTESIAN_POINT('',(0.499999999999943,31.6688,5.6843418860808E-14));
#9772=CARTESIAN_POINT('',(0.499999999999943,0.,5.6843418860808E-14));
#9773=CARTESIAN_POINT('',(15.4207383816437,0.,6.19160130684037));
#9774=CARTESIAN_POINT('',(219.80050286415,-5.6843418860808E-14,5.6843418860808E-14));
#9775=CARTESIAN_POINT('',(15.4207383816436,0.,115.574954958847));
#9776=CARTESIAN_POINT('',(0.499999999999943,0.,131.318));
#9777=CARTESIAN_POINT('',(200.05050286415,-8.33119999999957,131.318));
#9778=CARTESIAN_POINT('',(217.85890286415,2.8421709430404E-14,131.0118));
#9779=CARTESIAN_POINT('',(219.80050286415,-5.06261699229071E-14,4.69380000000007));
#9780=CARTESIAN_POINT('',(219.80050286415,0.,131.0118));
#9781=CARTESIAN_POINT('',(200.05050286415,0.,132.5118));
#9782=CARTESIAN_POINT('',(127.55050286415,31.6688,131.0118));
#9783=CARTESIAN_POINT('',(127.55050286415,26.6688,124.68019869316));
#9784=CARTESIAN_POINT('',(15.5421582349303,31.6688,12.4919697030728));
#9785=CARTESIAN_POINT('',(200.05050286415,-1.08119999999997,124.68019869316));
#9786=CARTESIAN_POINT('',(200.050495210656,-1.08120000000017,1.19380000000007));
#9787=CARTESIAN_POINT('',(200.050495210656,1.4210854715202E-13,1.19380000000007));
#9788=CARTESIAN_POINT('',(200.050495210656,-1.08120000000346,6.19160130684043));
#9789=CARTESIAN_POINT('',(35.0505028641501,29.1688,28.6969993494099));
#9790=CARTESIAN_POINT('',(9.8856799999998,15.8325016199988,10.1618000000003));
#9791=CARTESIAN_POINT('',(27.5505028641501,30.4188,21.1969993494099));
#9792=CARTESIAN_POINT('',(27.5505359574922,29.1688,15.0869993489515));
#9793=CARTESIAN_POINT('',(28.1141171557169,29.1688,15.0869906119197));
#9794=CARTESIAN_POINT('',(29.2342718029706,29.1688,14.621476153853));
#9795=CARTESIAN_POINT('',(29.7005042224721,29.1688,13.4991429929223));
#9796=CARTESIAN_POINT('',(29.7005042216516,29.1688,12.9369597517837));
#9797=CARTESIAN_POINT('',(27.5505359574922,31.6688,15.0869993489515));
#9798=CARTESIAN_POINT('',(28.1141171557169,31.6688,15.0869906119197));
#9799=CARTESIAN_POINT('',(29.2342718029706,31.6688,14.621476153853));
#9800=CARTESIAN_POINT('',(29.7005042224721,31.6688,13.4991429929223));
#9801=CARTESIAN_POINT('',(29.7005042216516,31.6688,12.9369597517837));
#9802=CARTESIAN_POINT('',(25.4005042233047,29.1688,12.937039239153));
#9803=CARTESIAN_POINT('',(25.4008255844573,29.1688,13.5069587614411));
#9804=CARTESIAN_POINT('',(25.8708691084667,29.1688,14.6178349597836));
#9805=CARTESIAN_POINT('',(26.9785645941376,29.1688,15.0867168104573));
#9806=CARTESIAN_POINT('',(27.5505359574922,29.1688,15.0869993489514));
#9807=CARTESIAN_POINT('',(25.4005042233047,31.6688,12.937039239153));
#9808=CARTESIAN_POINT('',(25.4008255844573,31.6688,13.5069587614411));
#9809=CARTESIAN_POINT('',(25.8708691084667,31.6688,14.6178349597836));
#9810=CARTESIAN_POINT('',(26.9785645941376,31.6688,15.0867168104573));
#9811=CARTESIAN_POINT('',(27.5505359574922,31.6688,15.0869993489514));
#9812=CARTESIAN_POINT('',(27.5504730805783,29.1688,10.786999349871));
#9813=CARTESIAN_POINT('',(26.9868916821794,29.1688,10.7870079236156));
#9814=CARTESIAN_POINT('',(25.8667367237541,29.1688,11.252522348118));
#9815=CARTESIAN_POINT('',(25.4005042224725,29.1688,12.3748557059358));
#9816=CARTESIAN_POINT('',(25.4005042233051,29.1688,12.937039239153));
#9817=CARTESIAN_POINT('',(27.5504730805783,31.6688,10.786999349871));
#9818=CARTESIAN_POINT('',(26.9868916821794,31.6688,10.7870079236156));
#9819=CARTESIAN_POINT('',(25.8667367237541,31.6688,11.252522348118));
#9820=CARTESIAN_POINT('',(25.4005042224725,31.6688,12.3748557059358));
#9821=CARTESIAN_POINT('',(25.4005042233051,31.6688,12.937039239153));
#9822=CARTESIAN_POINT('',(29.7005042216516,29.1688,12.9369597517837));
#9823=CARTESIAN_POINT('',(29.7001830927136,29.1688,12.3670409635869));
#9824=CARTESIAN_POINT('',(29.2301400315359,29.1688,11.2561643345845));
#9825=CARTESIAN_POINT('',(28.1224446000882,29.1688,10.787282041847));
#9826=CARTESIAN_POINT('',(27.5504730805779,29.1688,10.7869993498711));
#9827=CARTESIAN_POINT('',(29.7005042216516,31.6688,12.9369597517837));
#9828=CARTESIAN_POINT('',(29.7001830927136,31.6688,12.3670409635869));
#9829=CARTESIAN_POINT('',(29.2301400315359,31.6688,11.2561643345845));
#9830=CARTESIAN_POINT('',(28.1224446000882,31.6688,10.787282041847));
#9831=CARTESIAN_POINT('',(27.5504730805779,31.6688,10.7869993498711));
#9832=CARTESIAN_POINT('',(27.5505028641501,31.6688,26.1969993494099));
#9833=CARTESIAN_POINT('',(17.6858630620236,29.1688,6.19699934940996));
#9834=CARTESIAN_POINT('',(16.5729372022403,29.1688,15.804768289038));
#9835=CARTESIAN_POINT('',(16.5729372022403,26.6688,15.804768289038));
#9836=CARTESIAN_POINT('',(16.5729372022403,2.12935495850881E-14,15.804768289038));
#9837=CARTESIAN_POINT('',(16.0494332465497,29.1688,16.4251519982454));
#9838=CARTESIAN_POINT('',(16.0494332465497,26.6688000000001,16.4251519982454));
#9839=CARTESIAN_POINT('',(16.0494332465497,1.10795700655574E-14,16.4251519982454));
#9840=CARTESIAN_POINT('',(15.4207383816437,29.1688,16.938645041153));
#9841=CARTESIAN_POINT('',(15.4207383816437,26.6688000000001,16.938645041153));
#9842=CARTESIAN_POINT('',(15.4207383816436,1.75152270497394E-14,16.938645041153));
#9843=CARTESIAN_POINT('',(18.63568,29.1688,10.1618000000001));
#9844=CARTESIAN_POINT('',(18.63568,26.6688,10.1618000000001));
#9845=CARTESIAN_POINT('',(18.6356800000001,29.1688000000001,13.3602938698772));
#9846=CARTESIAN_POINT('',(18.6356800000001,26.6688000000001,13.3602938698772));
#9847=CARTESIAN_POINT('',(16.5729372022403,29.1688,15.804768289038));
#9848=CARTESIAN_POINT('',(16.5729372022403,26.6688,15.804768289038));
#9849=CARTESIAN_POINT('',(155.05050286415,29.1688,26.1969993494099));
#9850=CARTESIAN_POINT('',(132.55050286415,30.4188,21.19699934941));
#9851=CARTESIAN_POINT('',(147.55050286415,30.4188,21.1969993494099));
#9852=CARTESIAN_POINT('',(147.55050286415,31.6688,26.1969993494099));
#9853=CARTESIAN_POINT('',(149.700504222472,29.1688,12.93699934942));
#9854=CARTESIAN_POINT('',(149.700504222472,29.1688,12.3734074411677));
#9855=CARTESIAN_POINT('',(149.234991559825,29.1688,11.253236144444));
#9856=CARTESIAN_POINT('',(148.112647865971,29.1688,10.7869993494199));
#9857=CARTESIAN_POINT('',(147.550504222472,29.1688,10.7869993494199));
#9858=CARTESIAN_POINT('',(149.700504222472,31.6688,12.93699934942));
#9859=CARTESIAN_POINT('',(149.700504222472,31.6688,12.3734074411677));
#9860=CARTESIAN_POINT('',(149.234991559825,31.6688,11.253236144444));
#9861=CARTESIAN_POINT('',(148.112647865971,31.6688,10.78699934942));
#9862=CARTESIAN_POINT('',(147.550504222472,31.6688,10.78699934942));
#9863=CARTESIAN_POINT('',(147.550535957492,29.1688,15.0869993489515));
#9864=CARTESIAN_POINT('',(148.114117155717,29.1688,15.0869906119197));
#9865=CARTESIAN_POINT('',(149.234271802971,29.1688,14.621476153853));
#9866=CARTESIAN_POINT('',(149.700504222472,29.1688,13.4991429929223));
#9867=CARTESIAN_POINT('',(149.700504222472,29.1688,12.9369993494199));
#9868=CARTESIAN_POINT('',(147.550535957492,31.6688,15.0869993489515));
#9869=CARTESIAN_POINT('',(148.114117155717,31.6688,15.0869906119198));
#9870=CARTESIAN_POINT('',(149.234271802971,31.6688,14.6214761538531));
#9871=CARTESIAN_POINT('',(149.700504222472,31.6688,13.4991429929224));
#9872=CARTESIAN_POINT('',(149.700504222472,31.6688,12.93699934942));
#9873=CARTESIAN_POINT('',(145.400504223305,29.1688,12.937039239153));
#9874=CARTESIAN_POINT('',(145.400825584457,29.1688,13.5069587614411));
#9875=CARTESIAN_POINT('',(145.870869108467,29.1688,14.6178349597836));
#9876=CARTESIAN_POINT('',(146.978564594138,29.1688,15.0867168104573));
#9877=CARTESIAN_POINT('',(147.550535957492,29.1688,15.0869993489514));
#9878=CARTESIAN_POINT('',(145.400504223305,31.6688,12.937039239153));
#9879=CARTESIAN_POINT('',(145.400825584457,31.6688,13.5069587614411));
#9880=CARTESIAN_POINT('',(145.870869108467,31.6688,14.6178349597836));
#9881=CARTESIAN_POINT('',(146.978564594138,31.6688,15.0867168104574));
#9882=CARTESIAN_POINT('',(147.550535957492,31.6688,15.0869993489515));
#9883=CARTESIAN_POINT('',(147.550504222472,29.1688,10.7869993494199));
#9884=CARTESIAN_POINT('',(146.986912314227,29.1688,10.7869993494199));
#9885=CARTESIAN_POINT('',(145.866741017492,29.1688,11.2525120120598));
#9886=CARTESIAN_POINT('',(145.400504222472,29.1688,12.3748557059358));
#9887=CARTESIAN_POINT('',(145.400504223305,29.1688,12.937039239153));
#9888=CARTESIAN_POINT('',(147.550504222472,31.6688,10.7869993494199));
#9889=CARTESIAN_POINT('',(146.986912314227,31.6688,10.7869993494199));
#9890=CARTESIAN_POINT('',(145.866741017492,31.6688,11.2525120120599));
#9891=CARTESIAN_POINT('',(145.400504222472,31.6688,12.3748557059359));
#9892=CARTESIAN_POINT('',(145.400504223305,31.6688,12.9370392391531));
#9893=CARTESIAN_POINT('',(132.550504222476,29.1688,15.0869993494199));
#9894=CARTESIAN_POINT('',(133.114096130721,29.1688,15.0869993494199));
#9895=CARTESIAN_POINT('',(134.2342671512,29.1688,14.6214868015933));
#9896=CARTESIAN_POINT('',(134.70050399251,29.1688,13.4991435464678));
#9897=CARTESIAN_POINT('',(134.700504222475,29.1688,12.937000181231));
#9898=CARTESIAN_POINT('',(132.550504222476,31.6688,15.0869993494199));
#9899=CARTESIAN_POINT('',(133.114096130721,31.6688,15.0869993494199));
#9900=CARTESIAN_POINT('',(134.2342671512,31.6688,14.6214868015933));
#9901=CARTESIAN_POINT('',(134.70050399251,31.6688,13.4991435464678));
#9902=CARTESIAN_POINT('',(134.700504222475,31.6688,12.937000181231));
#9903=CARTESIAN_POINT('',(130.400504222473,29.1688,12.9369981174198));
#9904=CARTESIAN_POINT('',(130.400794085795,29.1688,13.5068367321494));
#9905=CARTESIAN_POINT('',(130.870796667308,29.1688,14.6177855371251));
#9906=CARTESIAN_POINT('',(131.978511833477,29.1688,15.0867085926195));
#9907=CARTESIAN_POINT('',(132.550504222472,29.1688,15.0869993494198));
#9908=CARTESIAN_POINT('',(130.400504222473,31.6688,12.9369981174198));
#9909=CARTESIAN_POINT('',(130.400794085795,31.6688,13.5068367321494));
#9910=CARTESIAN_POINT('',(130.870796667308,31.6688,14.6177855371251));
#9911=CARTESIAN_POINT('',(131.978511833477,31.6688,15.0867085926195));
#9912=CARTESIAN_POINT('',(132.550504222472,31.6688,15.0869993494198));
#9913=CARTESIAN_POINT('',(132.550504221996,29.1688,10.7869993494199));
#9914=CARTESIAN_POINT('',(131.986912395578,29.1688,10.7869993496379));
#9915=CARTESIAN_POINT('',(130.866741505681,29.1688,11.2525117673865));
#9916=CARTESIAN_POINT('',(130.400504555683,29.1688,12.3748548034915));
#9917=CARTESIAN_POINT('',(130.400504222473,29.1688,12.9369981174198));
#9918=CARTESIAN_POINT('',(132.550504221996,31.6688,10.7869993494199));
#9919=CARTESIAN_POINT('',(131.986912395578,31.6688,10.7869993496379));
#9920=CARTESIAN_POINT('',(130.866741505681,31.6688,11.2525117673865));
#9921=CARTESIAN_POINT('',(130.400504555683,31.6688,12.3748548034915));
#9922=CARTESIAN_POINT('',(130.400504222473,31.6688,12.9369981174198));
#9923=CARTESIAN_POINT('',(134.700504222468,29.1688,12.9370001812311));
#9924=CARTESIAN_POINT('',(134.700214333574,29.1688,12.3671620082793));
#9925=CARTESIAN_POINT('',(134.230211747636,29.1688,11.2562130981065));
#9926=CARTESIAN_POINT('',(133.122496611552,29.1688,10.7872901062542));
#9927=CARTESIAN_POINT('',(132.550504221993,29.1688,10.7869993494201));
#9928=CARTESIAN_POINT('',(134.700504222468,31.6688,12.9370001812311));
#9929=CARTESIAN_POINT('',(134.700214333574,31.6688,12.3671620082793));
#9930=CARTESIAN_POINT('',(134.230211747636,31.6688,11.2562130981065));
#9931=CARTESIAN_POINT('',(133.122496611552,31.6688,10.7872901062542));
#9932=CARTESIAN_POINT('',(132.550504221993,31.6688,10.7869993494201));
#9933=CARTESIAN_POINT('',(127.55050286415,31.6688,21.1969993494099));
#9934=CARTESIAN_POINT('',(200.05050286415,-5.6843418860808E-14,6.19380000000007));
#9935=CARTESIAN_POINT('',(32.5505028641501,29.1688,102.17699934375));
#9936=CARTESIAN_POINT('',(15.4207383816437,-8.33119999999997,131.318));
#9937=CARTESIAN_POINT('',(15.4207383816436,29.1688000000001,115.574954958847));
#9938=CARTESIAN_POINT('',(15.4207383816436,26.6688,115.574954958847));
#9939=CARTESIAN_POINT('',(18.63568,29.1688000000001,118.200791825873));
#9940=CARTESIAN_POINT('',(18.63568,26.6688000000001,118.200791825873));
#9941=CARTESIAN_POINT('',(18.63568,29.1688000000001,122.3518));
#9942=CARTESIAN_POINT('',(18.63568,26.6688,122.3518));
#9943=CARTESIAN_POINT('',(155.05050286415,29.1688,104.67699934375));
#9944=CARTESIAN_POINT('',(152.55050286415,31.6688,124.68019869316));
#9945=CARTESIAN_POINT('',(219.80050286415,-1.08120000000002,124.68019869316));
#9946=CARTESIAN_POINT('',(217.85890286415,0.,5.6843418860808E-14));
#9947=CARTESIAN_POINT('',(127.55050286415,31.6688,109.67699934375));
#9948=CARTESIAN_POINT('',(200.05050286415,-1.08120000000346,5.6843418860808E-14));
#9949=CARTESIAN_POINT('',(32.5505028641501,31.6688,131.0118));
#9950=CARTESIAN_POINT('',(200.05050286415,-1.08119999999997,132.5118));
#9951=CARTESIAN_POINT('',(32.5505028641501,26.6688,8.69380000000007));
#9952=CARTESIAN_POINT('',(127.55050286415,34.1688,8.69380000000007));
#9953=CARTESIAN_POINT('',(35.0505028641501,24.1688,131.0118));
#9954=CARTESIAN_POINT('',(125.05050286415,34.1688,131.0118));
#9955=CARTESIAN_POINT('',(17.9207383816437,34.1688000000002,26.19699934941));
#9956=CARTESIAN_POINT('',(152.55050286415,26.6688,8.69380000000007));
#9957=CARTESIAN_POINT('',(17.9207383816437,26.6688000000001,104.67699934375));
#9958=CARTESIAN_POINT('',(152.55050286415,34.1688000000006,122.180198693159));
#9959=CARTESIAN_POINT('',(27.5505359574922,30.1688000000001,115.786999344208));
#9960=CARTESIAN_POINT('',(27.5501771047045,31.6688,114.286999435802));
#9961=CARTESIAN_POINT('',(27.8247983973572,30.1688,115.785672179808));
#9962=CARTESIAN_POINT('',(28.0286225343009,31.6688,114.287016360459));
#9963=CARTESIAN_POINT('',(28.3977897796765,30.1688000000001,115.90441902886));
#9964=CARTESIAN_POINT('',(28.9819598348314,31.6688,114.480830962266));
#9965=CARTESIAN_POINT('',(29.11131882966,30.1688000000001,116.376300087086));
#9966=CARTESIAN_POINT('',(30.2005465090055,31.6688,115.287576730507));
#9967=CARTESIAN_POINT('',(29.5821215227974,30.1688000000001,117.089776891171));
#9968=CARTESIAN_POINT('',(31.006357853782,31.6688,116.5066769948));
#9969=CARTESIAN_POINT('',(29.702867314223,30.1688,117.664664629912));
#9970=CARTESIAN_POINT('',(31.2003690904233,31.6688,117.459037556701));
#9971=CARTESIAN_POINT('',(29.7005042216516,30.1688,117.937038941376));
#9972=CARTESIAN_POINT('',(31.2005041025921,31.6688,117.93746154069));
#9973=CARTESIAN_POINT('',(25.4005042233048,30.1688,117.936959454007));
#9974=CARTESIAN_POINT('',(23.9005043425362,31.6688,117.936536549632));
#9975=CARTESIAN_POINT('',(25.4006431253926,30.1688000000001,117.377102186154));
#9976=CARTESIAN_POINT('',(23.897084048752,31.6688000000001,116.981360495755));
#9977=CARTESIAN_POINT('',(25.8655345337228,30.1688000000001,116.249211519587));
#9978=CARTESIAN_POINT('',(24.6926794387548,31.6688000000001,115.079518631211));
#9979=CARTESIAN_POINT('',(26.9882311255529,30.1688000000001,115.787515985052));
#9980=CARTESIAN_POINT('',(26.5940023616081,31.6688000000001,114.282718431021));
#9981=CARTESIAN_POINT('',(27.5505359574922,30.1688000000001,115.786999344208));
#9982=CARTESIAN_POINT('',(27.5501771047045,31.6688,114.286999435802));
#9983=CARTESIAN_POINT('',(27.5504730805779,30.1688,120.086999343289));
#9984=CARTESIAN_POINT('',(27.5508323518207,31.6688,121.586999251599));
#9985=CARTESIAN_POINT('',(27.2762105524064,30.1688,120.088326586698));
#9986=CARTESIAN_POINT('',(27.0723867663597,31.6688,121.58698246598));
#9987=CARTESIAN_POINT('',(26.7032189460687,30.1688,119.969579822814));
#9988=CARTESIAN_POINT('',(26.1190490720689,31.6688,121.393167987731));
#9989=CARTESIAN_POINT('',(25.9896896369064,30.1688,119.497698657835));
#9990=CARTESIAN_POINT('',(24.9004619907691,31.6688,120.586422078687));
#9991=CARTESIAN_POINT('',(25.5188869114414,30.1688,118.784221759372));
#9992=CARTESIAN_POINT('',(24.0946505228687,31.6688,119.367321559249));
#9993=CARTESIAN_POINT('',(25.3981411343279,30.1688,118.209333917758));
#9994=CARTESIAN_POINT('',(23.9006393536212,31.6688,118.414960882397));
#9995=CARTESIAN_POINT('',(25.4005042233048,30.1688,117.936959454007));
#9996=CARTESIAN_POINT('',(23.9005043425362,31.6688,117.936536549632));
#9997=CARTESIAN_POINT('',(29.7005042216516,30.1688,117.937038941376));
#9998=CARTESIAN_POINT('',(31.2005041025921,31.6688,117.93746154069));
#9999=CARTESIAN_POINT('',(29.7003655520831,30.1688,118.496895556572));
#10000=CARTESIAN_POINT('',(31.2039246806004,31.6688,118.892636987901));
#10001=CARTESIAN_POINT('',(29.2354743953003,30.1688,119.624786755554));
#10002=CARTESIAN_POINT('',(30.4083299499004,31.6688000000001,120.794479029463));
#10003=CARTESIAN_POINT('',(28.1127781140989,30.1688,120.086482500731));
#10004=CARTESIAN_POINT('',(28.507007378371,31.6688000000001,121.59128002163));
#10005=CARTESIAN_POINT('',(27.5504730805779,30.1688,120.086999343289));
#10006=CARTESIAN_POINT('',(27.5508323518207,31.6688,121.586999251599));
#10007=CARTESIAN_POINT('',(132.550504222472,30.1688000000001,115.78699934374));
#10008=CARTESIAN_POINT('',(132.550122980385,31.6688,114.286999440637));
#10009=CARTESIAN_POINT('',(132.824771145832,30.1688000000001,115.785667667481));
#10010=CARTESIAN_POINT('',(133.028576718872,31.6688,114.287008956691));
#10011=CARTESIAN_POINT('',(133.397775598797,30.1688,115.90441130896));
#10012=CARTESIAN_POINT('',(133.981935288306,31.6688,114.480816708303));
#10013=CARTESIAN_POINT('',(134.111311545823,30.1688000000001,116.376292021639));
#10014=CARTESIAN_POINT('',(135.200535466034,31.6688000000001,115.287565448194));
#10015=CARTESIAN_POINT('',(134.582119450997,30.1688,117.089771233649));
#10016=CARTESIAN_POINT('',(136.006348267783,31.6688,116.506658325337));
#10017=CARTESIAN_POINT('',(134.702867887088,30.1688,117.664645098671));
#10018=CARTESIAN_POINT('',(136.200368751053,31.6688,117.459002651408));
#10019=CARTESIAN_POINT('',(134.700504222472,30.1688,117.936998511929));
#10020=CARTESIAN_POINT('',(136.200504125423,31.6688,117.937379746143));
#10021=CARTESIAN_POINT('',(130.400504222473,30.1688,117.93700057574));
#10022=CARTESIAN_POINT('',(128.900504319505,31.6688,117.936619513226));
#10023=CARTESIAN_POINT('',(130.40061135635,30.1688,117.377214392257));
#10024=CARTESIAN_POINT('',(128.897044628936,31.6688,116.98149722418));
#10025=CARTESIAN_POINT('',(130.865489880218,30.1688,116.249236421729));
#10026=CARTESIAN_POINT('',(129.69258722405,31.6688,115.079605052014));
#10027=CARTESIAN_POINT('',(131.988171605709,30.1688000000001,115.787531167792));
#10028=CARTESIAN_POINT('',(131.593909079917,31.6688,114.282729298416));
#10029=CARTESIAN_POINT('',(132.550504222472,30.1688000000001,115.78699934374));
#10030=CARTESIAN_POINT('',(132.550122980385,31.6688,114.286999440637));
#10031=CARTESIAN_POINT('',(132.550504221996,30.1688,120.08699934374));
#10032=CARTESIAN_POINT('',(132.550885463837,31.6688,121.586999246843));
#10033=CARTESIAN_POINT('',(132.276237336195,30.1688,120.088331019175));
#10034=CARTESIAN_POINT('',(132.072431794894,31.6688,121.586989730636));
#10035=CARTESIAN_POINT('',(131.703232969027,30.1688,119.969587414267));
#10036=CARTESIAN_POINT('',(131.119073363215,31.6688,121.39318203723));
#10037=CARTESIAN_POINT('',(130.989697077064,30.1688,119.497706823925));
#10038=CARTESIAN_POINT('',(129.900473279941,31.6688000000001,120.586433506455));
#10039=CARTESIAN_POINT('',(130.51888912645,30.1688,118.784227752018));
#10040=CARTESIAN_POINT('',(129.09466040531,31.6688,119.367340874347));
#10041=CARTESIAN_POINT('',(130.398140609,30.1688,118.20935396542));
#10042=CARTESIAN_POINT('',(128.900639781512,31.6688000000001,118.414996668586));
#10043=CARTESIAN_POINT('',(130.400504222473,30.1688,117.93700057574));
#10044=CARTESIAN_POINT('',(128.900504319505,31.6688,117.936619513226));
#10045=CARTESIAN_POINT('',(134.700504222472,30.1688,117.936998511929));
#10046=CARTESIAN_POINT('',(136.200504125423,31.6688,117.937379746143));
#10047=CARTESIAN_POINT('',(134.700397065099,30.1688,118.496784315148));
#10048=CARTESIAN_POINT('',(136.203963704445,31.6688,118.892501752081));
#10049=CARTESIAN_POINT('',(134.235518392721,30.1688,119.624762436608));
#10050=CARTESIAN_POINT('',(135.408421052722,31.6688,120.794393681885));
#10051=CARTESIAN_POINT('',(133.112836899382,30.1688,120.086467479278));
#10052=CARTESIAN_POINT('',(133.507099398736,31.6688,121.591269403749));
#10053=CARTESIAN_POINT('',(132.550504221996,30.1688,120.08699934374));
#10054=CARTESIAN_POINT('',(132.550885463837,31.6688,121.586999246843));
#10055=CARTESIAN_POINT('',(149.700504222472,30.1688,117.93699934374));
#10056=CARTESIAN_POINT('',(151.200504222472,31.6688,117.93699934374));
#10057=CARTESIAN_POINT('',(149.70183589943,30.1688000000001,118.211266266429));
#10058=CARTESIAN_POINT('',(151.200494609446,31.6688000000001,118.415071840224));
#10059=CARTESIAN_POINT('',(149.583092254834,30.1688,118.78427072181));
#10060=CARTESIAN_POINT('',(151.006686858201,31.6688,119.368430409228));
#10061=CARTESIAN_POINT('',(149.111211469079,30.1688,119.497806784458));
#10062=CARTESIAN_POINT('',(150.19993798193,31.6688000000001,120.587030792709));
#10063=CARTESIAN_POINT('',(148.397731943605,30.1688,119.968614795212));
#10064=CARTESIAN_POINT('',(148.980844592294,31.6688,121.392843759575));
#10065=CARTESIAN_POINT('',(147.822857755115,30.1688,120.089363122117));
#10066=CARTESIAN_POINT('',(148.028499711266,31.6688,121.586864068038));
#10067=CARTESIAN_POINT('',(147.550504222472,30.1688,120.08699934374));
#10068=CARTESIAN_POINT('',(147.550504222472,31.6688,121.58699934374));
#10069=CARTESIAN_POINT('',(147.550535957492,30.1688000000001,115.786999344208));
#10070=CARTESIAN_POINT('',(147.550177104705,31.6688,114.286999435802));
#10071=CARTESIAN_POINT('',(147.824798224117,30.1688000000001,115.78567197544));
#10072=CARTESIAN_POINT('',(148.028622512898,31.6688000000001,114.287016382666));
#10073=CARTESIAN_POINT('',(148.397790385963,30.1688000000001,115.904419794435));
#10074=CARTESIAN_POINT('',(148.981959957209,31.6688,114.480830812908));
#10075=CARTESIAN_POINT('',(149.111314520711,30.1688000000001,116.376296561818));
#10076=CARTESIAN_POINT('',(150.200540842143,31.6688,115.287573408127));
#10077=CARTESIAN_POINT('',(149.582119786404,30.1688000000001,117.089771696902));
#10078=CARTESIAN_POINT('',(151.00634862624,31.6688,116.506658955446));
#10079=CARTESIAN_POINT('',(149.702867944828,30.1688,117.664645773686));
#10080=CARTESIAN_POINT('',(151.200368952833,31.6688,117.459003864082));
#10081=CARTESIAN_POINT('',(149.700504222472,30.1688,117.93699934374));
#10082=CARTESIAN_POINT('',(151.200504222472,31.6688,117.93699934374));
#10083=CARTESIAN_POINT('',(145.400504223305,30.1688,117.936959454007));
#10084=CARTESIAN_POINT('',(143.900504342536,31.6688,117.936536549632));
#10085=CARTESIAN_POINT('',(145.400643125393,30.1688,117.377102186154));
#10086=CARTESIAN_POINT('',(143.897084048752,31.6688,116.981360495755));
#10087=CARTESIAN_POINT('',(145.865534533723,30.1688000000001,116.249211519587));
#10088=CARTESIAN_POINT('',(144.692679438755,31.6688000000001,115.079518631211));
#10089=CARTESIAN_POINT('',(146.988231125553,30.1688,115.787515985052));
#10090=CARTESIAN_POINT('',(146.594002361608,31.6688,114.282718431021));
#10091=CARTESIAN_POINT('',(147.550535957492,30.1688000000001,115.786999344208));
#10092=CARTESIAN_POINT('',(147.550177104705,31.6688,114.286999435802));
#10093=CARTESIAN_POINT('',(147.550504222472,30.1688,120.08699934374));
#10094=CARTESIAN_POINT('',(147.550504222472,31.6688,121.58699934374));
#10095=CARTESIAN_POINT('',(147.276237125218,30.1688,120.088330814774));
#10096=CARTESIAN_POINT('',(147.072431704512,31.6688,121.586989753165));
#10097=CARTESIAN_POINT('',(146.703233455246,30.1688,119.969588147415));
#10098=CARTESIAN_POINT('',(146.119073280103,31.6688,121.393181828861));
#10099=CARTESIAN_POINT('',(145.989692440867,30.1688,119.497703038941));
#10100=CARTESIAN_POINT('',(144.900467065052,31.6688000000001,120.586429756554));
#10101=CARTESIAN_POINT('',(145.51888702186,30.1688,118.784221832338));
#10102=CARTESIAN_POINT('',(144.094650510882,31.6688,119.367321540986));
#10103=CARTESIAN_POINT('',(145.398141079327,30.1688,118.209333881025));
#10104=CARTESIAN_POINT('',(143.900639359633,31.6688,118.414960891424));
#10105=CARTESIAN_POINT('',(145.400504223305,30.1688,117.936959454007));
#10106=CARTESIAN_POINT('',(143.900504342536,31.6688,117.936536549632));
#10107=CARTESIAN_POINT('',(147.550504222472,30.1688,10.78699934942));
#10108=CARTESIAN_POINT('',(147.550504222472,31.6688,9.28699934941997));
#10109=CARTESIAN_POINT('',(147.823817331486,30.1688,10.7856546403513));
#10110=CARTESIAN_POINT('',(148.028358444398,31.6688000000001,9.28702166917876));
#10111=CARTESIAN_POINT('',(148.396868455189,30.1688,10.904492900936));
#10112=CARTESIAN_POINT('',(148.980967268396,31.6688,9.48125789765938));
#10113=CARTESIAN_POINT('',(149.111896305093,30.1688,11.376871094789));
#10114=CARTESIAN_POINT('',(150.199845377862,31.6688000000001,10.2868848471586));
#10115=CARTESIAN_POINT('',(149.582193265845,30.1688,12.0888710459821));
#10116=CARTESIAN_POINT('',(151.006802502945,31.6688,11.50567906425));
#10117=CARTESIAN_POINT('',(149.702863971458,30.1688,12.6636846056445));
#10118=CARTESIAN_POINT('',(151.200367105734,31.6688,12.4587987577911));
#10119=CARTESIAN_POINT('',(149.700504222472,30.1688,12.93699934942));
#10120=CARTESIAN_POINT('',(151.200504222472,31.6688,12.93699934942));
#10121=CARTESIAN_POINT('',(149.700504222472,30.1688,12.9369993494199));
#10122=CARTESIAN_POINT('',(151.200504222472,31.6688,12.9369993494199));
#10123=CARTESIAN_POINT('',(149.701848905148,30.1688,13.2103124840512));
#10124=CARTESIAN_POINT('',(151.200481905175,31.6688,13.4148535677675));
#10125=CARTESIAN_POINT('',(149.583010761907,30.1688000000001,13.7833635147747));
#10126=CARTESIAN_POINT('',(151.006245664821,31.6688,14.3674624095759));
#10127=CARTESIAN_POINT('',(149.110635354599,30.1688,14.4983869577173));
#10128=CARTESIAN_POINT('',(150.200623892961,31.6688,15.5863326846918));
#10129=CARTESIAN_POINT('',(148.398647281813,30.1688,14.9686799277032));
#10130=CARTESIAN_POINT('',(148.98184918035,31.6688,16.3932835199784));
#10131=CARTESIAN_POINT('',(147.823846073574,30.1688000000001,15.0893547734342));
#10132=CARTESIAN_POINT('',(148.028750604947,31.6688,16.5868548115699));
#10133=CARTESIAN_POINT('',(147.550535957492,30.1688000000001,15.0869993489514));
#10134=CARTESIAN_POINT('',(147.550177104705,31.6688,16.5869992573578));
#10135=CARTESIAN_POINT('',(147.550535957492,30.1688000000001,15.0869993489514));
#10136=CARTESIAN_POINT('',(147.550177104705,31.6688,16.5869992573578));
#10137=CARTESIAN_POINT('',(146.988231125582,30.1688,15.0864827081379));
#10138=CARTESIAN_POINT('',(146.59400236155,31.6688,16.5912802620883));
#10139=CARTESIAN_POINT('',(145.865534533638,30.1688000000001,14.6247871734877));
#10140=CARTESIAN_POINT('',(144.692679438912,31.6688,15.7944800620938));
#10141=CARTESIAN_POINT('',(145.400643125422,30.1688000000001,13.4968965070341));
#10142=CARTESIAN_POINT('',(143.897084048697,31.6688000000001,13.8926381973507));
#10143=CARTESIAN_POINT('',(145.400504223305,30.1688,12.937039239153));
#10144=CARTESIAN_POINT('',(143.900504342536,31.6688,12.9374621435276));
#10145=CARTESIAN_POINT('',(145.400504223305,30.1688,12.937039239153));
#10146=CARTESIAN_POINT('',(143.900504342536,31.6688,12.9374621435276));
#10147=CARTESIAN_POINT('',(145.399159969927,30.1688,12.6637054724413));
#10148=CARTESIAN_POINT('',(143.900526357375,31.6688,12.4591790078885));
#10149=CARTESIAN_POINT('',(145.517996181764,30.1688,12.0906401377693));
#10150=CARTESIAN_POINT('',(144.094753519083,31.6688,11.5065545338154));
#10151=CARTESIAN_POINT('',(145.990371501007,30.1688,11.3756109898518));
#10152=CARTESIAN_POINT('',(144.900383974874,31.6688,10.287661490812));
#10153=CARTESIAN_POINT('',(146.702376695067,30.1688,10.905309306226));
#10154=CARTESIAN_POINT('',(146.119184111712,31.6688,9.48070128958405));
#10155=CARTESIAN_POINT('',(147.277189121151,30.1688,10.7846400640677));
#10156=CARTESIAN_POINT('',(147.072303547665,31.6688,9.28713636070241));
#10157=CARTESIAN_POINT('',(147.550504222472,30.1688,10.7869993494199));
#10158=CARTESIAN_POINT('',(147.550504222472,31.6688,9.28699934941991));
#10159=CARTESIAN_POINT('',(134.700504222472,30.1688,12.937000181231));
#10160=CARTESIAN_POINT('',(136.200504125423,31.6688,12.9366189470172));
#10161=CARTESIAN_POINT('',(134.701848818249,30.1688,13.2103131700565));
#10162=CARTESIAN_POINT('',(136.200481706799,31.6688,13.4148547750582));
#10163=CARTESIAN_POINT('',(134.583010447461,30.1688,13.7833639719602));
#10164=CARTESIAN_POINT('',(136.006245303977,31.6688,14.3674630436694));
#10165=CARTESIAN_POINT('',(134.110632360113,30.1688,14.4983915068747));
#10166=CARTESIAN_POINT('',(135.200618519005,31.6688,15.5863406411925));
#10167=CARTESIAN_POINT('',(133.398632523913,30.1688,14.9686883958619));
#10168=CARTESIAN_POINT('',(133.981824508236,31.6688000000001,16.3932976293866));
#10169=CARTESIAN_POINT('',(132.823818967258,30.1688,15.0893590968801));
#10170=CARTESIAN_POINT('',(133.028704813822,31.6688,16.5868622329268));
#10171=CARTESIAN_POINT('',(132.550504222472,30.1688,15.0869993494199));
#10172=CARTESIAN_POINT('',(132.550122980385,31.6688,16.5869992525228));
#10173=CARTESIAN_POINT('',(132.550504222472,30.1688,15.0869993494199));
#10174=CARTESIAN_POINT('',(132.550122980385,31.6688,16.5869992525228));
#10175=CARTESIAN_POINT('',(131.988171605709,30.1688000000001,15.0864675253677));
#10176=CARTESIAN_POINT('',(131.593909079918,31.6688000000001,16.5912693947442));
#10177=CARTESIAN_POINT('',(130.865489880218,30.1688,14.6247622714311));
#10178=CARTESIAN_POINT('',(129.69258722405,31.6688,15.7943936411461));
#10179=CARTESIAN_POINT('',(130.400611356351,30.1688000000001,13.4967843009022));
#10180=CARTESIAN_POINT('',(128.897044628936,31.6688000000001,13.89250146898));
#10181=CARTESIAN_POINT('',(130.400504222473,30.1688,12.9369981174198));
#10182=CARTESIAN_POINT('',(128.900504319505,31.6688,12.937379179934));
#10183=CARTESIAN_POINT('',(130.400504222473,30.1688,12.9369981174198));
#10184=CARTESIAN_POINT('',(128.900504319505,31.6688,12.937379179934));
#10185=CARTESIAN_POINT('',(130.399159677521,30.1688,12.6636851526363));
#10186=CARTESIAN_POINT('',(128.900526825829,31.6688,12.4591432911655));
#10187=CARTESIAN_POINT('',(130.517998130248,30.1688,12.0906344282878));
#10188=CARTESIAN_POINT('',(129.09476336906,31.6688,11.5065351430527));
#10189=CARTESIAN_POINT('',(130.990376262566,30.1688000000001,11.3756070342121));
#10190=CARTESIAN_POINT('',(129.900390227015,31.6688000000001,10.2876577904108));
#10191=CARTESIAN_POINT('',(131.70237604418,30.1688000000001,10.9053102667832));
#10192=CARTESIAN_POINT('',(131.119184143224,31.6688000000001,9.48070101148738));
#10193=CARTESIAN_POINT('',(132.277189514489,30.1688,10.7846396032806));
#10194=CARTESIAN_POINT('',(132.072303700012,31.6688000000001,9.28713646596961));
#10195=CARTESIAN_POINT('',(132.550504221996,30.1688,10.78699934942));
#10196=CARTESIAN_POINT('',(132.550885463837,31.6688,9.28699944631705));
#10197=CARTESIAN_POINT('',(132.550504221996,30.1688,10.78699934942));
#10198=CARTESIAN_POINT('',(132.550885463837,31.6688,9.28699944631705));
#10199=CARTESIAN_POINT('',(133.112836899382,30.1688,10.7875312138817));
#10200=CARTESIAN_POINT('',(133.507099398736,31.6687999999999,9.28272928941062));
#10201=CARTESIAN_POINT('',(134.235518392721,30.1688,11.2492362565522));
#10202=CARTESIAN_POINT('',(135.408421052722,31.6688,10.0796050112744));
#10203=CARTESIAN_POINT('',(134.700397065099,30.1688,12.3772143780117));
#10204=CARTESIAN_POINT('',(136.203963704445,31.6688,11.981496941079));
#10205=CARTESIAN_POINT('',(134.700504222472,30.1688,12.937000181231));
#10206=CARTESIAN_POINT('',(136.200504125423,31.6688,12.9366189470172));
#10207=CARTESIAN_POINT('',(29.7005042216517,30.1688,12.9369597517837));
#10208=CARTESIAN_POINT('',(31.2005041025921,31.6688,12.9365371524693));
#10209=CARTESIAN_POINT('',(29.701848451929,30.1688,13.2102933928958));
#10210=CARTESIAN_POINT('',(31.200482088765,31.6688,13.4148199354029));
#10211=CARTESIAN_POINT('',(29.5830123425415,30.1688000000001,13.7833585304175));
#10212=CARTESIAN_POINT('',(31.0062548485474,31.6688000000001,14.3674443129074));
#10213=CARTESIAN_POINT('',(29.110639788572,30.1688,14.4983832620606));
#10214=CARTESIAN_POINT('',(30.2006295964397,31.6688,15.5863294118123));
#10215=CARTESIAN_POINT('',(28.3986465115449,30.1688,14.9686809201133));
#10216=CARTESIAN_POINT('',(28.9818490070676,31.6688,16.3932833010911));
#10217=CARTESIAN_POINT('',(27.8238464284627,30.1688,15.0893543132362));
#10218=CARTESIAN_POINT('',(28.0287506875808,31.6688,16.5868549161956));
#10219=CARTESIAN_POINT('',(27.5505359574922,30.1688,15.0869993489514));
#10220=CARTESIAN_POINT('',(27.5501771047045,31.6688,16.5869992573578));
#10221=CARTESIAN_POINT('',(27.5505359574922,30.1688,15.0869993489514));
#10222=CARTESIAN_POINT('',(27.5501771047045,31.6688,16.5869992573578));
#10223=CARTESIAN_POINT('',(26.9882311255818,30.1688000000001,15.0864827081379));
#10224=CARTESIAN_POINT('',(26.5940023615504,31.6688000000001,16.5912802620883));
#10225=CARTESIAN_POINT('',(25.8655345336381,30.1688,14.6247871734877));
#10226=CARTESIAN_POINT('',(24.6926794389125,31.6688000000001,15.7944800620938));
#10227=CARTESIAN_POINT('',(25.4006431254222,30.1688000000001,13.4968965070341));
#10228=CARTESIAN_POINT('',(23.8970840486969,31.6688000000001,13.8926381973507));
#10229=CARTESIAN_POINT('',(25.4005042233048,30.1688,12.937039239153));
#10230=CARTESIAN_POINT('',(23.9005043425362,31.6688,12.9374621435277));
#10231=CARTESIAN_POINT('',(25.4005042233048,30.1688,12.937039239153));
#10232=CARTESIAN_POINT('',(23.9005043425362,31.6688,12.9374621435277));
#10233=CARTESIAN_POINT('',(25.3991599959125,30.1688000000001,12.6637054472202));
#10234=CARTESIAN_POINT('',(23.900526354789,31.6688000000001,12.4591790115569));
#10235=CARTESIAN_POINT('',(25.5179960923632,30.1688,12.0906402040187));
#10236=CARTESIAN_POINT('',(24.0947535286278,31.6688,11.5065545195566));
#10237=CARTESIAN_POINT('',(25.9903686775744,30.1688000000001,11.3756153802856));
#10238=CARTESIAN_POINT('',(24.9003789027832,31.6688000000001,10.2876691652392));
#10239=CARTESIAN_POINT('',(26.7023622147841,30.1688,10.9053176132704));
#10240=CARTESIAN_POINT('',(26.1191599004228,31.6688,9.48071513551982));
#10241=CARTESIAN_POINT('',(27.2771625205262,30.1688000000001,10.7846443081254));
#10242=CARTESIAN_POINT('',(27.0722586125046,31.6688000000001,9.2871436432237));
#10243=CARTESIAN_POINT('',(27.5504730805779,30.1688,10.786999349871));
#10244=CARTESIAN_POINT('',(27.5508323518207,31.6688,9.28699944156074));
#10245=CARTESIAN_POINT('',(27.5504730805779,30.1688,10.786999349871));
#10246=CARTESIAN_POINT('',(27.5508323518207,31.6688,9.28699944156074));
#10247=CARTESIAN_POINT('',(28.1127781140699,30.1688000000001,10.7875161923986));
#10248=CARTESIAN_POINT('',(28.5070073784288,31.6688,9.28271867157964));
#10249=CARTESIAN_POINT('',(29.235474395385,30.1688000000001,11.2492119376906));
#10250=CARTESIAN_POINT('',(30.4083299497428,31.6688000000001,10.0795196635526));
#10251=CARTESIAN_POINT('',(29.7003655520535,30.1688,12.3771031365596));
#10252=CARTESIAN_POINT('',(31.2039246806554,31.6688,11.9813617053122));
#10253=CARTESIAN_POINT('',(29.7005042216517,30.1688,12.9369597517837));
#10254=CARTESIAN_POINT('',(31.2005041025921,31.6688,12.9365371524693));
#10255=CARTESIAN_POINT('',(9.88568000000003,29.69650324,10.1618000000002));
#10256=CARTESIAN_POINT('',(3.94713425221084,30.90300324,10.1618000000002));
#10257=CARTESIAN_POINT('',(3.94713425221084,30.90300324,16.1003457477894));
#10258=CARTESIAN_POINT('',(9.88568000000004,30.90300324,16.1003457477894));
#10259=CARTESIAN_POINT('',(15.8242257477892,30.90300324,16.1003457477894));
#10260=CARTESIAN_POINT('',(15.8242257477892,30.90300324,10.1618000000002));
#10261=CARTESIAN_POINT('',(3.78258247826358,32.7838386227303,10.1618000000002));
#10262=CARTESIAN_POINT('',(3.78258247826358,32.7838386227303,16.2648975217367));
#10263=CARTESIAN_POINT('',(9.88568000000004,32.7838386227303,16.2648975217367));
#10264=CARTESIAN_POINT('',(15.9887775217365,32.7838386227303,16.2648975217367));
#10265=CARTESIAN_POINT('',(15.9887775217365,32.7838386227303,10.1618000000002));
#10266=CARTESIAN_POINT('',(9.88568000000003,27.4827833727072,10.1618000000002));
#10267=CARTESIAN_POINT('',(3.78258247826351,32.7838386227303,10.1618000000002));
#10268=CARTESIAN_POINT('',(3.74201180803376,33.2475635054145,10.1618000000002));
#10269=CARTESIAN_POINT('',(3.2765155716329,33.2475635054145,10.1618000000002));
#10270=CARTESIAN_POINT('',(3.78258247826351,32.7838386227303,4.05870247826367));
#10271=CARTESIAN_POINT('',(3.74201180803376,33.2475635054145,4.01813180803392));
#10272=CARTESIAN_POINT('',(3.2765155716329,33.2475635054145,3.55263557163306));
#10273=CARTESIAN_POINT('',(9.88568000000004,32.7838386227303,4.05870247826367));
#10274=CARTESIAN_POINT('',(9.88568000000004,33.2475635054145,4.01813180803392));
#10275=CARTESIAN_POINT('',(9.88568000000004,33.2475635054145,3.55263557163306));
#10276=CARTESIAN_POINT('',(15.9887775217366,32.7838386227303,4.05870247826367));
#10277=CARTESIAN_POINT('',(16.0293481919663,33.2475635054145,4.01813180803392));
#10278=CARTESIAN_POINT('',(16.4948444283672,33.2475635054145,3.55263557163306));
#10279=CARTESIAN_POINT('',(15.9887775217366,32.7838386227303,10.1618000000002));
#10280=CARTESIAN_POINT('',(16.0293481919663,33.2475635054145,10.1618000000002));
#10281=CARTESIAN_POINT('',(16.4948444283672,33.2475635054145,10.1618000000002));
#10282=CARTESIAN_POINT('',(9.88568000000004,29.69650324,122.3518));
#10283=CARTESIAN_POINT('',(3.94713425221084,30.90300324,122.3518));
#10284=CARTESIAN_POINT('',(3.94713425221084,30.90300324,128.290345747789));
#10285=CARTESIAN_POINT('',(9.88568000000004,30.90300324,128.290345747789));
#10286=CARTESIAN_POINT('',(15.8242257477892,30.90300324,128.290345747789));
#10287=CARTESIAN_POINT('',(15.8242257477892,30.90300324,122.3518));
#10288=CARTESIAN_POINT('',(3.78258247826358,32.7838386227303,122.3518));
#10289=CARTESIAN_POINT('',(3.78258247826358,32.7838386227303,128.454897521737));
#10290=CARTESIAN_POINT('',(9.88568000000004,32.7838386227303,128.454897521737));
#10291=CARTESIAN_POINT('',(15.9887775217365,32.7838386227303,128.454897521737));
#10292=CARTESIAN_POINT('',(15.9887775217365,32.7838386227303,122.3518));
#10293=CARTESIAN_POINT('',(9.88568000000004,27.4827833727072,122.3518));
#10294=CARTESIAN_POINT('',(3.78258247826351,32.7838386227303,122.3518));
#10295=CARTESIAN_POINT('',(3.74201180803376,33.2475635054145,122.3518));
#10296=CARTESIAN_POINT('',(3.2765155716329,33.2475635054145,122.3518));
#10297=CARTESIAN_POINT('',(3.78258247826351,32.7838386227303,116.248702478264));
#10298=CARTESIAN_POINT('',(3.74201180803377,33.2475635054145,116.208131808034));
#10299=CARTESIAN_POINT('',(3.2765155716329,33.2475635054145,115.742635571633));
#10300=CARTESIAN_POINT('',(9.88568000000004,32.7838386227303,116.248702478264));
#10301=CARTESIAN_POINT('',(9.88568000000005,33.2475635054145,116.208131808034));
#10302=CARTESIAN_POINT('',(9.88568000000004,33.2475635054145,115.742635571633));
#10303=CARTESIAN_POINT('',(15.9887775217366,32.7838386227303,116.248702478264));
#10304=CARTESIAN_POINT('',(16.0293481919663,33.2475635054145,116.208131808034));
#10305=CARTESIAN_POINT('',(16.4948444283672,33.2475635054145,115.742635571633));
#10306=CARTESIAN_POINT('',(15.9887775217366,32.7838386227303,122.3518));
#10307=CARTESIAN_POINT('',(16.0293481919663,33.2475635054145,122.3518));
#10308=CARTESIAN_POINT('',(16.4948444283672,33.2475635054145,122.3518));
#10309=CARTESIAN_POINT('',(9.88568000000009,32.4562833727072,10.1618000000001));
#10310=CARTESIAN_POINT('',(9.88568000000009,32.4581817527072,122.3518));
#10311=CARTESIAN_POINT('',(9.88568000000004,9.07218175270725,10.1618000000002));
#10312=CARTESIAN_POINT('',(9.88568000000003,9.07218175270726,122.3518));
#10313=CARTESIAN_POINT('',(18.63568,2.8421709430404E-14,122.3518));
#10314=CARTESIAN_POINT('',(18.3201959627387,2.8421709430404E-14,124.68019869316));
#10315=CARTESIAN_POINT('',(18.63568,29.1688,122.3518));
#10316=CARTESIAN_POINT('',(18.3201959627387,29.1688,124.68019869316));
#10317=CARTESIAN_POINT('',(15.4207383816436,2.8421709430404E-14,115.574954958847));
#10318=CARTESIAN_POINT('',(15.4207383816436,29.1688,115.574954958847));
#10319=CARTESIAN_POINT('',(15.4207383816437,2.8421709430404E-14,16.938645041153));
#10320=CARTESIAN_POINT('',(18.63568,2.8421709430404E-14,10.1618000000001));
#10321=CARTESIAN_POINT('',(18.63568,29.1688,10.1618000000001));
#10322=CARTESIAN_POINT('',(15.4207383816437,29.1688,16.938645041153));
#10323=CARTESIAN_POINT('',(200.05050286415,0.,131.318));
#10324=CARTESIAN_POINT('',(200.05050286415,0.,132.5118));
#10325=CARTESIAN_POINT('',(200.30050286415,1.43044640249332,124.68019869316));
#10326=CARTESIAN_POINT('',(210.082464195406,5.83232900155832,124.68019869316));
#10327=CARTESIAN_POINT('',(200.30050286415,24.6571535975068,124.68019869316));
#10328=CARTESIAN_POINT('',(210.082464195406,20.2552709984417,124.68019869316));
#10329=CARTESIAN_POINT('',(219.80050286415,27.5438,124.68019869316));
#10330=CARTESIAN_POINT('',(200.05050286415,1.43044640249332,124.68019869316));
#10331=CARTESIAN_POINT('',(200.05050286415,24.6571535975068,124.68019869316));
#10332=CARTESIAN_POINT('',(200.050495210656,0.,5.6843418860808E-14));
#10333=CARTESIAN_POINT('',(200.050495210656,0.,1.19380000000007));
#10334=CARTESIAN_POINT('',(210.082464195406,5.83232900155832,5.6843418860808E-14));
#10335=CARTESIAN_POINT('',(200.30050286415,1.43044640249332,5.6843418860808E-14));
#10336=CARTESIAN_POINT('',(200.30050286415,24.6571535975068,5.6843418860808E-14));
#10337=CARTESIAN_POINT('',(210.082464195406,20.2552709984417,5.6843418860808E-14));
#10338=CARTESIAN_POINT('',(219.80050286415,27.5438,5.6843418860808E-14));
#10339=CARTESIAN_POINT('',(219.80050286415,0.,5.6843418860808E-14));
#10340=CARTESIAN_POINT('',(217.85890286415,0.,5.6843418860808E-14));
#10341=CARTESIAN_POINT('',(200.05050286415,1.43044640249332,5.6843418860808E-14));
#10342=CARTESIAN_POINT('',(200.05050286415,24.6571535975068,5.6843418860808E-14));
#10343=CARTESIAN_POINT('',(0.499999999999945,0.,5.6843418860808E-14));
#10344=CARTESIAN_POINT('',(0.499999999999945,0.,1.19380000000007));
#10345=CARTESIAN_POINT('',(0.499999999999945,31.6688,5.6843418860808E-14));
#10346=CARTESIAN_POINT('',(0.499999999999945,0.,131.318));
#10347=CARTESIAN_POINT('',(0.499999999999945,0.,132.5118));
#10348=CARTESIAN_POINT('',(0.499999999999945,31.6688,132.5118));
#10349=CARTESIAN_POINT('',(32.5505028641501,26.6688,124.68019869316));
#10350=CARTESIAN_POINT('',(127.55050286415,26.6688,124.68019869316));
#10351=CARTESIAN_POINT('',(27.5505028641501,31.6688,104.67699934375));
#10352=CARTESIAN_POINT('',(132.55050286415,31.6688,104.67699934375));
#10353=CARTESIAN_POINT('',(147.55050286415,31.6688,104.67699934375));
#10354=CARTESIAN_POINT('',(32.5505028641501,31.6688,109.67699934375));
#10355=CARTESIAN_POINT('',(127.55050286415,31.6688,109.67699934375));
#10356=CARTESIAN_POINT('',(152.55050286415,31.6688,109.67699934375));
#10357=CARTESIAN_POINT('',(32.5505028641501,31.6688,21.1969993494099));
#10358=CARTESIAN_POINT('',(27.5505028641501,31.6688,26.1969993494099));
#10359=CARTESIAN_POINT('',(13.63568,26.4755635054145,10.1618000000002));
#10360=CARTESIAN_POINT('',(16.8706800000001,33.2475635054145,10.1618000000001));
#10361=CARTESIAN_POINT('',(7.57428000000004,28.49000324,10.1618000000002));
#10362=CARTESIAN_POINT('',(4.91654178095592,28.49000324,10.1618000000002));
#10363=CARTESIAN_POINT('',(4.91654178095632,30.90300324,10.1618000000002));
#10364=CARTESIAN_POINT('',(3.94713425221084,30.90300324,10.1618000000002));
#10365=CARTESIAN_POINT('',(3.78258247826352,32.7838386227303,10.1618000000002));
#10366=CARTESIAN_POINT('',(16.4948444283672,33.2475635054145,10.1618000000002));
#10367=CARTESIAN_POINT('',(15.9887775217366,32.7838386227303,10.1618000000002));
#10368=CARTESIAN_POINT('',(7.57428000000004,26.4755635054145,10.1618000000002));
#10369=CARTESIAN_POINT('',(13.63568,26.4755635054145,122.3518));
#10370=CARTESIAN_POINT('',(16.8706800000001,33.2475635054145,122.3518));
#10371=CARTESIAN_POINT('',(7.57428000000004,28.49000324,122.3518));
#10372=CARTESIAN_POINT('',(4.91654178095592,28.49000324,122.3518));
#10373=CARTESIAN_POINT('',(4.91654178095632,30.90300324,122.3518));
#10374=CARTESIAN_POINT('',(3.94713425221084,30.90300324,122.3518));
#10375=CARTESIAN_POINT('',(3.78258247826352,32.7838386227303,122.3518));
#10376=CARTESIAN_POINT('',(16.4948444283672,33.2475635054145,122.3518));
#10377=CARTESIAN_POINT('',(15.9887775217366,32.7838386227303,122.3518));
#10378=CARTESIAN_POINT('',(7.57428000000004,26.4755635054145,122.3518));
#10379=CARTESIAN_POINT('',(16.5729372022403,31.66500324,8.144173644332));
#10380=CARTESIAN_POINT('',(16.5729372022403,31.6688,8.144173644332));
#10381=CARTESIAN_POINT('',(17.6858630620236,31.66500324,6.19699934940991));
#10382=CARTESIAN_POINT('',(17.6858630620236,26.6688,6.19699934940996));
#10383=CARTESIAN_POINT('',(16.8706800000001,31.6688,10.1618000000001));
#10384=CARTESIAN_POINT('',(18.63568,26.6688,10.1618000000001));
#10385=CARTESIAN_POINT('',(15.4207383816437,31.6688,12.1794263556682));
#10386=CARTESIAN_POINT('',(15.4207383816437,31.66500324,12.1794263556682));
#10387=CARTESIAN_POINT('',(15.4207383816437,31.6688,12.4919697030728));
#10388=CARTESIAN_POINT('',(15.4207383816437,31.66500324,12.491113459076));
#10389=CARTESIAN_POINT('',(15.5421582349298,31.6688,12.1794263556682));
#10390=CARTESIAN_POINT('',(15.5418055615261,31.66500324,12.1794263556682));
#10391=CARTESIAN_POINT('',(16.5729372022403,31.6688,6.19380000000007));
#10392=CARTESIAN_POINT('',(17.6858630620236,31.66500324,6.19380000000007));
#10393=CARTESIAN_POINT('',(17.6842360201873,31.66500324,6.19380000000007));
#10394=CARTESIAN_POINT('',(16.5729372022403,31.66500324,6.19380000000007));
#10395=CARTESIAN_POINT('',(132.55050286415,31.6688,26.1969993494099));
#10396=CARTESIAN_POINT('',(127.55050286415,31.6688,21.1969993494099));
#10397=CARTESIAN_POINT('',(152.55050286415,31.6688,21.1969993494099));
#10398=CARTESIAN_POINT('',(147.55050286415,31.6688,26.1969993494099));
#10399=CARTESIAN_POINT('',(17.6842360201873,0.,6.19380000000007));
#10400=CARTESIAN_POINT('',(15.6341755423137,31.66500324,6.19380000000007));
#10401=CARTESIAN_POINT('',(15.6341755423137,31.6688,6.19380000000007));
#10402=CARTESIAN_POINT('',(16.8706800000001,31.6688,122.3518));
#10403=CARTESIAN_POINT('',(13.63568,-8.33119999999997,10.1618000000002));
#10404=CARTESIAN_POINT('',(13.63568,-8.33119999999994,122.3518));
#10405=CARTESIAN_POINT('',(15.4207383816437,-8.33119999999997,131.318));
#10406=CARTESIAN_POINT('',(15.4207383816437,-8.33119999999997,1.19380000000007));
#10407=CARTESIAN_POINT('',(0.499999999999945,-8.33119999999997,1.19380000000007));
#10408=CARTESIAN_POINT('',(0.499999999999945,-8.33119999999997,131.318));
#10409=CARTESIAN_POINT('',(200.05050286415,31.6688,8.5265128291212E-14));
#10410=CARTESIAN_POINT('',(200.05050286415,31.6688,132.5118));
#10411=CARTESIAN_POINT('',(200.05050286415,31.6688,124.68019869316));
#10412=CARTESIAN_POINT('',(200.05050286415,31.6688,6.19380000000007));
#10413=CARTESIAN_POINT('',(200.05050286415,0.,6.19380000000007));
#10414=CARTESIAN_POINT('',(15.4207383816437,0.,6.19160130684043));
#10415=CARTESIAN_POINT('',(200.050499037403,0.,6.19160130684043));
#10416=CARTESIAN_POINT('',(15.4207383816437,0.,124.68019869316));
#10417=CARTESIAN_POINT('',(210.082464195406,5.83232900155832,131.0118));
#10418=CARTESIAN_POINT('',(200.30050286415,1.43044640249332,131.0118));
#10419=CARTESIAN_POINT('',(200.30050286415,24.6571535975068,131.0118));
#10420=CARTESIAN_POINT('',(210.082464195406,20.2552709984417,131.0118));
#10421=CARTESIAN_POINT('',(219.80050286415,27.5438,131.0118));
#10422=CARTESIAN_POINT('',(219.80050286415,0.,131.0118));
#10423=CARTESIAN_POINT('',(219.80050286415,0.,124.68019869316));
#10424=CARTESIAN_POINT('',(217.85890286415,2.8421709430404E-14,124.68019869316));
#10425=CARTESIAN_POINT('',(217.85890286415,2.8421709430404E-14,131.0118));
#10426=CARTESIAN_POINT('',(200.05050286415,1.43044640249332,131.0118));
#10427=CARTESIAN_POINT('',(200.05050286415,24.6571535975068,131.0118));
#10428=CARTESIAN_POINT('',(210.082464195406,5.83232900155832,4.69380000000007));
#10429=CARTESIAN_POINT('',(200.30050286415,1.43044640249332,4.69380000000007));
#10430=CARTESIAN_POINT('',(200.30050286415,24.6571535975068,4.69380000000007));
#10431=CARTESIAN_POINT('',(210.082464195406,20.2552709984417,4.69380000000007));
#10432=CARTESIAN_POINT('',(219.80050286415,27.5438,4.69380000000007));
#10433=CARTESIAN_POINT('',(219.80050286415,0.,4.69380000000004));
#10434=CARTESIAN_POINT('',(217.85890286415,0.,4.69380000000007));
#10435=CARTESIAN_POINT('',(200.05050286415,1.43044640249332,4.69380000000007));
#10436=CARTESIAN_POINT('',(200.05050286415,24.6571535975068,4.69380000000007));
#10437=CARTESIAN_POINT('',(200.05050286415,-1.08119999999997,131.318));
#10438=CARTESIAN_POINT('',(15.4207383816437,-1.08119999999997,131.318));
#10439=CARTESIAN_POINT('',(200.05050286415,-1.08119999999997,124.68019869316));
#10440=CARTESIAN_POINT('',(15.4207383816437,-1.08119999999997,124.68019869316));
#10441=CARTESIAN_POINT('',(200.050495210656,-1.08120000000017,1.19380000000007));
#10442=CARTESIAN_POINT('',(15.4207383816437,-1.08120000000017,1.19380000000007));
#10443=CARTESIAN_POINT('',(200.050495210656,-1.08120000000017,6.19160130684043));
#10444=CARTESIAN_POINT('',(15.4207383816437,-1.08120000000017,6.19160130684043));
#10445=CARTESIAN_POINT('',(32.5505028641501,29.1688,21.1969993494099));
#10446=CARTESIAN_POINT('',(27.5505028641501,29.1688,26.1969993494099));
#10447=CARTESIAN_POINT('',(27.5505359574922,29.1688,15.0869993489515));
#10448=CARTESIAN_POINT('',(29.7005042216516,29.1688,12.9369597517837));
#10449=CARTESIAN_POINT('',(25.4005042233047,29.1688,12.937039239153));
#10450=CARTESIAN_POINT('',(27.5504730805779,29.1688,10.786999349871));
#10451=CARTESIAN_POINT('',(17.6858630620236,29.1688,6.19699934940991));
#10452=CARTESIAN_POINT('',(15.4207383816437,29.1688,26.1969993494099));
#10453=CARTESIAN_POINT('',(17.6858630620236,29.1688,6.19380000000007));
#10454=CARTESIAN_POINT('',(32.5505028641501,29.1688,6.19380000000007));
#10455=CARTESIAN_POINT('',(16.5729372022403,29.1688,15.804768289038));
#10456=CARTESIAN_POINT('',(16.5729372022403,0.,15.804768289038));
#10457=CARTESIAN_POINT('',(16.5729372022403,26.6688,15.804768289038));
#10458=CARTESIAN_POINT('',(132.55050286415,29.1688,26.1969993494099));
#10459=CARTESIAN_POINT('',(127.55050286415,29.1688,21.1969993494099));
#10460=CARTESIAN_POINT('',(152.55050286415,29.1688,21.1969993494099));
#10461=CARTESIAN_POINT('',(147.55050286415,29.1688,26.1969993494099));
#10462=CARTESIAN_POINT('',(149.700504222472,29.1688,12.9369993494199));
#10463=CARTESIAN_POINT('',(147.550504222472,29.1688,10.7869993494199));
#10464=CARTESIAN_POINT('',(147.550535957492,29.1688,15.0869993489515));
#10465=CARTESIAN_POINT('',(145.400504223305,29.1688,12.937039239153));
#10466=CARTESIAN_POINT('',(132.550504222472,29.1688,15.0869993494199));
#10467=CARTESIAN_POINT('',(134.700504222472,29.1688,12.937000181231));
#10468=CARTESIAN_POINT('',(130.400504222473,29.1688,12.9369981174198));
#10469=CARTESIAN_POINT('',(132.550504221996,29.1688,10.7869993494199));
#10470=CARTESIAN_POINT('',(127.55050286415,29.1688,6.19380000000007));
#10471=CARTESIAN_POINT('',(152.55050286415,29.1688,6.19380000000007));
#10472=CARTESIAN_POINT('',(32.5505028641501,29.1688000000001,109.67699934375));
#10473=CARTESIAN_POINT('',(27.5505028641501,29.1688000000001,104.67699934375));
#10474=CARTESIAN_POINT('',(27.5505359574922,29.1688000000001,115.786999344208));
#10475=CARTESIAN_POINT('',(29.7005042216516,29.1688000000001,117.937038941376));
#10476=CARTESIAN_POINT('',(25.4005042233047,29.1688000000001,117.936959454007));
#10477=CARTESIAN_POINT('',(27.5504730805779,29.1688000000001,120.086999343289));
#10478=CARTESIAN_POINT('',(32.5505028641501,29.1688000000001,124.68019869316));
#10479=CARTESIAN_POINT('',(15.4207383816437,29.1688000000001,104.67699934375));
#10480=CARTESIAN_POINT('',(15.4207383816436,26.6688,115.574954958847));
#10481=CARTESIAN_POINT('',(18.63568,26.6688,122.3518));
#10482=CARTESIAN_POINT('',(132.55050286415,29.1688,104.67699934375));
#10483=CARTESIAN_POINT('',(127.55050286415,29.1688,109.67699934375));
#10484=CARTESIAN_POINT('',(152.55050286415,29.1688,109.67699934375));
#10485=CARTESIAN_POINT('',(147.55050286415,29.1688,104.67699934375));
#10486=CARTESIAN_POINT('',(149.700504222472,29.1688,117.93699934374));
#10487=CARTESIAN_POINT('',(147.550504222472,29.1688,120.08699934374));
#10488=CARTESIAN_POINT('',(147.550535957492,29.1688,115.786999344208));
#10489=CARTESIAN_POINT('',(145.400504223305,29.1688,117.936959454007));
#10490=CARTESIAN_POINT('',(132.550504222472,29.1688,115.78699934374));
#10491=CARTESIAN_POINT('',(134.700504222472,29.1688,117.936998511929));
#10492=CARTESIAN_POINT('',(130.400504222473,29.1688,117.93700057574));
#10493=CARTESIAN_POINT('',(132.550504221996,29.1688,120.08699934374));
#10494=CARTESIAN_POINT('',(127.55050286415,29.1688,124.68019869316));
#10495=CARTESIAN_POINT('',(152.55050286415,29.1688,124.68019869316));
#10496=CARTESIAN_POINT('',(152.55050286415,31.6688000000001,122.18019869316));
#10497=CARTESIAN_POINT('',(155.05050286415,31.6687999999999,124.68019869316));
#10498=CARTESIAN_POINT('',(17.9207383816437,31.6688000000002,104.67699934375));
#10499=CARTESIAN_POINT('',(15.4207383816437,31.6687999999999,102.17699934375));
#10500=CARTESIAN_POINT('',(15.4207383816437,31.6688,28.6969993494099));
#10501=CARTESIAN_POINT('',(17.9207383816437,31.6688,26.19699934941));
#10502=CARTESIAN_POINT('',(32.5505028641501,31.6688000000001,8.69380000000007));
#10503=CARTESIAN_POINT('',(127.55050286415,31.6687999999999,8.69380000000007));
#10504=CARTESIAN_POINT('',(152.55050286415,31.6688,8.69380000000007));
#10505=CARTESIAN_POINT('',(155.05050286415,31.6688,6.19380000000007));
#10506=CARTESIAN_POINT('',(125.05050286415,31.6688000000001,6.19380000000007));
#10507=CARTESIAN_POINT('',(35.0505028641501,31.6688,6.19380000000007));
#10508=CARTESIAN_POINT('',(32.5505028641501,26.6688,128.5118));
#10509=CARTESIAN_POINT('',(125.05050286415,26.6688,131.0118));
#10510=CARTESIAN_POINT('',(35.0505028641501,26.6688,131.0118));
#10511=CARTESIAN_POINT('',(127.55050286415,26.6688,128.5118));
#10512=CARTESIAN_POINT('',(125.05050286415,31.6688,131.0118));
#10513=CARTESIAN_POINT('',(35.0505028641501,31.6688,131.0118));
#10514=CARTESIAN_POINT('',(17.9207383816437,29.1688000000001,26.19699934941));
#10515=CARTESIAN_POINT('',(32.5505028641501,29.1688,8.69380000000007));
#10516=CARTESIAN_POINT('',(127.55050286415,29.1687999999999,8.69380000000007));
#10517=CARTESIAN_POINT('',(152.55050286415,29.1688,8.69380000000007));
#10518=CARTESIAN_POINT('',(17.9207383816437,29.1688000000002,104.67699934375));
#10519=CARTESIAN_POINT('',(152.55050286415,29.1688000000002,122.18019869316));
#10520=CARTESIAN_POINT('',(127.55050286415,31.6688000000001,128.5118));
#10521=CARTESIAN_POINT('',(32.5505028641501,31.6688,128.5118));
#10522=CARTESIAN_POINT('',(15.4207383816437,29.1687999999999,28.6969993494099));
#10523=CARTESIAN_POINT('',(35.0505028641501,29.1687999999999,6.19380000000007));
#10524=CARTESIAN_POINT('',(125.05050286415,29.1688000000002,6.19380000000007));
#10525=CARTESIAN_POINT('',(155.05050286415,29.1688,6.19380000000007));
#10526=CARTESIAN_POINT('',(15.4207383816437,29.1687999999999,102.17699934375));
#10527=CARTESIAN_POINT('',(155.05050286415,29.1687999999999,124.68019869316));
#10528=CARTESIAN_POINT('',(27.5505359574921,30.1688000000001,115.786999344208));
#10529=CARTESIAN_POINT('',(29.7005042216516,30.1688,117.937038941376));
#10530=CARTESIAN_POINT('',(25.4005042233047,30.1688,117.936959454007));
#10531=CARTESIAN_POINT('',(27.5504730805779,30.1688,120.086999343289));
#10532=CARTESIAN_POINT('',(132.550504222472,30.1688000000001,115.78699934374));
#10533=CARTESIAN_POINT('',(134.700504222472,30.1688,117.936998511929));
#10534=CARTESIAN_POINT('',(130.400504222473,30.1688,117.93700057574));
#10535=CARTESIAN_POINT('',(132.550504221996,30.1688,120.08699934374));
#10536=CARTESIAN_POINT('',(132.550885463837,31.6688,121.586999246843));
#10537=CARTESIAN_POINT('',(128.900504319505,31.6688,117.936619513226));
#10538=CARTESIAN_POINT('',(132.550122980385,31.6688,114.286999440637));
#10539=CARTESIAN_POINT('',(27.5508323518207,31.6688,121.586999251599));
#10540=CARTESIAN_POINT('',(23.9005043425362,31.6688,117.936536549632));
#10541=CARTESIAN_POINT('',(136.200504125423,31.6688,117.937379746143));
#10542=CARTESIAN_POINT('',(31.2005041025921,31.6688,117.93746154069));
#10543=CARTESIAN_POINT('',(27.5501771047045,31.6688,114.286999435802));
#10544=CARTESIAN_POINT('',(149.700504222472,30.1688,117.93699934374));
#10545=CARTESIAN_POINT('',(147.550504222472,30.1688,120.08699934374));
#10546=CARTESIAN_POINT('',(147.550535957492,30.1688000000001,115.786999344208));
#10547=CARTESIAN_POINT('',(145.400504223305,30.1688,117.936959454007));
#10548=CARTESIAN_POINT('',(143.900504342536,31.6688,117.936536549632));
#10549=CARTESIAN_POINT('',(147.550177104705,31.6688,114.286999435802));
#10550=CARTESIAN_POINT('',(147.550504222472,31.6688,121.58699934374));
#10551=CARTESIAN_POINT('',(151.200504222472,31.6688,117.93699934374));
#10552=CARTESIAN_POINT('',(143.900504342536,31.6688,12.9374621435276));
#10553=CARTESIAN_POINT('',(147.550504222472,31.6688,9.28699934941994));
#10554=CARTESIAN_POINT('',(147.550177104705,31.6688,16.5869992573578));
#10555=CARTESIAN_POINT('',(151.200504222472,31.6688,12.93699934942));
#10556=CARTESIAN_POINT('',(147.550504222472,30.1688,10.7869993494199));
#10557=CARTESIAN_POINT('',(149.700504222472,30.1688,12.9369993494199));
#10558=CARTESIAN_POINT('',(147.550535957492,30.1688000000001,15.0869993489514));
#10559=CARTESIAN_POINT('',(145.400504223305,30.1688,12.937039239153));
#10560=CARTESIAN_POINT('',(132.550885463837,31.6688,9.28699944631705));
#10561=CARTESIAN_POINT('',(136.200504125423,31.6688,12.9366189470172));
#10562=CARTESIAN_POINT('',(128.900504319505,31.6688,12.937379179934));
#10563=CARTESIAN_POINT('',(132.550122980385,31.6688,16.5869992525228));
#10564=CARTESIAN_POINT('',(134.700504222472,30.1688,12.937000181231));
#10565=CARTESIAN_POINT('',(132.550504222472,30.1688,15.0869993494199));
#10566=CARTESIAN_POINT('',(130.400504222473,30.1688,12.9369981174198));
#10567=CARTESIAN_POINT('',(132.550504221996,30.1688,10.78699934942));
#10568=CARTESIAN_POINT('',(27.5508323518207,31.6688,9.28699944156074));
#10569=CARTESIAN_POINT('',(31.2005041025921,31.6688,12.9365371524693));
#10570=CARTESIAN_POINT('',(23.9005043425362,31.6688,12.9374621435277));
#10571=CARTESIAN_POINT('',(27.5501771047045,31.6688,16.5869992573578));
#10572=CARTESIAN_POINT('',(29.7005042216517,30.1688,12.9369597517837));
#10573=CARTESIAN_POINT('',(27.5505359574922,30.1688,15.0869993489514));
#10574=CARTESIAN_POINT('',(25.4005042233047,30.1688,12.937039239153));
#10575=CARTESIAN_POINT('',(27.5504730805779,30.1688,10.786999349871));
#10576=CARTESIAN_POINT('',(14.8548182190441,28.49000324,10.1618000000002));
#10577=CARTESIAN_POINT('',(14.8548182190438,30.90300324,10.1618000000002));
#10578=CARTESIAN_POINT('',(15.8242257477892,30.90300324,10.1618000000002));
#10579=CARTESIAN_POINT('',(12.19708,26.4755635054145,10.1618000000002));
#10580=CARTESIAN_POINT('',(12.19708,28.49000324,10.1618000000002));
#10581=CARTESIAN_POINT('',(3.2765155716329,33.2475635054145,10.1618000000002));
#10582=CARTESIAN_POINT('',(14.8548182190441,28.49000324,122.3518));
#10583=CARTESIAN_POINT('',(14.8548182190438,30.90300324,122.3518));
#10584=CARTESIAN_POINT('',(15.8242257477892,30.90300324,122.3518));
#10585=CARTESIAN_POINT('',(12.19708,26.4755635054145,122.3518));
#10586=CARTESIAN_POINT('',(12.19708,28.49000324,122.3518));
#10587=CARTESIAN_POINT('',(3.2765155716329,33.2475635054145,122.3518));
#10588=CARTESIAN_POINT('',(2.90068000000009,33.2475635054145,10.1618000000001));
#10589=CARTESIAN_POINT('',(2.90067999999997,31.6688000000001,10.1618000000001));
#10590=CARTESIAN_POINT('',(2.90068000000009,33.2475635054145,122.3518));
#10591=CARTESIAN_POINT('',(2.90068000000012,31.6688000000002,122.3518));
#10592=CARTESIAN_POINT('',(6.13568000000004,-8.33119999999997,10.1618000000002));
#10593=CARTESIAN_POINT('',(6.13568000000004,26.4755635054145,10.1618000000002));
#10594=CARTESIAN_POINT('',(6.13568000000004,-8.33119999999994,122.3518));
#10595=CARTESIAN_POINT('',(6.13568000000004,26.4755635054145,122.3518));
#10596=CARTESIAN_POINT('',(9.88567999999863,-3.07433212100509E-13,122.3518));
#10597=CARTESIAN_POINT('',(18.3201959627387,3.44132184812734E-14,124.68019869316));
#10598=CARTESIAN_POINT('',(18.63568,2.8421709430404E-14,122.3518));
#10599=CARTESIAN_POINT('',(9.88568000000176,29.1687999999993,122.351800000001));
#10600=CARTESIAN_POINT('',(18.3201959627387,29.1688,124.68019869316));
#10601=CARTESIAN_POINT('',(18.63568,29.1688,122.3518));
#10602=CARTESIAN_POINT('',(9.88568000000019,7.51401644791485E-14,122.3518));
#10603=CARTESIAN_POINT('',(18.63568,2.8421709430404E-14,122.3518));
#10604=CARTESIAN_POINT('',(15.4207383816436,2.60782269407232E-14,115.574954958847));
#10605=CARTESIAN_POINT('',(9.88567999999986,29.1688000000002,122.3518));
#10606=CARTESIAN_POINT('',(18.63568,29.1688,122.3518));
#10607=CARTESIAN_POINT('',(15.4207383816436,29.1688,115.574954958847));
#10608=CARTESIAN_POINT('',(9.8856799999996,9.70515460526293E-12,10.1618));
#10609=CARTESIAN_POINT('',(15.4207383816437,3.41222571413446E-14,16.938645041153));
#10610=CARTESIAN_POINT('',(16.5729372022403,-1.1945161962366E-14,15.8047682890379));
#10611=CARTESIAN_POINT('',(9.88567999999894,29.1688000000025,10.1617999999993));
#10612=CARTESIAN_POINT('',(15.4207383816437,29.1688,16.938645041153));
#10613=CARTESIAN_POINT('',(16.5729372022403,29.1688,15.804768289038));
#10614=CARTESIAN_POINT('',(200.05050286415,0.,132.5118));
#10615=CARTESIAN_POINT('',(200.05050286415,0.,131.318));
#10616=CARTESIAN_POINT('',(210.082464195406,5.83232900155832,124.68019869316));
#10617=CARTESIAN_POINT('',(200.30050286415,1.43044640249332,124.68019869316));
#10618=CARTESIAN_POINT('',(200.30050286415,24.6571535975068,124.68019869316));
#10619=CARTESIAN_POINT('',(210.082464195406,20.2552709984417,124.68019869316));
#10620=CARTESIAN_POINT('',(210.082464195406,20.2552709984417,124.68019869316));
#10621=CARTESIAN_POINT('',(219.80050286415,27.5438,124.68019869316));
#10622=CARTESIAN_POINT('',(219.80050286415,27.5438,124.68019869316));
#10623=CARTESIAN_POINT('',(219.80050286415,0.,124.68019869316));
#10624=CARTESIAN_POINT('',(200.30050286415,1.43044640249332,124.68019869316));
#10625=CARTESIAN_POINT('',(200.05050286415,1.43044640249332,124.68019869316));
#10626=CARTESIAN_POINT('',(200.30050286415,24.6571535975068,124.68019869316));
#10627=CARTESIAN_POINT('',(200.05050286415,24.6571535975068,124.68019869316));
#10628=CARTESIAN_POINT('',(210.082464195406,5.83232900155832,5.6843418860808E-14));
#10629=CARTESIAN_POINT('',(200.30050286415,1.43044640249332,5.6843418860808E-14));
#10630=CARTESIAN_POINT('',(200.30050286415,1.43044640249332,5.6843418860808E-14));
#10631=CARTESIAN_POINT('',(200.30050286415,1.43044640249332,4.69380000000007));
#10632=CARTESIAN_POINT('',(210.082464195406,5.83232900155832,5.6843418860808E-14));
#10633=CARTESIAN_POINT('',(210.082464195406,5.83232900155832,4.69380000000007));
#10634=CARTESIAN_POINT('',(200.30050286415,24.6571535975068,5.6843418860808E-14));
#10635=CARTESIAN_POINT('',(200.30050286415,24.6571535975068,4.69380000000007));
#10636=CARTESIAN_POINT('',(200.30050286415,24.6571535975068,5.6843418860808E-14));
#10637=CARTESIAN_POINT('',(210.082464195406,20.2552709984417,5.6843418860808E-14));
#10638=CARTESIAN_POINT('',(210.082464195406,20.2552709984417,5.6843418860808E-14));
#10639=CARTESIAN_POINT('',(210.082464195406,20.2552709984417,4.69380000000007));
#10640=CARTESIAN_POINT('',(210.082464195406,20.2552709984417,5.6843418860808E-14));
#10641=CARTESIAN_POINT('',(219.80050286415,27.5438,5.6843418860808E-14));
#10642=CARTESIAN_POINT('',(219.80050286415,27.5438,5.6843418860808E-14));
#10643=CARTESIAN_POINT('',(219.80050286415,27.5438,4.69380000000007));
#10644=CARTESIAN_POINT('',(219.80050286415,27.5438,5.6843418860808E-14));
#10645=CARTESIAN_POINT('',(219.80050286415,0.,5.6843418860808E-14));
#10646=CARTESIAN_POINT('',(219.80050286415,0.,5.6843418860808E-14));
#10647=CARTESIAN_POINT('',(217.85890286415,0.,5.6843418860808E-14));
#10648=CARTESIAN_POINT('',(217.85890286415,0.,5.6843418860808E-14));
#10649=CARTESIAN_POINT('',(210.082464195406,5.83232900155832,5.6843418860808E-14));
#10650=CARTESIAN_POINT('',(200.05050286415,1.43044640249332,5.6843418860808E-14));
#10651=CARTESIAN_POINT('',(200.05050286415,1.43044640249332,4.69380000000007));
#10652=CARTESIAN_POINT('',(200.05050286415,24.6571535975068,5.6843418860808E-14));
#10653=CARTESIAN_POINT('',(200.05050286415,24.6571535975068,4.69380000000007));
#10654=CARTESIAN_POINT('',(200.30050286415,1.43044640249332,5.6843418860808E-14));
#10655=CARTESIAN_POINT('',(200.05050286415,1.43044640249332,5.6843418860808E-14));
#10656=CARTESIAN_POINT('',(200.30050286415,24.6571535975068,5.6843418860808E-14));
#10657=CARTESIAN_POINT('',(200.05050286415,24.6571535975068,5.6843418860808E-14));
#10658=CARTESIAN_POINT('',(0.499999999999945,0.,5.6843418860808E-14));
#10659=CARTESIAN_POINT('',(0.499999999999945,0.,1.19380000000007));
#10660=CARTESIAN_POINT('',(0.499999999999945,31.6688,5.6843418860808E-14));
#10661=CARTESIAN_POINT('',(0.499999999999945,0.,5.6843418860808E-14));
#10662=CARTESIAN_POINT('',(0.499999999999945,0.,131.318));
#10663=CARTESIAN_POINT('',(0.499999999999945,0.,132.5118));
#10664=CARTESIAN_POINT('',(0.499999999999945,31.6688,132.5118));
#10665=CARTESIAN_POINT('',(0.499999999999945,0.,132.5118));
#10666=CARTESIAN_POINT('',(32.5505028641501,31.6688,109.67699934375));
#10667=CARTESIAN_POINT('',(32.5505028641501,29.1688000000001,109.67699934375));
#10668=CARTESIAN_POINT('',(27.5505028641501,31.6688,109.67699934375));
#10669=CARTESIAN_POINT('',(32.5505028641501,31.6688,109.67699934375));
#10670=CARTESIAN_POINT('',(27.5505028641501,31.6688,104.67699934375));
#10671=CARTESIAN_POINT('',(27.5505359574921,30.1688000000001,115.786999344208));
#10672=CARTESIAN_POINT('',(28.1141171557169,30.1688000000001,115.78700808124));
#10673=CARTESIAN_POINT('',(29.2342718029706,30.1688000000001,116.252522539307));
#10674=CARTESIAN_POINT('',(29.7005042224721,30.1688,117.374855700237));
#10675=CARTESIAN_POINT('',(29.7005042216516,30.1688,117.937038941376));
#10676=CARTESIAN_POINT('',(27.5504730805779,30.1688,120.086999343289));
#10677=CARTESIAN_POINT('',(26.9868916821789,30.1688,120.086990769544));
#10678=CARTESIAN_POINT('',(25.8667367237537,30.1688,119.621476345042));
#10679=CARTESIAN_POINT('',(25.4005042224722,30.1688,118.499142987224));
#10680=CARTESIAN_POINT('',(25.4005042233047,30.1688,117.936959454007));
#10681=CARTESIAN_POINT('',(25.4005042233047,30.1688,117.936959454007));
#10682=CARTESIAN_POINT('',(25.4008255844573,30.1688,117.367039931719));
#10683=CARTESIAN_POINT('',(25.8708691084667,30.1688000000001,116.256163733376));
#10684=CARTESIAN_POINT('',(26.9785645941376,30.1688000000001,115.787281882702));
#10685=CARTESIAN_POINT('',(27.5505359574921,30.1688000000001,115.786999344208));
#10686=CARTESIAN_POINT('',(132.550504221996,30.1688,120.08699934374));
#10687=CARTESIAN_POINT('',(131.986912395578,30.1688,120.086999343522));
#10688=CARTESIAN_POINT('',(130.866741505681,30.1688,119.621486925773));
#10689=CARTESIAN_POINT('',(130.400504555683,30.1688,118.499143889668));
#10690=CARTESIAN_POINT('',(130.400504222473,30.1688,117.93700057574));
#10691=CARTESIAN_POINT('',(27.5505359574921,30.1688000000001,115.786999344208));
#10692=CARTESIAN_POINT('',(27.5505359574922,29.1688000000001,115.786999344208));
#10693=CARTESIAN_POINT('',(25.4005042233047,30.1688,117.936959454007));
#10694=CARTESIAN_POINT('',(25.4005042233047,29.1688000000001,117.936959454007));
#10695=CARTESIAN_POINT('',(27.5504730805779,30.1688,120.086999343289));
#10696=CARTESIAN_POINT('',(27.5504730805779,29.1688000000001,120.086999343289));
#10697=CARTESIAN_POINT('',(32.5505028641501,26.6688,124.68019869316));
#10698=CARTESIAN_POINT('',(32.5505028641501,29.1688000000001,124.68019869316));
#10699=CARTESIAN_POINT('',(132.55050286415,31.6688,109.67699934375));
#10700=CARTESIAN_POINT('',(132.55050286415,31.6688,104.67699934375));
#10701=CARTESIAN_POINT('',(127.55050286415,31.6688,109.67699934375));
#10702=CARTESIAN_POINT('',(127.55050286415,31.6688,109.67699934375));
#10703=CARTESIAN_POINT('',(127.55050286415,29.1688,109.67699934375));
#10704=CARTESIAN_POINT('',(152.55050286415,31.6688,109.67699934375));
#10705=CARTESIAN_POINT('',(152.55050286415,29.1688,109.67699934375));
#10706=CARTESIAN_POINT('',(147.55050286415,31.6688,109.67699934375));
#10707=CARTESIAN_POINT('',(152.55050286415,31.6688,109.67699934375));
#10708=CARTESIAN_POINT('',(147.55050286415,31.6688,104.67699934375));
#10709=CARTESIAN_POINT('',(149.700504222472,30.1688,117.93699934374));
#10710=CARTESIAN_POINT('',(149.700504222472,30.1688,118.500591251992));
#10711=CARTESIAN_POINT('',(149.234991559825,30.1688,119.620762548716));
#10712=CARTESIAN_POINT('',(148.112647865971,30.1688,120.08699934374));
#10713=CARTESIAN_POINT('',(147.550504222472,30.1688,120.08699934374));
#10714=CARTESIAN_POINT('',(145.400504223305,30.1688,117.936959454007));
#10715=CARTESIAN_POINT('',(145.400825584457,30.1688,117.367039931719));
#10716=CARTESIAN_POINT('',(145.870869108467,30.1688000000001,116.256163733376));
#10717=CARTESIAN_POINT('',(146.978564594138,30.1688000000001,115.787281882702));
#10718=CARTESIAN_POINT('',(147.550535957492,30.1688000000001,115.786999344208));
#10719=CARTESIAN_POINT('',(147.550535957492,30.1688000000001,115.786999344208));
#10720=CARTESIAN_POINT('',(148.114117155717,30.1688000000001,115.78700808124));
#10721=CARTESIAN_POINT('',(149.234271802971,30.1688000000001,116.252522539307));
#10722=CARTESIAN_POINT('',(149.700504222472,30.1688,117.374855700237));
#10723=CARTESIAN_POINT('',(149.700504222472,30.1688,117.93699934374));
#10724=CARTESIAN_POINT('',(147.550504222472,30.1688,120.08699934374));
#10725=CARTESIAN_POINT('',(146.986912314227,30.1688,120.08699934374));
#10726=CARTESIAN_POINT('',(145.866741017492,30.1688,119.6214866811));
#10727=CARTESIAN_POINT('',(145.400504222472,30.1688,118.499142987224));
#10728=CARTESIAN_POINT('',(145.400504223305,30.1688,117.936959454007));
#10729=CARTESIAN_POINT('',(149.700504222472,30.1688,117.93699934374));
#10730=CARTESIAN_POINT('',(149.700504222472,29.1688,117.93699934374));
#10731=CARTESIAN_POINT('',(147.550535957492,30.1688000000001,115.786999344208));
#10732=CARTESIAN_POINT('',(147.550535957492,29.1688,115.786999344208));
#10733=CARTESIAN_POINT('',(145.400504223305,30.1688,117.936959454007));
#10734=CARTESIAN_POINT('',(145.400504223305,29.1688,117.936959454007));
#10735=CARTESIAN_POINT('',(134.700504222472,30.1688,117.936998511929));
#10736=CARTESIAN_POINT('',(134.700214333577,30.1688,118.506836684881));
#10737=CARTESIAN_POINT('',(134.230211747639,30.1688,119.617785595053));
#10738=CARTESIAN_POINT('',(133.122496611555,30.1688,120.086708586905));
#10739=CARTESIAN_POINT('',(132.550504221996,30.1688,120.08699934374));
#10740=CARTESIAN_POINT('',(29.7005042216516,30.1688,117.937038941376));
#10741=CARTESIAN_POINT('',(29.7001830927136,30.1688,118.506957729573));
#10742=CARTESIAN_POINT('',(29.2301400315359,30.1688,119.617834358575));
#10743=CARTESIAN_POINT('',(28.1224446000882,30.1688,120.086716651313));
#10744=CARTESIAN_POINT('',(27.5504730805779,30.1688,120.086999343289));
#10745=CARTESIAN_POINT('',(132.550504222472,30.1688000000001,115.78699934374));
#10746=CARTESIAN_POINT('',(133.114096130717,30.1688000000001,115.78699934374));
#10747=CARTESIAN_POINT('',(134.234267151196,30.1688000000001,116.252511891566));
#10748=CARTESIAN_POINT('',(134.700503992507,30.1688,117.374855146692));
#10749=CARTESIAN_POINT('',(134.700504222472,30.1688,117.936998511929));
#10750=CARTESIAN_POINT('',(130.400504222473,30.1688,117.93700057574));
#10751=CARTESIAN_POINT('',(130.400794085795,30.1688,117.36716196101));
#10752=CARTESIAN_POINT('',(130.870796667308,30.1688000000001,116.256213156035));
#10753=CARTESIAN_POINT('',(131.978511833477,30.1688000000001,115.78729010054));
#10754=CARTESIAN_POINT('',(132.550504222472,30.1688000000001,115.78699934374));
#10755=CARTESIAN_POINT('',(132.550504222472,30.1688000000001,115.78699934374));
#10756=CARTESIAN_POINT('',(132.550504222472,29.1688,115.78699934374));
#10757=CARTESIAN_POINT('',(130.400504222473,30.1688,117.93700057574));
#10758=CARTESIAN_POINT('',(130.400504222473,29.1688,117.93700057574));
#10759=CARTESIAN_POINT('',(132.550504221996,30.1688,120.08699934374));
#10760=CARTESIAN_POINT('',(132.550504221996,29.1688,120.08699934374));
#10761=CARTESIAN_POINT('',(27.5505028641501,31.6688,104.67699934375));
#10762=CARTESIAN_POINT('',(27.5505028641501,29.1688000000001,104.67699934375));
#10763=CARTESIAN_POINT('',(132.55050286415,31.6688,104.67699934375));
#10764=CARTESIAN_POINT('',(132.55050286415,29.1688,104.67699934375));
#10765=CARTESIAN_POINT('',(147.55050286415,31.6688,104.67699934375));
#10766=CARTESIAN_POINT('',(147.55050286415,29.1688,104.67699934375));
#10767=CARTESIAN_POINT('',(152.55050286415,31.6688000000001,122.18019869316));
#10768=CARTESIAN_POINT('',(152.55050286415,31.6688,109.67699934375));
#10769=CARTESIAN_POINT('',(155.05050286415,31.6687999999999,124.68019869316));
#10770=CARTESIAN_POINT('',(200.05050286415,31.6688,124.68019869316));
#10771=CARTESIAN_POINT('',(147.55050286415,31.6688,104.67699934375));
#10772=CARTESIAN_POINT('',(132.55050286415,31.6688,104.67699934375));
#10773=CARTESIAN_POINT('',(27.5505028641501,31.6688,104.67699934375));
#10774=CARTESIAN_POINT('',(17.9207383816437,31.6688000000002,104.67699934375));
#10775=CARTESIAN_POINT('',(32.5505028641501,31.6688,21.1969993494099));
#10776=CARTESIAN_POINT('',(32.5505028641501,29.1688,21.1969993494099));
#10777=CARTESIAN_POINT('',(27.5505028641501,31.6688,21.1969993494099));
#10778=CARTESIAN_POINT('',(32.5505028641501,31.6688,21.1969993494099));
#10779=CARTESIAN_POINT('',(27.5505028641501,31.6688,26.1969993494099));
#10780=CARTESIAN_POINT('',(27.5505028641501,31.6688,26.1969993494099));
#10781=CARTESIAN_POINT('',(27.5505028641501,29.1688,26.1969993494099));
#10782=CARTESIAN_POINT('',(29.7005042216517,30.1688,12.9369597517837));
#10783=CARTESIAN_POINT('',(29.7005042224721,30.1688,13.4991429929223));
#10784=CARTESIAN_POINT('',(29.2342718029706,30.1688,14.621476153853));
#10785=CARTESIAN_POINT('',(28.1141171557169,30.1688,15.0869906119197));
#10786=CARTESIAN_POINT('',(27.5505359574922,30.1688,15.0869993489514));
#10787=CARTESIAN_POINT('',(25.4005042233047,30.1688,12.937039239153));
#10788=CARTESIAN_POINT('',(25.4005042224722,30.1688,12.3748557059358));
#10789=CARTESIAN_POINT('',(25.8667367237537,30.1688,11.2525223481181));
#10790=CARTESIAN_POINT('',(26.9868916821789,30.1688,10.7870079236156));
#10791=CARTESIAN_POINT('',(27.5504730805779,30.1688,10.786999349871));
#10792=CARTESIAN_POINT('',(27.5505359574922,30.1688,15.0869993489514));
#10793=CARTESIAN_POINT('',(26.9785645941376,30.1688,15.0867168104574));
#10794=CARTESIAN_POINT('',(25.8708691084668,30.1688,14.6178349597836));
#10795=CARTESIAN_POINT('',(25.4008255844573,30.1688,13.5069587614411));
#10796=CARTESIAN_POINT('',(25.4005042233047,30.1688,12.937039239153));
#10797=CARTESIAN_POINT('',(27.5504730805779,30.1688,10.786999349871));
#10798=CARTESIAN_POINT('',(28.1224446000882,30.1688,10.787282041847));
#10799=CARTESIAN_POINT('',(29.2301400315359,30.1688,11.2561643345844));
#10800=CARTESIAN_POINT('',(29.7001830927136,30.1688,12.3670409635868));
#10801=CARTESIAN_POINT('',(29.7005042216517,30.1688,12.9369597517837));
#10802=CARTESIAN_POINT('',(27.5505359574922,30.1688,15.0869993489514));
#10803=CARTESIAN_POINT('',(27.5505359574922,29.1688,15.0869993489515));
#10804=CARTESIAN_POINT('',(25.4005042233047,30.1688,12.937039239153));
#10805=CARTESIAN_POINT('',(25.4005042233047,29.1688,12.937039239153));
#10806=CARTESIAN_POINT('',(27.5504730805779,30.1688,10.786999349871));
#10807=CARTESIAN_POINT('',(27.5504730805779,29.1688,10.786999349871));
#10808=CARTESIAN_POINT('',(9.88568000000003,26.4755635054145,10.1618000000002));
#10809=CARTESIAN_POINT('',(13.63568,26.4755635054145,10.1618000000002));
#10810=CARTESIAN_POINT('',(6.13568000000003,26.4755635054145,10.1618000000002));
#10811=CARTESIAN_POINT('',(16.8706800000001,33.2475635054145,10.1618000000001));
#10812=CARTESIAN_POINT('',(16.8706800000001,31.6688,10.1618000000001));
#10813=CARTESIAN_POINT('',(9.88568000000004,30.90300324,10.1618000000002));
#10814=CARTESIAN_POINT('',(4.91654178095632,30.90300324,10.1618000000002));
#10815=CARTESIAN_POINT('',(14.8548182190438,30.90300324,10.1618000000002));
#10816=CARTESIAN_POINT('',(9.88568000000004,28.49000324,10.1618000000002));
#10817=CARTESIAN_POINT('',(4.91654178095594,28.49000324,10.1618000000002));
#10818=CARTESIAN_POINT('',(14.8548182190441,28.49000324,10.1618000000002));
#10819=CARTESIAN_POINT('',(4.91654178095592,28.49000324,10.1618000000002));
#10820=CARTESIAN_POINT('',(4.91654178095632,30.90300324,10.1618000000002));
#10821=CARTESIAN_POINT('',(9.88568000000004,30.90300324,10.1618000000002));
#10822=CARTESIAN_POINT('',(3.94713425221087,30.90300324,10.1618000000002));
#10823=CARTESIAN_POINT('',(15.8242257477892,30.90300324,10.1618000000002));
#10824=CARTESIAN_POINT('',(3.94713425221084,30.90300324,10.1618000000002));
#10825=CARTESIAN_POINT('',(3.78258247826352,32.7838386227303,10.1618000000002));
#10826=CARTESIAN_POINT('',(9.88568000000004,28.49000324,10.1618000000002));
#10827=CARTESIAN_POINT('',(7.57428000000004,28.49000324,10.1618000000002));
#10828=CARTESIAN_POINT('',(12.19708,28.49000324,10.1618000000002));
#10829=CARTESIAN_POINT('',(9.88568000000003,32.7838386227303,10.1618000000002));
#10830=CARTESIAN_POINT('',(15.9887775217366,32.7838386227303,10.1618000000002));
#10831=CARTESIAN_POINT('',(3.78258247826351,32.7838386227303,10.1618000000002));
#10832=CARTESIAN_POINT('',(9.88568000000003,33.2475635054145,10.1618000000002));
#10833=CARTESIAN_POINT('',(16.4948444283672,33.2475635054145,10.1618000000002));
#10834=CARTESIAN_POINT('',(3.2765155716329,33.2475635054145,10.1618000000002));
#10835=CARTESIAN_POINT('',(16.4948444283672,32.7395635054144,10.1618000000002));
#10836=CARTESIAN_POINT('',(15.9887775217366,32.7838386227303,10.1618000000002));
#10837=CARTESIAN_POINT('',(16.4948444283672,33.2475635054145,10.1618000000002));
#10838=CARTESIAN_POINT('',(9.88568000000004,32.7838386227303,10.1618000000002));
#10839=CARTESIAN_POINT('',(3.78258247826352,32.7838386227303,10.1618000000002));
#10840=CARTESIAN_POINT('',(15.9887775217366,32.7838386227303,10.1618000000002));
#10841=CARTESIAN_POINT('',(9.88568000000009,33.2475635054145,10.1618000000001));
#10842=CARTESIAN_POINT('',(16.8706800000001,33.2475635054145,10.1618000000001));
#10843=CARTESIAN_POINT('',(2.90068000000009,33.2475635054145,10.1618000000001));
#10844=CARTESIAN_POINT('',(9.88568000000004,26.4755635054145,10.1618000000002));
#10845=CARTESIAN_POINT('',(7.57428000000004,26.4755635054145,10.1618000000002));
#10846=CARTESIAN_POINT('',(12.19708,26.4755635054145,10.1618000000002));
#10847=CARTESIAN_POINT('',(7.57428000000004,26.4755635054145,10.1618000000002));
#10848=CARTESIAN_POINT('',(7.57428000000004,28.49000324,10.1618000000002));
#10849=CARTESIAN_POINT('',(9.88568000000003,26.4755635054145,122.3518));
#10850=CARTESIAN_POINT('',(13.63568,26.4755635054145,122.3518));
#10851=CARTESIAN_POINT('',(6.13568000000002,26.4755635054145,122.3518));
#10852=CARTESIAN_POINT('',(16.8706800000001,33.2475635054145,122.3518));
#10853=CARTESIAN_POINT('',(16.8706800000001,31.6688,122.3518));
#10854=CARTESIAN_POINT('',(9.88568000000003,30.90300324,122.3518));
#10855=CARTESIAN_POINT('',(4.91654178095632,30.90300324,122.3518));
#10856=CARTESIAN_POINT('',(14.8548182190437,30.90300324,122.3518));
#10857=CARTESIAN_POINT('',(9.88568000000004,28.49000324,122.3518));
#10858=CARTESIAN_POINT('',(4.91654178095594,28.49000324,122.3518));
#10859=CARTESIAN_POINT('',(14.8548182190441,28.49000324,122.3518));
#10860=CARTESIAN_POINT('',(4.91654178095592,28.49000324,122.3518));
#10861=CARTESIAN_POINT('',(4.91654178095632,30.90300324,122.3518));
#10862=CARTESIAN_POINT('',(9.88568000000005,30.90300324,122.3518));
#10863=CARTESIAN_POINT('',(3.94713425221087,30.90300324,122.3518));
#10864=CARTESIAN_POINT('',(15.8242257477892,30.90300324,122.3518));
#10865=CARTESIAN_POINT('',(3.94713425221084,30.90300324,122.3518));
#10866=CARTESIAN_POINT('',(3.78258247826352,32.7838386227303,122.3518));
#10867=CARTESIAN_POINT('',(9.88568000000004,28.49000324,122.3518));
#10868=CARTESIAN_POINT('',(7.57428000000004,28.49000324,122.3518));
#10869=CARTESIAN_POINT('',(12.19708,28.49000324,122.3518));
#10870=CARTESIAN_POINT('',(9.88568000000003,32.7838386227303,122.3518));
#10871=CARTESIAN_POINT('',(15.9887775217366,32.7838386227303,122.3518));
#10872=CARTESIAN_POINT('',(3.7825824782635,32.7838386227303,122.3518));
#10873=CARTESIAN_POINT('',(9.88568000000003,33.2475635054145,122.3518));
#10874=CARTESIAN_POINT('',(16.4948444283672,33.2475635054145,122.3518));
#10875=CARTESIAN_POINT('',(3.2765155716329,33.2475635054145,122.3518));
#10876=CARTESIAN_POINT('',(16.4948444283672,32.7395635054144,122.3518));
#10877=CARTESIAN_POINT('',(15.9887775217366,32.7838386227303,122.3518));
#10878=CARTESIAN_POINT('',(16.4948444283672,33.2475635054145,122.3518));
#10879=CARTESIAN_POINT('',(9.88568000000003,32.7838386227303,122.3518));
#10880=CARTESIAN_POINT('',(3.78258247826352,32.7838386227303,122.3518));
#10881=CARTESIAN_POINT('',(15.9887775217365,32.7838386227303,122.3518));
#10882=CARTESIAN_POINT('',(9.88568000000009,33.2475635054145,122.3518));
#10883=CARTESIAN_POINT('',(16.8706800000001,33.2475635054145,122.3518));
#10884=CARTESIAN_POINT('',(2.90068000000009,33.2475635054145,122.3518));
#10885=CARTESIAN_POINT('',(9.88568000000004,26.4755635054145,122.3518));
#10886=CARTESIAN_POINT('',(7.57428000000004,26.4755635054145,122.3518));
#10887=CARTESIAN_POINT('',(12.19708,26.4755635054145,122.3518));
#10888=CARTESIAN_POINT('',(7.57428000000004,26.4755635054145,122.3518));
#10889=CARTESIAN_POINT('',(7.57428000000004,28.49000324,122.3518));
#10890=CARTESIAN_POINT('',(9.88568000000001,-2.10435333772366E-12,10.1618000000001));
#10891=CARTESIAN_POINT('',(18.63568,2.8421709430404E-14,10.1618000000001));
#10892=CARTESIAN_POINT('',(17.6842360201873,-8.04740717593342E-15,6.19380000000007));
#10893=CARTESIAN_POINT('',(16.5729372022403,31.66500324,8.144173644332));
#10894=CARTESIAN_POINT('',(16.5729372022403,31.6688,8.144173644332));
#10895=CARTESIAN_POINT('',(17.6858630620236,26.6688,6.19699934940996));
#10896=CARTESIAN_POINT('',(17.6858630620236,29.1688,6.19699934940991));
#10897=CARTESIAN_POINT('',(9.8856800000001,31.6687999999997,10.1618000000001));
#10898=CARTESIAN_POINT('',(16.5729372022403,31.6688,8.144173644332));
#10899=CARTESIAN_POINT('',(16.8706800000001,31.6688,10.1618000000001));
#10900=CARTESIAN_POINT('',(9.88568000000048,26.6688000000004,10.1618));
#10901=CARTESIAN_POINT('',(18.63568,26.6688,10.1618000000001));
#10902=CARTESIAN_POINT('',(17.6858630620236,26.6688,6.19699934940996));
#10903=CARTESIAN_POINT('',(9.8856799999998,31.6650032399997,10.1618000000002));
#10904=CARTESIAN_POINT('',(16.5729372022403,31.66500324,8.144173644332));
#10905=CARTESIAN_POINT('',(15.6341755423137,31.66500324,6.19380000000007));
#10906=CARTESIAN_POINT('',(9.88567962487772,31.6650002841394,10.1618001908231));
#10907=CARTESIAN_POINT('',(17.6858630620236,31.6650032399999,6.19699934940991));
#10908=CARTESIAN_POINT('',(17.6842360201873,31.66500324,6.19380000000007));
#10909=CARTESIAN_POINT('',(18.63568,26.6688,10.1618000000001));
#10910=CARTESIAN_POINT('',(18.63568,2.8421709430404E-14,10.1618000000001));
#10911=CARTESIAN_POINT('',(15.4207383816437,31.6688,12.1794263556682));
#10912=CARTESIAN_POINT('',(15.4207383816437,31.66500324,12.1794263556682));
#10913=CARTESIAN_POINT('',(15.4207383816437,31.66500324,12.1794263556682));
#10914=CARTESIAN_POINT('',(15.4207383816437,31.66500324,12.491113459076));
#10915=CARTESIAN_POINT('',(15.4207383816437,31.6688,12.4919697030728));
#10916=CARTESIAN_POINT('',(15.4207383816437,31.6675344044389,12.4916843309488));
#10917=CARTESIAN_POINT('',(15.4207383816437,31.6662688177735,12.4913989166219));
#10918=CARTESIAN_POINT('',(15.4207383816437,31.66500324,12.491113459076));
#10919=CARTESIAN_POINT('',(9.88567999999868,31.6687999999818,10.1617999999994));
#10920=CARTESIAN_POINT('',(15.5421582349298,31.6688,12.1794263556682));
#10921=CARTESIAN_POINT('',(15.4207383816437,31.6688,12.4919697030727));
#10922=CARTESIAN_POINT('',(15.5418055615261,31.66500324,12.1794263556682));
#10923=CARTESIAN_POINT('',(15.5419231197375,31.6662688266286,12.1794263556682));
#10924=CARTESIAN_POINT('',(15.5420406775387,31.6675344132953,12.1794263556682));
#10925=CARTESIAN_POINT('',(15.5421582349298,31.6688,12.1794263556682));
#10926=CARTESIAN_POINT('',(9.88568000000577,31.66500324,10.1618000000024));
#10927=CARTESIAN_POINT('',(15.4207383816437,31.66500324,12.491113459076));
#10928=CARTESIAN_POINT('',(15.5418055615261,31.66500324,12.1794263556682));
#10929=CARTESIAN_POINT('',(15.4207383816437,31.6688,28.6969993494099));
#10930=CARTESIAN_POINT('',(15.4207383816437,31.6687999999999,102.17699934375));
#10931=CARTESIAN_POINT('',(15.4207383816437,31.6688,12.4919697030728));
#10932=CARTESIAN_POINT('',(15.4207383816437,31.6688,12.1794263556682));
#10933=CARTESIAN_POINT('',(15.5421582349298,31.6688,12.1794263556682));
#10934=CARTESIAN_POINT('',(15.4207383816437,31.6688,12.1794263556682));
#10935=CARTESIAN_POINT('',(15.5418055615261,31.66500324,12.1794263556682));
#10936=CARTESIAN_POINT('',(15.4207383816437,31.66500324,12.1794263556682));
#10937=CARTESIAN_POINT('',(27.5505028641501,31.6688,26.1969993494099));
#10938=CARTESIAN_POINT('',(17.9207383816437,31.6688,26.19699934941));
#10939=CARTESIAN_POINT('',(32.5505028641501,29.1688,8.69380000000007));
#10940=CARTESIAN_POINT('',(32.5505028641501,31.6688000000001,8.69380000000007));
#10941=CARTESIAN_POINT('',(17.6858630620236,31.66500324,6.19380000000007));
#10942=CARTESIAN_POINT('',(17.6842360201873,31.66500324,6.19380000000007));
#10943=CARTESIAN_POINT('',(16.5729372022403,31.66500324,6.19380000000007));
#10944=CARTESIAN_POINT('',(16.5729372022403,31.6688,6.19380000000007));
#10945=CARTESIAN_POINT('',(17.6858630620236,31.66500324,6.19699934940991));
#10946=CARTESIAN_POINT('',(17.6858630620236,31.66500324,6.19380000000007));
#10947=CARTESIAN_POINT('',(32.5505028641501,31.6688000000001,8.69380000000007));
#10948=CARTESIAN_POINT('',(32.5505028641501,31.6688,21.1969993494099));
#10949=CARTESIAN_POINT('',(16.5729372022403,31.66500324,6.19380000000007));
#10950=CARTESIAN_POINT('',(16.5729372022403,31.66500324,8.144173644332));
#10951=CARTESIAN_POINT('',(16.5729372022403,31.6688,8.144173644332));
#10952=CARTESIAN_POINT('',(16.5729372022403,31.6688,6.19380000000007));
#10953=CARTESIAN_POINT('',(132.55050286415,31.6688,21.19699934941));
#10954=CARTESIAN_POINT('',(132.55050286415,31.6688,26.1969993494099));
#10955=CARTESIAN_POINT('',(127.55050286415,31.6688,21.1969993494099));
#10956=CARTESIAN_POINT('',(127.55050286415,31.6688,21.1969993494099));
#10957=CARTESIAN_POINT('',(127.55050286415,29.1688,21.1969993494099));
#10958=CARTESIAN_POINT('',(132.55050286415,31.6688,26.1969993494099));
#10959=CARTESIAN_POINT('',(132.55050286415,29.1688,26.1969993494099));
#10960=CARTESIAN_POINT('',(152.55050286415,31.6688,21.1969993494099));
#10961=CARTESIAN_POINT('',(152.55050286415,29.1688,21.1969993494099));
#10962=CARTESIAN_POINT('',(147.55050286415,31.6688,21.1969993494099));
#10963=CARTESIAN_POINT('',(152.55050286415,31.6688,21.1969993494099));
#10964=CARTESIAN_POINT('',(147.55050286415,31.6688,26.1969993494099));
#10965=CARTESIAN_POINT('',(147.55050286415,31.6688,26.1969993494099));
#10966=CARTESIAN_POINT('',(147.55050286415,29.1688,26.1969993494099));
#10967=CARTESIAN_POINT('',(147.55050286415,31.6688,26.1969993494099));
#10968=CARTESIAN_POINT('',(132.55050286415,31.6688,26.1969993494099));
#10969=CARTESIAN_POINT('',(147.550535957492,30.1688000000001,15.0869993489514));
#10970=CARTESIAN_POINT('',(146.978564594138,30.1688000000001,15.0867168104574));
#10971=CARTESIAN_POINT('',(145.870869108467,30.1688000000001,14.6178349597836));
#10972=CARTESIAN_POINT('',(145.400825584457,30.1688,13.5069587614411));
#10973=CARTESIAN_POINT('',(145.400504223305,30.1688,12.937039239153));
#10974=CARTESIAN_POINT('',(145.400504223305,30.1688,12.937039239153));
#10975=CARTESIAN_POINT('',(145.400504222472,30.1688,12.3748557059358));
#10976=CARTESIAN_POINT('',(145.866741017492,30.1688,11.2525120120598));
#10977=CARTESIAN_POINT('',(146.986912314227,30.1688,10.7869993494199));
#10978=CARTESIAN_POINT('',(147.550504222472,30.1688,10.7869993494199));
#10979=CARTESIAN_POINT('',(147.550504222472,30.1688,10.7869993494199));
#10980=CARTESIAN_POINT('',(148.112647865971,30.1688,10.7869993494199));
#10981=CARTESIAN_POINT('',(149.234991559825,30.1688,11.2532361444439));
#10982=CARTESIAN_POINT('',(149.700504222472,30.1688,12.3734074411676));
#10983=CARTESIAN_POINT('',(149.700504222472,30.1688,12.9369993494199));
#10984=CARTESIAN_POINT('',(149.700504222472,30.1688,12.9369993494199));
#10985=CARTESIAN_POINT('',(149.700504222472,30.1688,13.4991429929223));
#10986=CARTESIAN_POINT('',(149.234271802971,30.1688000000001,14.621476153853));
#10987=CARTESIAN_POINT('',(148.114117155717,30.1688000000001,15.0869906119197));
#10988=CARTESIAN_POINT('',(147.550535957492,30.1688000000001,15.0869993489514));
#10989=CARTESIAN_POINT('',(149.700504222472,30.1688,12.9369993494199));
#10990=CARTESIAN_POINT('',(149.700504222472,29.1688,12.9369993494199));
#10991=CARTESIAN_POINT('',(147.550535957492,30.1688000000001,15.0869993489514));
#10992=CARTESIAN_POINT('',(147.550535957492,29.1688,15.0869993489515));
#10993=CARTESIAN_POINT('',(145.400504223305,30.1688,12.937039239153));
#10994=CARTESIAN_POINT('',(145.400504223305,29.1688,12.937039239153));
#10995=CARTESIAN_POINT('',(130.400504222473,30.1688,12.9369981174198));
#10996=CARTESIAN_POINT('',(130.400504555683,30.1688,12.3748548034915));
#10997=CARTESIAN_POINT('',(130.866741505681,30.1688,11.2525117673865));
#10998=CARTESIAN_POINT('',(131.986912395578,30.1688,10.7869993496379));
#10999=CARTESIAN_POINT('',(132.550504221996,30.1688,10.78699934942));
#11000=CARTESIAN_POINT('',(132.550504222472,30.1688,15.0869993494199));
#11001=CARTESIAN_POINT('',(131.978511833477,30.1688,15.0867085926195));
#11002=CARTESIAN_POINT('',(130.870796667308,30.1688,14.6177855371251));
#11003=CARTESIAN_POINT('',(130.400794085795,30.1688,13.5068367321494));
#11004=CARTESIAN_POINT('',(130.400504222473,30.1688,12.9369981174198));
#11005=CARTESIAN_POINT('',(132.550504221996,30.1688,10.78699934942));
#11006=CARTESIAN_POINT('',(133.122496611555,30.1688,10.7872901062543));
#11007=CARTESIAN_POINT('',(134.230211747639,30.1688,11.2562130981067));
#11008=CARTESIAN_POINT('',(134.700214333577,30.1688,12.3671620082792));
#11009=CARTESIAN_POINT('',(134.700504222472,30.1688,12.937000181231));
#11010=CARTESIAN_POINT('',(134.700504222472,30.1688,12.937000181231));
#11011=CARTESIAN_POINT('',(134.700503992507,30.1688,13.4991435464679));
#11012=CARTESIAN_POINT('',(134.234267151196,30.1688,14.6214868015933));
#11013=CARTESIAN_POINT('',(133.114096130717,30.1688,15.0869993494199));
#11014=CARTESIAN_POINT('',(132.550504222472,30.1688,15.0869993494199));
#11015=CARTESIAN_POINT('',(132.550504222472,30.1688,15.0869993494199));
#11016=CARTESIAN_POINT('',(132.550504222472,29.1688,15.0869993494199));
#11017=CARTESIAN_POINT('',(130.400504222473,30.1688,12.9369981174198));
#11018=CARTESIAN_POINT('',(130.400504222473,29.1688,12.9369981174198));
#11019=CARTESIAN_POINT('',(132.550504221996,30.1688,10.78699934942));
#11020=CARTESIAN_POINT('',(132.550504221996,29.1688,10.7869993494199));
#11021=CARTESIAN_POINT('',(127.55050286415,31.6688,21.1969993494099));
#11022=CARTESIAN_POINT('',(127.55050286415,31.6687999999999,8.69380000000007));
#11023=CARTESIAN_POINT('',(152.55050286415,29.1688,6.19380000000007));
#11024=CARTESIAN_POINT('',(155.05050286415,29.1688,6.19380000000007));
#11025=CARTESIAN_POINT('',(152.55050286415,31.6688,8.69380000000007));
#11026=CARTESIAN_POINT('',(152.55050286415,31.6688,21.1969993494099));
#11027=CARTESIAN_POINT('',(155.05050286415,31.6688,6.19380000000007));
#11028=CARTESIAN_POINT('',(200.05050286415,31.6688,6.19380000000007));
#11029=CARTESIAN_POINT('',(15.6341755423137,31.66500324,6.19380000000007));
#11030=CARTESIAN_POINT('',(15.6341755423137,31.6688,6.19380000000007));
#11031=CARTESIAN_POINT('',(17.6842360201873,0.,6.19380000000007));
#11032=CARTESIAN_POINT('',(17.6842360201873,31.66500324,6.19380000000007));
#11033=CARTESIAN_POINT('',(16.5729372022403,31.66500324,6.19380000000007));
#11034=CARTESIAN_POINT('',(15.6341755423137,31.66500324,6.19380000000007));
#11035=CARTESIAN_POINT('',(35.0505028641501,31.6688,6.19380000000007));
#11036=CARTESIAN_POINT('',(125.05050286415,31.6688000000001,6.19380000000007));
#11037=CARTESIAN_POINT('',(15.6341755423137,31.6688,6.19380000000007));
#11038=CARTESIAN_POINT('',(16.5729372022403,31.6688,6.19380000000007));
#11039=CARTESIAN_POINT('',(9.88568000000003,31.6688,10.1618000000001));
#11040=CARTESIAN_POINT('',(16.8706800000001,31.6688,10.1618000000001));
#11041=CARTESIAN_POINT('',(2.90067999999996,31.6688000000001,10.1618000000001));
#11042=CARTESIAN_POINT('',(9.88568000000004,-8.33119999999997,10.1618000000002));
#11043=CARTESIAN_POINT('',(13.63568,-8.33119999999997,10.1618000000002));
#11044=CARTESIAN_POINT('',(6.13568000000004,-8.33119999999997,10.1618000000002));
#11045=CARTESIAN_POINT('',(13.63568,-8.33119999999997,10.1618000000002));
#11046=CARTESIAN_POINT('',(13.63568,26.4755635054145,10.1618000000002));
#11047=CARTESIAN_POINT('',(9.88568000000003,-8.33119999999994,122.3518));
#11048=CARTESIAN_POINT('',(13.63568,-8.33119999999994,122.3518));
#11049=CARTESIAN_POINT('',(6.13568000000002,-8.33119999999994,122.3518));
#11050=CARTESIAN_POINT('',(13.63568,-8.33119999999994,122.3518));
#11051=CARTESIAN_POINT('',(13.63568,26.4755635054145,122.3518));
#11052=CARTESIAN_POINT('',(9.8856800000001,31.6688000000001,122.3518));
#11053=CARTESIAN_POINT('',(16.8706800000001,31.6688,122.3518));
#11054=CARTESIAN_POINT('',(2.90068000000009,31.6688000000002,122.3518));
#11055=CARTESIAN_POINT('',(15.4207383816437,2.8421709430404E-14,16.938645041153));
#11056=CARTESIAN_POINT('',(15.4207383816437,0.,6.19160130684043));
#11057=CARTESIAN_POINT('',(15.4207383816437,-8.33119999999997,1.19380000000007));
#11058=CARTESIAN_POINT('',(0.499999999999945,-8.33119999999997,1.19380000000007));
#11059=CARTESIAN_POINT('',(15.4207383816437,-8.33119999999997,1.19380000000007));
#11060=CARTESIAN_POINT('',(15.4207383816437,-8.33119999999997,131.318));
#11061=CARTESIAN_POINT('',(0.499999999999945,-8.33119999999997,1.19380000000007));
#11062=CARTESIAN_POINT('',(0.499999999999945,-8.33119999999997,131.318));
#11063=CARTESIAN_POINT('',(0.499999999999945,-8.33119999999997,131.318));
#11064=CARTESIAN_POINT('',(0.499999999999945,0.,131.318));
#11065=CARTESIAN_POINT('',(0.499999999999945,-8.33119999999997,1.19380000000007));
#11066=CARTESIAN_POINT('',(0.499999999999945,0.,1.19380000000007));
#11067=CARTESIAN_POINT('',(0.499999999999945,-8.33119999999997,131.318));
#11068=CARTESIAN_POINT('',(15.4207383816437,-8.33119999999997,131.318));
#11069=CARTESIAN_POINT('',(0.499999999999945,31.6688,5.6843418860808E-14));
#11070=CARTESIAN_POINT('',(0.499999999999945,31.6688,132.5118));
#11071=CARTESIAN_POINT('',(200.05050286415,31.6688,8.5265128291212E-14));
#11072=CARTESIAN_POINT('',(200.05050286415,31.6688,6.19380000000007));
#11073=CARTESIAN_POINT('',(200.05050286415,31.6688,124.68019869316));
#11074=CARTESIAN_POINT('',(200.05050286415,31.6688,132.5118));
#11075=CARTESIAN_POINT('',(200.05050286415,31.6688,8.5265128291212E-14));
#11076=CARTESIAN_POINT('',(0.499999999999945,31.6688,5.6843418860808E-14));
#11077=CARTESIAN_POINT('',(200.05050286415,31.6688,132.5118));
#11078=CARTESIAN_POINT('',(0.499999999999945,31.6688,132.5118));
#11079=CARTESIAN_POINT('',(200.05050286415,0.,6.19380000000007));
#11080=CARTESIAN_POINT('',(17.6842360201873,0.,6.19380000000007));
#11081=CARTESIAN_POINT('',(200.050499037403,0.,6.19160130684043));
#11082=CARTESIAN_POINT('',(15.4207383816437,0.,6.19160130684043));
#11083=CARTESIAN_POINT('',(0.499999999999945,0.,5.6843418860808E-14));
#11084=CARTESIAN_POINT('',(15.4207383816437,0.,5.6843418860808E-14));
#11085=CARTESIAN_POINT('',(200.050495210656,0.,5.6843418860808E-14));
#11086=CARTESIAN_POINT('',(0.499999999999945,0.,1.19380000000007));
#11087=CARTESIAN_POINT('',(200.050495210656,0.,1.19380000000007));
#11088=CARTESIAN_POINT('',(15.4207383816437,0.,124.68019869316));
#11089=CARTESIAN_POINT('',(18.3201959627387,2.8421709430404E-14,124.68019869316));
#11090=CARTESIAN_POINT('',(15.4207383816437,0.,124.68019869316));
#11091=CARTESIAN_POINT('',(15.4207383816437,-1.08119999999997,124.68019869316));
#11092=CARTESIAN_POINT('',(15.4207383816437,0.,124.68019869316));
#11093=CARTESIAN_POINT('',(15.4207383816436,2.8421709430404E-14,115.574954958847));
#11094=CARTESIAN_POINT('',(0.499999999999945,0.,132.5118));
#11095=CARTESIAN_POINT('',(15.4207383816437,0.,132.5118));
#11096=CARTESIAN_POINT('',(200.05050286415,0.,132.5118));
#11097=CARTESIAN_POINT('',(200.05050286415,0.,131.318));
#11098=CARTESIAN_POINT('',(0.499999999999945,0.,131.318));
#11099=CARTESIAN_POINT('',(200.05050286415,0.,6.19380000000007));
#11100=CARTESIAN_POINT('',(200.050499037403,0.,6.19160130684043));
#11101=CARTESIAN_POINT('',(200.050495210656,0.,1.19380000000007));
#11102=CARTESIAN_POINT('',(200.050495210656,0.,5.6843418860808E-14));
#11103=CARTESIAN_POINT('',(200.050499037403,0.,6.19160130684043));
#11104=CARTESIAN_POINT('',(200.050495210656,-1.08120000000017,6.19160130684043));
#11105=CARTESIAN_POINT('',(210.082464195406,5.83232900155832,131.0118));
#11106=CARTESIAN_POINT('',(200.30050286415,1.43044640249332,131.0118));
#11107=CARTESIAN_POINT('',(200.30050286415,24.6571535975068,131.0118));
#11108=CARTESIAN_POINT('',(210.082464195406,20.2552709984417,131.0118));
#11109=CARTESIAN_POINT('',(210.082464195406,20.2552709984417,131.0118));
#11110=CARTESIAN_POINT('',(219.80050286415,27.5438,131.0118));
#11111=CARTESIAN_POINT('',(219.80050286415,0.,131.0118));
#11112=CARTESIAN_POINT('',(219.80050286415,0.,124.68019869316));
#11113=CARTESIAN_POINT('',(219.80050286415,27.5438,131.0118));
#11114=CARTESIAN_POINT('',(219.80050286415,0.,131.0118));
#11115=CARTESIAN_POINT('',(217.85890286415,2.8421709430404E-14,124.68019869316));
#11116=CARTESIAN_POINT('',(217.85890286415,2.8421709430404E-14,131.0118));
#11117=CARTESIAN_POINT('',(217.85890286415,2.8421709430404E-14,131.0118));
#11118=CARTESIAN_POINT('',(210.082464195406,5.83232900155832,131.0118));
#11119=CARTESIAN_POINT('',(200.05050286415,1.43044640249332,131.0118));
#11120=CARTESIAN_POINT('',(200.30050286415,1.43044640249332,131.0118));
#11121=CARTESIAN_POINT('',(200.05050286415,24.6571535975068,131.0118));
#11122=CARTESIAN_POINT('',(200.30050286415,24.6571535975068,131.0118));
#11123=CARTESIAN_POINT('',(210.082464195406,5.83232900155832,4.69380000000007));
#11124=CARTESIAN_POINT('',(200.30050286415,1.43044640249332,4.69380000000007));
#11125=CARTESIAN_POINT('',(200.30050286415,24.6571535975068,4.69380000000007));
#11126=CARTESIAN_POINT('',(210.082464195406,20.2552709984417,4.69380000000007));
#11127=CARTESIAN_POINT('',(210.082464195406,20.2552709984417,4.69380000000007));
#11128=CARTESIAN_POINT('',(219.80050286415,27.5438,4.69380000000007));
#11129=CARTESIAN_POINT('',(219.80050286415,27.5438,4.69380000000007));
#11130=CARTESIAN_POINT('',(219.80050286415,0.,4.69380000000004));
#11131=CARTESIAN_POINT('',(217.85890286415,0.,4.69380000000007));
#11132=CARTESIAN_POINT('',(210.082464195406,5.83232900155832,4.69380000000007));
#11133=CARTESIAN_POINT('',(200.30050286415,1.43044640249332,4.69380000000007));
#11134=CARTESIAN_POINT('',(200.05050286415,1.43044640249332,4.69380000000007));
#11135=CARTESIAN_POINT('',(200.05050286415,24.6571535975068,4.69380000000007));
#11136=CARTESIAN_POINT('',(200.30050286415,24.6571535975068,4.69380000000007));
#11137=CARTESIAN_POINT('',(217.85890286415,2.8421709430404E-14,124.68019869316));
#11138=CARTESIAN_POINT('',(219.80050286415,0.,124.68019869316));
#11139=CARTESIAN_POINT('',(200.30050286415,1.43044640249332,131.0118));
#11140=CARTESIAN_POINT('',(200.30050286415,1.43044640249332,124.68019869316));
#11141=CARTESIAN_POINT('',(210.082464195406,5.83232900155832,131.0118));
#11142=CARTESIAN_POINT('',(210.082464195406,5.83232900155832,124.68019869316));
#11143=CARTESIAN_POINT('',(200.30050286415,24.6571535975068,131.0118));
#11144=CARTESIAN_POINT('',(200.30050286415,24.6571535975068,124.68019869316));
#11145=CARTESIAN_POINT('',(210.082464195406,20.2552709984417,131.0118));
#11146=CARTESIAN_POINT('',(210.082464195406,20.2552709984417,124.68019869316));
#11147=CARTESIAN_POINT('',(219.80050286415,27.5438,131.0118));
#11148=CARTESIAN_POINT('',(219.80050286415,27.5438,124.68019869316));
#11149=CARTESIAN_POINT('',(217.85890286415,2.8421709430404E-14,124.68019869316));
#11150=CARTESIAN_POINT('',(210.082464195406,5.83232900155832,124.68019869316));
#11151=CARTESIAN_POINT('',(200.05050286415,1.43044640249332,131.0118));
#11152=CARTESIAN_POINT('',(200.05050286415,1.43044640249332,124.68019869316));
#11153=CARTESIAN_POINT('',(200.05050286415,24.6571535975068,131.0118));
#11154=CARTESIAN_POINT('',(200.05050286415,24.6571535975068,124.68019869316));
#11155=CARTESIAN_POINT('',(219.80050286415,0.,4.69380000000004));
#11156=CARTESIAN_POINT('',(217.85890286415,0.,4.69380000000007));
#11157=CARTESIAN_POINT('',(200.05050286415,1.43044640249332,4.69380000000007));
#11158=CARTESIAN_POINT('',(200.05050286415,24.6571535975068,4.69380000000007));
#11159=CARTESIAN_POINT('',(200.05050286415,1.43044640249332,131.0118));
#11160=CARTESIAN_POINT('',(200.05050286415,24.6571535975068,131.0118));
#11161=CARTESIAN_POINT('',(217.85890286415,2.8421709430404E-14,131.0118));
#11162=CARTESIAN_POINT('',(219.80050286415,0.,131.0118));
#11163=CARTESIAN_POINT('',(200.05050286415,24.6571535975068,5.6843418860808E-14));
#11164=CARTESIAN_POINT('',(200.05050286415,25.0438000000001,8.5265128291212E-14));
#11165=CARTESIAN_POINT('',(200.05050286415,31.6688,8.5265128291212E-14));
#11166=CARTESIAN_POINT('',(200.05050286415,24.6571535975068,124.68019869316));
#11167=CARTESIAN_POINT('',(200.05050286415,25.0438000000001,124.68019869316));
#11168=CARTESIAN_POINT('',(200.05050286415,31.6688,124.68019869316));
#11169=CARTESIAN_POINT('',(200.050495210656,0.,5.6843418860808E-14));
#11170=CARTESIAN_POINT('',(200.050495210656,1.04380000000003,5.6843418860808E-14));
#11171=CARTESIAN_POINT('',(200.05050286415,1.43044640249332,5.6843418860808E-14));
#11172=CARTESIAN_POINT('',(32.5505028641501,26.6688,124.68019869316));
#11173=CARTESIAN_POINT('',(32.5505028641501,26.6688,128.5118));
#11174=CARTESIAN_POINT('',(125.05050286415,29.1688000000002,6.19380000000007));
#11175=CARTESIAN_POINT('',(127.55050286415,29.1688,6.19380000000007));
#11176=CARTESIAN_POINT('',(35.0505028641501,26.6688,131.0118));
#11177=CARTESIAN_POINT('',(125.05050286415,26.6688,131.0118));
#11178=CARTESIAN_POINT('',(155.05050286415,29.1687999999999,124.68019869316));
#11179=CARTESIAN_POINT('',(152.55050286415,29.1688,124.68019869316));
#11180=CARTESIAN_POINT('',(127.55050286415,26.6688,128.5118));
#11181=CARTESIAN_POINT('',(127.55050286415,26.6688,124.68019869316));
#11182=CARTESIAN_POINT('',(35.0505028641501,31.6688,131.0118));
#11183=CARTESIAN_POINT('',(125.05050286415,31.6688,131.0118));
#11184=CARTESIAN_POINT('',(127.55050286415,26.6688,124.68019869316));
#11185=CARTESIAN_POINT('',(32.5505028641501,26.6688,124.68019869316));
#11186=CARTESIAN_POINT('',(15.4207383816437,-1.08119999999997,124.68019869316));
#11187=CARTESIAN_POINT('',(15.4207383816437,-1.08119999999997,131.318));
#11188=CARTESIAN_POINT('',(200.05050286415,-1.08119999999997,131.318));
#11189=CARTESIAN_POINT('',(15.4207383816437,-1.08119999999997,131.318));
#11190=CARTESIAN_POINT('',(200.05050286415,-1.08119999999997,124.68019869316));
#11191=CARTESIAN_POINT('',(200.05050286415,-1.08119999999997,131.318));
#11192=CARTESIAN_POINT('',(200.05050286415,-1.08119999999997,124.68019869316));
#11193=CARTESIAN_POINT('',(15.4207383816437,-1.08119999999997,124.68019869316));
#11194=CARTESIAN_POINT('',(200.05050286415,-1.08119999999997,131.318));
#11195=CARTESIAN_POINT('',(200.05050286415,0.,131.318));
#11196=CARTESIAN_POINT('',(200.05050286415,-1.08119999999997,124.68019869316));
#11197=CARTESIAN_POINT('',(200.05050286415,1.04380000000003,124.68019869316));
#11198=CARTESIAN_POINT('',(200.05050286415,1.43044640249332,124.68019869316));
#11199=CARTESIAN_POINT('',(15.4207383816437,-8.33119999999997,131.318));
#11200=CARTESIAN_POINT('',(15.4207383816437,-1.08119999999997,131.318));
#11201=CARTESIAN_POINT('',(15.4207383816437,-1.08120000000017,1.19380000000007));
#11202=CARTESIAN_POINT('',(15.4207383816437,-1.08120000000017,6.19160130684043));
#11203=CARTESIAN_POINT('',(200.050495210656,-1.08120000000017,6.19160130684043));
#11204=CARTESIAN_POINT('',(200.050495210656,-1.08120000000017,1.19380000000007));
#11205=CARTESIAN_POINT('',(200.050495210656,-1.08120000000017,1.19380000000007));
#11206=CARTESIAN_POINT('',(15.4207383816437,-1.08120000000017,1.19380000000007));
#11207=CARTESIAN_POINT('',(200.050495210656,-1.08120000000017,6.19160130684043));
#11208=CARTESIAN_POINT('',(15.4207383816437,-1.08120000000017,6.19160130684043));
#11209=CARTESIAN_POINT('',(15.4207383816437,-1.08120000000017,6.19160130684043));
#11210=CARTESIAN_POINT('',(15.4207383816437,0.,6.19160130684043));
#11211=CARTESIAN_POINT('',(200.050495210656,-1.08120000000017,1.19380000000007));
#11212=CARTESIAN_POINT('',(200.050495210656,0.,1.19380000000007));
#11213=CARTESIAN_POINT('',(15.4207383816437,-1.08120000000017,1.19380000000007));
#11214=CARTESIAN_POINT('',(15.4207383816437,-8.33119999999997,1.19380000000007));
#11215=CARTESIAN_POINT('',(9.88568000000013,29.1688000000013,10.1618000000001));
#11216=CARTESIAN_POINT('',(18.63568,29.1688,10.1618000000001));
#11217=CARTESIAN_POINT('',(17.6858630620236,29.1688,6.19699934940991));
#11218=CARTESIAN_POINT('',(15.4207383816437,29.1688,26.1969993494099));
#11219=CARTESIAN_POINT('',(15.4207383816437,29.1688,16.938645041153));
#11220=CARTESIAN_POINT('',(17.6858630620236,29.1688,6.19380000000007));
#11221=CARTESIAN_POINT('',(32.5505028641501,29.1688,6.19380000000007));
#11222=CARTESIAN_POINT('',(18.63568,26.6688,10.1618000000001));
#11223=CARTESIAN_POINT('',(18.63568,29.1688,10.1618000000001));
#11224=CARTESIAN_POINT('',(27.5505028641501,29.1688000000001,21.1969993494099));
#11225=CARTESIAN_POINT('',(32.5505028641501,29.1688,21.1969993494099));
#11226=CARTESIAN_POINT('',(27.5505028641501,29.1688,26.1969993494099));
#11227=CARTESIAN_POINT('',(27.5505359574922,29.1688,15.0869993489515));
#11228=CARTESIAN_POINT('',(28.1141171557169,29.1688,15.0869906119197));
#11229=CARTESIAN_POINT('',(29.2342718029706,29.1688,14.621476153853));
#11230=CARTESIAN_POINT('',(29.7005042224721,29.1688,13.4991429929223));
#11231=CARTESIAN_POINT('',(29.7005042216516,29.1688,12.9369597517837));
#11232=CARTESIAN_POINT('',(25.4005042233047,29.1688,12.937039239153));
#11233=CARTESIAN_POINT('',(25.4008255844573,29.1688,13.5069587614411));
#11234=CARTESIAN_POINT('',(25.8708691084667,29.1688,14.6178349597836));
#11235=CARTESIAN_POINT('',(26.9785645941376,29.1688,15.0867168104574));
#11236=CARTESIAN_POINT('',(27.5505359574922,29.1688,15.0869993489515));
#11237=CARTESIAN_POINT('',(27.5504730805779,29.1688,10.786999349871));
#11238=CARTESIAN_POINT('',(26.9868916821789,29.1688,10.7870079236156));
#11239=CARTESIAN_POINT('',(25.8667367237536,29.1688,11.252522348118));
#11240=CARTESIAN_POINT('',(25.4005042224721,29.1688,12.3748557059358));
#11241=CARTESIAN_POINT('',(25.4005042233047,29.1688,12.937039239153));
#11242=CARTESIAN_POINT('',(29.7005042216516,29.1688,12.9369597517837));
#11243=CARTESIAN_POINT('',(29.7001830927136,29.1688,12.3670409635868));
#11244=CARTESIAN_POINT('',(29.2301400315359,29.1688,11.2561643345844));
#11245=CARTESIAN_POINT('',(28.1224446000882,29.1688,10.787282041847));
#11246=CARTESIAN_POINT('',(27.5504730805779,29.1688,10.786999349871));
#11247=CARTESIAN_POINT('',(27.5505028641501,29.1688,26.1969993494099));
#11248=CARTESIAN_POINT('',(17.9207383816437,29.1688000000001,26.19699934941));
#11249=CARTESIAN_POINT('',(17.6858630620236,29.1688,6.19699934940991));
#11250=CARTESIAN_POINT('',(17.6858630620236,29.1688,6.19380000000007));
#11251=CARTESIAN_POINT('',(32.5505028641501,29.1688,21.1969993494099));
#11252=CARTESIAN_POINT('',(32.5505028641501,29.1688,8.69380000000007));
#11253=CARTESIAN_POINT('',(29.7005042216516,29.1688,12.9369597517837));
#11254=CARTESIAN_POINT('',(29.7005042216517,30.1688,12.9369597517837));
#11255=CARTESIAN_POINT('',(17.6858630620236,29.1688,6.19699934940991));
#11256=CARTESIAN_POINT('',(17.6858630620236,31.66500324,6.19699934940991));
#11257=CARTESIAN_POINT('',(17.9207383816437,29.1688000000002,104.67699934375));
#11258=CARTESIAN_POINT('',(17.9207383816437,31.6688000000002,104.67699934375));
#11259=CARTESIAN_POINT('',(17.6858630620236,29.1688,6.19380000000007));
#11260=CARTESIAN_POINT('',(17.6858630620236,31.66500324,6.19380000000007));
#11261=CARTESIAN_POINT('',(15.4207383816437,2.55592572503604E-14,16.938645041153));
#11262=CARTESIAN_POINT('',(15.4207383816437,26.6688,16.938645041153));
#11263=CARTESIAN_POINT('',(15.4207383816437,29.1688,16.938645041153));
#11264=CARTESIAN_POINT('',(16.5729372022403,29.1688,15.804768289038));
#11265=CARTESIAN_POINT('',(16.5729372022403,26.6688,15.804768289038));
#11266=CARTESIAN_POINT('',(9.8856800000001,-3.25216147240348E-13,10.1618000000003));
#11267=CARTESIAN_POINT('',(16.5729372022403,-1.19451619623665E-14,15.804768289038));
#11268=CARTESIAN_POINT('',(18.63568,2.8421709430404E-14,10.1618000000001));
#11269=CARTESIAN_POINT('',(9.88568000000051,29.1687999999995,10.1618000000005));
#11270=CARTESIAN_POINT('',(16.5729372022403,29.1688,15.804768289038));
#11271=CARTESIAN_POINT('',(18.63568,29.1688,10.1618000000001));
#11272=CARTESIAN_POINT('',(18.63568,26.6688,10.1618000000001));
#11273=CARTESIAN_POINT('',(18.63568,26.6688000000001,13.3602938698772));
#11274=CARTESIAN_POINT('',(16.5729372022403,26.6688,15.8047682890379));
#11275=CARTESIAN_POINT('',(16.5729372022403,26.6688,15.804768289038));
#11276=CARTESIAN_POINT('',(16.5729372022403,-1.19451619623665E-14,15.804768289038));
#11277=CARTESIAN_POINT('',(127.55050286415,29.1688,6.19380000000007));
#11278=CARTESIAN_POINT('',(152.55050286415,29.1688,6.19380000000007));
#11279=CARTESIAN_POINT('',(132.55050286415,29.1688,21.19699934941));
#11280=CARTESIAN_POINT('',(132.55050286415,29.1688,26.1969993494099));
#11281=CARTESIAN_POINT('',(127.55050286415,29.1688,21.1969993494099));
#11282=CARTESIAN_POINT('',(147.55050286415,29.1688000000001,21.1969993494099));
#11283=CARTESIAN_POINT('',(152.55050286415,29.1688,21.1969993494099));
#11284=CARTESIAN_POINT('',(147.55050286415,29.1688,26.1969993494099));
#11285=CARTESIAN_POINT('',(147.55050286415,29.1688,26.1969993494099));
#11286=CARTESIAN_POINT('',(132.55050286415,29.1688,26.1969993494099));
#11287=CARTESIAN_POINT('',(149.700504222472,29.1688,12.9369993494199));
#11288=CARTESIAN_POINT('',(149.700504222472,29.1688,12.3734074411676));
#11289=CARTESIAN_POINT('',(149.234991559825,29.1688,11.2532361444439));
#11290=CARTESIAN_POINT('',(148.112647865971,29.1688,10.7869993494199));
#11291=CARTESIAN_POINT('',(147.550504222472,29.1688,10.7869993494199));
#11292=CARTESIAN_POINT('',(147.550535957492,29.1688,15.0869993489515));
#11293=CARTESIAN_POINT('',(148.114117155717,29.1688,15.0869906119197));
#11294=CARTESIAN_POINT('',(149.234271802971,29.1688,14.621476153853));
#11295=CARTESIAN_POINT('',(149.700504222472,29.1688,13.4991429929223));
#11296=CARTESIAN_POINT('',(149.700504222472,29.1688,12.9369993494199));
#11297=CARTESIAN_POINT('',(145.400504223305,29.1688,12.937039239153));
#11298=CARTESIAN_POINT('',(145.400825584457,29.1688,13.5069587614411));
#11299=CARTESIAN_POINT('',(145.870869108467,29.1688,14.6178349597836));
#11300=CARTESIAN_POINT('',(146.978564594138,29.1688,15.0867168104574));
#11301=CARTESIAN_POINT('',(147.550535957492,29.1688,15.0869993489515));
#11302=CARTESIAN_POINT('',(147.550504222472,29.1688,10.7869993494199));
#11303=CARTESIAN_POINT('',(146.986912314227,29.1688,10.7869993494199));
#11304=CARTESIAN_POINT('',(145.866741017492,29.1688,11.2525120120598));
#11305=CARTESIAN_POINT('',(145.400504222472,29.1688,12.3748557059358));
#11306=CARTESIAN_POINT('',(145.400504223305,29.1688,12.937039239153));
#11307=CARTESIAN_POINT('',(132.550504222472,29.1688,15.0869993494199));
#11308=CARTESIAN_POINT('',(133.114096130717,29.1688,15.0869993494199));
#11309=CARTESIAN_POINT('',(134.234267151196,29.1688,14.6214868015932));
#11310=CARTESIAN_POINT('',(134.700503992507,29.1688,13.4991435464678));
#11311=CARTESIAN_POINT('',(134.700504222472,29.1688,12.937000181231));
#11312=CARTESIAN_POINT('',(130.400504222473,29.1688,12.9369981174198));
#11313=CARTESIAN_POINT('',(130.400794085795,29.1688,13.5068367321494));
#11314=CARTESIAN_POINT('',(130.870796667308,29.1688,14.6177855371251));
#11315=CARTESIAN_POINT('',(131.978511833477,29.1688,15.0867085926195));
#11316=CARTESIAN_POINT('',(132.550504222472,29.1688,15.0869993494199));
#11317=CARTESIAN_POINT('',(132.550504221996,29.1688,10.7869993494199));
#11318=CARTESIAN_POINT('',(131.986912395578,29.1688,10.7869993496379));
#11319=CARTESIAN_POINT('',(130.866741505681,29.1688,11.2525117673865));
#11320=CARTESIAN_POINT('',(130.400504555683,29.1688,12.3748548034915));
#11321=CARTESIAN_POINT('',(130.400504222473,29.1688,12.9369981174198));
#11322=CARTESIAN_POINT('',(134.700504222472,29.1688,12.937000181231));
#11323=CARTESIAN_POINT('',(134.700214333577,29.1688,12.3671620082791));
#11324=CARTESIAN_POINT('',(134.23021174764,29.1688,11.2562130981064));
#11325=CARTESIAN_POINT('',(133.122496611555,29.1688,10.7872901062541));
#11326=CARTESIAN_POINT('',(132.550504221996,29.1688,10.7869993494199));
#11327=CARTESIAN_POINT('',(127.55050286415,29.1688,21.1969993494099));
#11328=CARTESIAN_POINT('',(127.55050286415,29.1687999999999,8.69380000000007));
#11329=CARTESIAN_POINT('',(152.55050286415,29.1688,21.1969993494099));
#11330=CARTESIAN_POINT('',(152.55050286415,29.1688,8.69380000000007));
#11331=CARTESIAN_POINT('',(147.550504222472,29.1688,10.7869993494199));
#11332=CARTESIAN_POINT('',(147.550504222472,30.1688,10.7869993494199));
#11333=CARTESIAN_POINT('',(134.700504222472,29.1688,12.937000181231));
#11334=CARTESIAN_POINT('',(134.700504222472,30.1688,12.937000181231));
#11335=CARTESIAN_POINT('',(15.4207383816437,29.1687999999999,28.6969993494099));
#11336=CARTESIAN_POINT('',(15.4207383816437,29.1688,26.1969993494099));
#11337=CARTESIAN_POINT('',(18.3201959627387,29.1688,124.68019869316));
#11338=CARTESIAN_POINT('',(32.5505028641501,29.1688000000001,124.68019869316));
#11339=CARTESIAN_POINT('',(15.4207383816436,29.1688,115.574954958847));
#11340=CARTESIAN_POINT('',(15.4207383816437,29.1688000000001,104.67699934375));
#11341=CARTESIAN_POINT('',(27.5505028641501,29.1688000000001,109.67699934375));
#11342=CARTESIAN_POINT('',(32.5505028641501,29.1688000000001,109.67699934375));
#11343=CARTESIAN_POINT('',(27.5505028641501,29.1688000000001,104.67699934375));
#11344=CARTESIAN_POINT('',(27.5505359574922,29.1688000000001,115.786999344208));
#11345=CARTESIAN_POINT('',(28.1141171557169,29.1688000000001,115.78700808124));
#11346=CARTESIAN_POINT('',(29.2342718029706,29.1688000000001,116.252522539307));
#11347=CARTESIAN_POINT('',(29.7005042224721,29.1688000000001,117.374855700237));
#11348=CARTESIAN_POINT('',(29.7005042216516,29.1688000000001,117.937038941376));
#11349=CARTESIAN_POINT('',(25.4005042233047,29.1688000000001,117.936959454007));
#11350=CARTESIAN_POINT('',(25.4008255844573,29.1688000000001,117.367039931719));
#11351=CARTESIAN_POINT('',(25.8708691084667,29.1688000000001,116.256163733376));
#11352=CARTESIAN_POINT('',(26.9785645941376,29.1688000000001,115.787281882702));
#11353=CARTESIAN_POINT('',(27.5505359574922,29.1688000000001,115.786999344208));
#11354=CARTESIAN_POINT('',(27.5504730805779,29.1688000000001,120.086999343289));
#11355=CARTESIAN_POINT('',(26.9868916821789,29.1688000000001,120.086990769544));
#11356=CARTESIAN_POINT('',(25.8667367237536,29.1688000000001,119.621476345042));
#11357=CARTESIAN_POINT('',(25.4005042224721,29.1688000000001,118.499142987224));
#11358=CARTESIAN_POINT('',(25.4005042233047,29.1688000000001,117.936959454007));
#11359=CARTESIAN_POINT('',(29.7005042216516,29.1688000000001,117.937038941376));
#11360=CARTESIAN_POINT('',(29.7001830927136,29.1688000000001,118.506957729573));
#11361=CARTESIAN_POINT('',(29.2301400315359,29.1688000000001,119.617834358575));
#11362=CARTESIAN_POINT('',(28.1224446000882,29.1688000000001,120.086716651313));
#11363=CARTESIAN_POINT('',(27.5504730805779,29.1688000000001,120.086999343289));
#11364=CARTESIAN_POINT('',(32.5505028641501,29.1688000000001,109.67699934375));
#11365=CARTESIAN_POINT('',(32.5505028641501,29.1688000000001,124.68019869316));
#11366=CARTESIAN_POINT('',(27.5505028641501,29.1688000000001,104.67699934375));
#11367=CARTESIAN_POINT('',(17.9207383816437,29.1688000000002,104.67699934375));
#11368=CARTESIAN_POINT('',(29.7005042216516,29.1688000000001,117.937038941376));
#11369=CARTESIAN_POINT('',(29.7005042216516,30.1688,117.937038941376));
#11370=CARTESIAN_POINT('',(15.4207383816437,29.1688000000001,104.67699934375));
#11371=CARTESIAN_POINT('',(15.4207383816437,29.1687999999999,102.17699934375));
#11372=CARTESIAN_POINT('',(18.63568,29.1688,122.3518));
#11373=CARTESIAN_POINT('',(18.63568,26.6688,122.3518));
#11374=CARTESIAN_POINT('',(18.3201959627387,2.8421709430404E-14,124.68019869316));
#11375=CARTESIAN_POINT('',(18.3201959627387,29.1688,124.68019869316));
#11376=CARTESIAN_POINT('',(15.4207383816436,2.8421709430404E-14,115.574954958847));
#11377=CARTESIAN_POINT('',(15.4207383816436,26.6688,115.574954958847));
#11378=CARTESIAN_POINT('',(15.4207383816436,26.6688,115.574954958847));
#11379=CARTESIAN_POINT('',(18.63568,26.6688000000001,118.200791825873));
#11380=CARTESIAN_POINT('',(18.63568,26.6688,122.3518));
#11381=CARTESIAN_POINT('',(18.63568,26.6688,122.3518));
#11382=CARTESIAN_POINT('',(18.63568,2.8421709430404E-14,122.3518));
#11383=CARTESIAN_POINT('',(15.4207383816436,26.6688,115.574954958847));
#11384=CARTESIAN_POINT('',(15.4207383816436,29.1688,115.574954958847));
#11385=CARTESIAN_POINT('',(127.55050286415,29.1688,124.68019869316));
#11386=CARTESIAN_POINT('',(152.55050286415,29.1688,124.68019869316));
#11387=CARTESIAN_POINT('',(132.55050286415,29.1688000000001,109.67699934375));
#11388=CARTESIAN_POINT('',(132.55050286415,29.1688,104.67699934375));
#11389=CARTESIAN_POINT('',(127.55050286415,29.1688,109.67699934375));
#11390=CARTESIAN_POINT('',(147.55050286415,29.1688000000001,109.67699934375));
#11391=CARTESIAN_POINT('',(152.55050286415,29.1688,109.67699934375));
#11392=CARTESIAN_POINT('',(147.55050286415,29.1688,104.67699934375));
#11393=CARTESIAN_POINT('',(149.700504222472,29.1688,117.93699934374));
#11394=CARTESIAN_POINT('',(149.700504222472,29.1688,118.500591251992));
#11395=CARTESIAN_POINT('',(149.234991559825,29.1688,119.620762548716));
#11396=CARTESIAN_POINT('',(148.112647865971,29.1688,120.08699934374));
#11397=CARTESIAN_POINT('',(147.550504222472,29.1688,120.08699934374));
#11398=CARTESIAN_POINT('',(147.550535957492,29.1688,115.786999344208));
#11399=CARTESIAN_POINT('',(148.114117155717,29.1688,115.78700808124));
#11400=CARTESIAN_POINT('',(149.234271802971,29.1688,116.252522539307));
#11401=CARTESIAN_POINT('',(149.700504222472,29.1688,117.374855700237));
#11402=CARTESIAN_POINT('',(149.700504222472,29.1688,117.93699934374));
#11403=CARTESIAN_POINT('',(145.400504223305,29.1688,117.936959454007));
#11404=CARTESIAN_POINT('',(145.400825584457,29.1688,117.367039931719));
#11405=CARTESIAN_POINT('',(145.870869108467,29.1688,116.256163733376));
#11406=CARTESIAN_POINT('',(146.978564594138,29.1688,115.787281882702));
#11407=CARTESIAN_POINT('',(147.550535957492,29.1688,115.786999344208));
#11408=CARTESIAN_POINT('',(147.550504222472,29.1688,120.08699934374));
#11409=CARTESIAN_POINT('',(146.986912314227,29.1688,120.08699934374));
#11410=CARTESIAN_POINT('',(145.866741017492,29.1688,119.6214866811));
#11411=CARTESIAN_POINT('',(145.400504222472,29.1688,118.499142987224));
#11412=CARTESIAN_POINT('',(145.400504223305,29.1688,117.936959454007));
#11413=CARTESIAN_POINT('',(132.550504222472,29.1688,115.78699934374));
#11414=CARTESIAN_POINT('',(133.114096130717,29.1688,115.78699934374));
#11415=CARTESIAN_POINT('',(134.234267151196,29.1688,116.252511891566));
#11416=CARTESIAN_POINT('',(134.700503992507,29.1688,117.374855146692));
#11417=CARTESIAN_POINT('',(134.700504222472,29.1688,117.936998511929));
#11418=CARTESIAN_POINT('',(130.400504222473,29.1688,117.93700057574));
#11419=CARTESIAN_POINT('',(130.400794085795,29.1688,117.36716196101));
#11420=CARTESIAN_POINT('',(130.870796667308,29.1688,116.256213156035));
#11421=CARTESIAN_POINT('',(131.978511833477,29.1688,115.78729010054));
#11422=CARTESIAN_POINT('',(132.550504222472,29.1688,115.78699934374));
#11423=CARTESIAN_POINT('',(132.550504221996,29.1688,120.08699934374));
#11424=CARTESIAN_POINT('',(131.986912395578,29.1688,120.086999343522));
#11425=CARTESIAN_POINT('',(130.866741505681,29.1688,119.621486925773));
#11426=CARTESIAN_POINT('',(130.400504555683,29.1688,118.499143889668));
#11427=CARTESIAN_POINT('',(130.400504222473,29.1688,117.93700057574));
#11428=CARTESIAN_POINT('',(134.700504222472,29.1688,117.936998511929));
#11429=CARTESIAN_POINT('',(134.700214333577,29.1688,118.506836684881));
#11430=CARTESIAN_POINT('',(134.23021174764,29.1688,119.617785595053));
#11431=CARTESIAN_POINT('',(133.122496611555,29.1688,120.086708586906));
#11432=CARTESIAN_POINT('',(132.550504221996,29.1688,120.08699934374));
#11433=CARTESIAN_POINT('',(127.55050286415,29.1688,109.67699934375));
#11434=CARTESIAN_POINT('',(127.55050286415,29.1688,124.68019869316));
#11435=CARTESIAN_POINT('',(152.55050286415,29.1688,109.67699934375));
#11436=CARTESIAN_POINT('',(152.55050286415,29.1688000000002,122.18019869316));
#11437=CARTESIAN_POINT('',(147.55050286415,29.1688,104.67699934375));
#11438=CARTESIAN_POINT('',(132.55050286415,29.1688,104.67699934375));
#11439=CARTESIAN_POINT('',(147.550504222472,29.1688,120.08699934374));
#11440=CARTESIAN_POINT('',(147.550504222472,30.1688,120.08699934374));
#11441=CARTESIAN_POINT('',(134.700504222472,29.1688,117.936998511929));
#11442=CARTESIAN_POINT('',(134.700504222472,30.1688,117.936998511929));
#11443=CARTESIAN_POINT('',(127.55050286415,26.6688,124.68019869316));
#11444=CARTESIAN_POINT('',(127.55050286415,29.1688,124.68019869316));
#11445=CARTESIAN_POINT('',(32.5505028641501,29.1688,6.19380000000007));
#11446=CARTESIAN_POINT('',(35.0505028641501,29.1687999999999,6.19380000000007));
#11447=CARTESIAN_POINT('',(217.85890286415,0.,4.69380000000007));
#11448=CARTESIAN_POINT('',(217.85890286415,0.,5.6843418860808E-14));
#11449=CARTESIAN_POINT('',(219.80050286415,0.,5.6843418860808E-14));
#11450=CARTESIAN_POINT('',(219.80050286415,0.,4.69380000000004));
#11451=CARTESIAN_POINT('',(127.55050286415,31.6688000000001,128.5118));
#11452=CARTESIAN_POINT('',(127.55050286415,31.6688,109.67699934375));
#11453=CARTESIAN_POINT('',(200.05050286415,31.6688,6.19380000000007));
#11454=CARTESIAN_POINT('',(200.05050286415,0.,6.19380000000007));
#11455=CARTESIAN_POINT('',(32.5505028641501,31.6688,128.5118));
#11456=CARTESIAN_POINT('',(32.5505028641501,31.6688,109.67699934375));
#11457=CARTESIAN_POINT('',(200.05050286415,31.6688,132.5118));
#11458=CARTESIAN_POINT('',(200.05050286415,0.,132.5118));
#11459=CARTESIAN_POINT('',(152.55050286415,29.1688,8.69380000000007));
#11460=CARTESIAN_POINT('',(152.55050286415,31.6688,8.69380000000007));
#11461=CARTESIAN_POINT('',(35.0505028641501,26.6688,131.0118));
#11462=CARTESIAN_POINT('',(35.0505028641501,31.6688,131.0118));
#11463=CARTESIAN_POINT('',(125.05050286415,31.6688,131.0118));
#11464=CARTESIAN_POINT('',(125.05050286415,26.6688,131.0118));
#11465=CARTESIAN_POINT('',(17.9207383816437,31.6688,26.19699934941));
#11466=CARTESIAN_POINT('',(17.9207383816437,29.1688000000001,26.19699934941));
#11467=CARTESIAN_POINT('',(127.55050286415,31.6687999999999,8.69380000000007));
#11468=CARTESIAN_POINT('',(127.55050286415,29.1687999999999,8.69380000000007));
#11469=CARTESIAN_POINT('',(155.05050286415,29.1688,6.19380000000007));
#11470=CARTESIAN_POINT('',(155.05050286415,31.6688,6.19380000000007));
#11471=CARTESIAN_POINT('',(125.05050286415,31.6688000000001,6.19380000000007));
#11472=CARTESIAN_POINT('',(125.05050286415,29.1688000000002,6.19380000000007));
#11473=CARTESIAN_POINT('',(35.0505028641501,29.1687999999999,6.19380000000007));
#11474=CARTESIAN_POINT('',(35.0505028641501,31.6688,6.19380000000007));
#11475=CARTESIAN_POINT('',(15.4207383816437,31.6688,28.6969993494099));
#11476=CARTESIAN_POINT('',(15.4207383816437,29.1687999999999,28.6969993494099));
#11477=CARTESIAN_POINT('',(15.4207383816437,29.1687999999999,102.17699934375));
#11478=CARTESIAN_POINT('',(15.4207383816437,31.6687999999999,102.17699934375));
#11479=CARTESIAN_POINT('',(152.55050286415,31.6688000000001,122.18019869316));
#11480=CARTESIAN_POINT('',(152.55050286415,29.1688000000002,122.18019869316));
#11481=CARTESIAN_POINT('',(155.05050286415,31.6687999999999,124.68019869316));
#11482=CARTESIAN_POINT('',(155.05050286415,29.1687999999999,124.68019869316));
#11483=CARTESIAN_POINT('',(127.55050286415,31.6688000000001,128.5118));
#11484=CARTESIAN_POINT('',(127.55050286415,26.6688,128.5118));
#11485=CARTESIAN_POINT('',(32.5505028641501,26.6688,128.5118));
#11486=CARTESIAN_POINT('',(32.5505028641501,31.6688,128.5118));
#11487=CARTESIAN_POINT('',(32.5505028641501,31.6688000000001,8.69380000000007));
#11488=CARTESIAN_POINT('',(35.0505028641501,31.6688,6.19380000000007));
#11489=CARTESIAN_POINT('',(35.0505028641501,29.1687999999999,6.19380000000007));
#11490=CARTESIAN_POINT('',(32.5505028641501,29.1688,8.69380000000007));
#11491=CARTESIAN_POINT('',(125.05050286415,31.6688000000001,6.19380000000007));
#11492=CARTESIAN_POINT('',(127.55050286415,31.6687999999999,8.69380000000007));
#11493=CARTESIAN_POINT('',(127.55050286415,29.1687999999999,8.69380000000007));
#11494=CARTESIAN_POINT('',(125.05050286415,29.1688000000002,6.19380000000007));
#11495=CARTESIAN_POINT('',(32.5505028641501,26.6688,128.5118));
#11496=CARTESIAN_POINT('',(35.0505028641501,26.6688,131.0118));
#11497=CARTESIAN_POINT('',(35.0505028641501,31.6688,131.0118));
#11498=CARTESIAN_POINT('',(32.5505028641501,31.6688,128.5118));
#11499=CARTESIAN_POINT('',(125.05050286415,26.6688,131.0118));
#11500=CARTESIAN_POINT('',(127.55050286415,26.6688,128.5118));
#11501=CARTESIAN_POINT('',(127.55050286415,31.6688000000001,128.5118));
#11502=CARTESIAN_POINT('',(125.05050286415,31.6688,131.0118));
#11503=CARTESIAN_POINT('',(15.4207383816437,31.6688,28.6969993494099));
#11504=CARTESIAN_POINT('',(17.9207383816437,31.6688,26.19699934941));
#11505=CARTESIAN_POINT('',(17.9207383816437,29.1688000000001,26.19699934941));
#11506=CARTESIAN_POINT('',(15.4207383816437,29.1687999999999,28.6969993494099));
#11507=CARTESIAN_POINT('',(152.55050286415,31.6688,8.69380000000007));
#11508=CARTESIAN_POINT('',(155.05050286415,31.6688,6.19380000000007));
#11509=CARTESIAN_POINT('',(155.05050286415,29.1688,6.19380000000007));
#11510=CARTESIAN_POINT('',(152.55050286415,29.1688,8.69380000000007));
#11511=CARTESIAN_POINT('',(17.9207383816437,31.6688000000002,104.67699934375));
#11512=CARTESIAN_POINT('',(15.4207383816437,31.6687999999999,102.17699934375));
#11513=CARTESIAN_POINT('',(15.4207383816437,29.1687999999999,102.17699934375));
#11514=CARTESIAN_POINT('',(17.9207383816437,29.1688000000002,104.67699934375));
#11515=CARTESIAN_POINT('',(155.05050286415,31.6687999999999,124.68019869316));
#11516=CARTESIAN_POINT('',(152.55050286415,31.6688000000001,122.18019869316));
#11517=CARTESIAN_POINT('',(152.55050286415,29.1688000000002,122.18019869316));
#11518=CARTESIAN_POINT('',(155.05050286415,29.1687999999999,124.68019869316));
#11519=CARTESIAN_POINT('',(27.5501771047045,31.6688,114.286999435802));
#11520=CARTESIAN_POINT('',(27.5505359574921,30.1688000000001,115.786999344208));
#11521=CARTESIAN_POINT('',(27.5501771047045,31.6688,114.286999435802));
#11522=CARTESIAN_POINT('',(28.0286225343009,31.6688,114.287016360459));
#11523=CARTESIAN_POINT('',(28.9819598348314,31.6688,114.480830962266));
#11524=CARTESIAN_POINT('',(30.2005465090055,31.6688,115.287576730507));
#11525=CARTESIAN_POINT('',(31.006357853782,31.6688,116.5066769948));
#11526=CARTESIAN_POINT('',(31.2003690904233,31.6688,117.459037556701));
#11527=CARTESIAN_POINT('',(31.2005041025921,31.6688,117.93746154069));
#11528=CARTESIAN_POINT('',(29.7005042216516,30.1688,117.937038941376));
#11529=CARTESIAN_POINT('',(31.2005041025921,31.6688,117.93746154069));
#11530=CARTESIAN_POINT('',(23.9005043425362,31.6688,117.936536549632));
#11531=CARTESIAN_POINT('',(23.897084048752,31.6688000000001,116.981360495755));
#11532=CARTESIAN_POINT('',(24.6926794387548,31.6688000000001,115.079518631211));
#11533=CARTESIAN_POINT('',(26.5940023616081,31.6688,114.282718431021));
#11534=CARTESIAN_POINT('',(27.5501771047045,31.6688,114.286999435802));
#11535=CARTESIAN_POINT('',(23.9005043425362,31.6688,117.936536549632));
#11536=CARTESIAN_POINT('',(25.4005042233047,30.1688,117.936959454007));
#11537=CARTESIAN_POINT('',(27.5508323518207,31.6688,121.586999251599));
#11538=CARTESIAN_POINT('',(27.0723867663597,31.6688,121.58698246598));
#11539=CARTESIAN_POINT('',(26.1190490720689,31.6688,121.393167987731));
#11540=CARTESIAN_POINT('',(24.9004619907691,31.6688,120.586422078687));
#11541=CARTESIAN_POINT('',(24.0946505228687,31.6688,119.367321559249));
#11542=CARTESIAN_POINT('',(23.9006393536212,31.6688,118.414960882397));
#11543=CARTESIAN_POINT('',(23.9005043425362,31.6688,117.936536549632));
#11544=CARTESIAN_POINT('',(27.5508323518207,31.6688,121.586999251599));
#11545=CARTESIAN_POINT('',(27.5504730805779,30.1688,120.086999343289));
#11546=CARTESIAN_POINT('',(31.2005041025921,31.6688,117.93746154069));
#11547=CARTESIAN_POINT('',(31.2039246806004,31.6688,118.892636987901));
#11548=CARTESIAN_POINT('',(30.4083299499004,31.6688000000001,120.794479029463));
#11549=CARTESIAN_POINT('',(28.507007378371,31.6688000000001,121.59128002163));
#11550=CARTESIAN_POINT('',(27.5508323518207,31.6688,121.586999251599));
#11551=CARTESIAN_POINT('',(132.550122980385,31.6688,114.286999440637));
#11552=CARTESIAN_POINT('',(132.550504222472,30.1688000000001,115.78699934374));
#11553=CARTESIAN_POINT('',(132.550122980385,31.6688,114.286999440637));
#11554=CARTESIAN_POINT('',(133.028576718872,31.6688,114.287008956691));
#11555=CARTESIAN_POINT('',(133.981935288306,31.6688,114.480816708303));
#11556=CARTESIAN_POINT('',(135.200535466034,31.6688000000001,115.287565448194));
#11557=CARTESIAN_POINT('',(136.006348267783,31.6688,116.506658325337));
#11558=CARTESIAN_POINT('',(136.200368751053,31.6688,117.459002651408));
#11559=CARTESIAN_POINT('',(136.200504125423,31.6688,117.937379746143));
#11560=CARTESIAN_POINT('',(134.700504222472,30.1688,117.936998511929));
#11561=CARTESIAN_POINT('',(136.200504125423,31.6688,117.937379746143));
#11562=CARTESIAN_POINT('',(128.900504319505,31.6688,117.936619513226));
#11563=CARTESIAN_POINT('',(128.897044628936,31.6688,116.98149722418));
#11564=CARTESIAN_POINT('',(129.69258722405,31.6688,115.079605052014));
#11565=CARTESIAN_POINT('',(131.593909079917,31.6688,114.282729298416));
#11566=CARTESIAN_POINT('',(132.550122980385,31.6688,114.286999440637));
#11567=CARTESIAN_POINT('',(128.900504319505,31.6688,117.936619513226));
#11568=CARTESIAN_POINT('',(130.400504222473,30.1688,117.93700057574));
#11569=CARTESIAN_POINT('',(132.550885463837,31.6688,121.586999246843));
#11570=CARTESIAN_POINT('',(132.072431794894,31.6688,121.586989730636));
#11571=CARTESIAN_POINT('',(131.119073363215,31.6688,121.39318203723));
#11572=CARTESIAN_POINT('',(129.900473279941,31.6688000000001,120.586433506455));
#11573=CARTESIAN_POINT('',(129.09466040531,31.6688,119.367340874347));
#11574=CARTESIAN_POINT('',(128.900639781512,31.6688,118.414996668586));
#11575=CARTESIAN_POINT('',(128.900504319505,31.6688,117.936619513226));
#11576=CARTESIAN_POINT('',(132.550885463837,31.6688,121.586999246843));
#11577=CARTESIAN_POINT('',(132.550504221996,30.1688,120.08699934374));
#11578=CARTESIAN_POINT('',(136.200504125423,31.6688,117.937379746143));
#11579=CARTESIAN_POINT('',(136.203963704445,31.6688,118.892501752081));
#11580=CARTESIAN_POINT('',(135.408421052722,31.6688,120.794393681885));
#11581=CARTESIAN_POINT('',(133.507099398736,31.6688,121.591269403749));
#11582=CARTESIAN_POINT('',(132.550885463837,31.6688,121.586999246843));
#11583=CARTESIAN_POINT('',(151.200504222472,31.6688,117.93699934374));
#11584=CARTESIAN_POINT('',(149.700504222472,30.1688,117.93699934374));
#11585=CARTESIAN_POINT('',(151.200504222472,31.6688,117.93699934374));
#11586=CARTESIAN_POINT('',(151.200494609446,31.6688000000001,118.415071840223));
#11587=CARTESIAN_POINT('',(151.006686858201,31.6688,119.368430409228));
#11588=CARTESIAN_POINT('',(150.19993798193,31.6688000000001,120.587030792709));
#11589=CARTESIAN_POINT('',(148.980844592294,31.6688,121.392843759575));
#11590=CARTESIAN_POINT('',(148.028499711266,31.6688,121.586864068038));
#11591=CARTESIAN_POINT('',(147.550504222472,31.6688,121.58699934374));
#11592=CARTESIAN_POINT('',(147.550504222472,30.1688,120.08699934374));
#11593=CARTESIAN_POINT('',(147.550504222472,31.6688,121.58699934374));
#11594=CARTESIAN_POINT('',(147.550177104705,31.6688,114.286999435802));
#11595=CARTESIAN_POINT('',(148.028622512898,31.6688000000001,114.287016382666));
#11596=CARTESIAN_POINT('',(148.981959957209,31.6688,114.480830812908));
#11597=CARTESIAN_POINT('',(150.200540842143,31.6688,115.287573408127));
#11598=CARTESIAN_POINT('',(151.00634862624,31.6688,116.506658955446));
#11599=CARTESIAN_POINT('',(151.200368952833,31.6688,117.459003864082));
#11600=CARTESIAN_POINT('',(151.200504222472,31.6688,117.93699934374));
#11601=CARTESIAN_POINT('',(147.550177104705,31.6688,114.286999435802));
#11602=CARTESIAN_POINT('',(147.550535957492,30.1688000000001,115.786999344208));
#11603=CARTESIAN_POINT('',(143.900504342536,31.6688,117.936536549632));
#11604=CARTESIAN_POINT('',(143.897084048752,31.6688,116.981360495755));
#11605=CARTESIAN_POINT('',(144.692679438755,31.6688000000001,115.079518631211));
#11606=CARTESIAN_POINT('',(146.594002361608,31.6688,114.282718431021));
#11607=CARTESIAN_POINT('',(147.550177104705,31.6688,114.286999435802));
#11608=CARTESIAN_POINT('',(143.900504342536,31.6688,117.936536549632));
#11609=CARTESIAN_POINT('',(145.400504223305,30.1688,117.936959454007));
#11610=CARTESIAN_POINT('',(147.550504222472,31.6688,121.58699934374));
#11611=CARTESIAN_POINT('',(147.072431704512,31.6688,121.586989753165));
#11612=CARTESIAN_POINT('',(146.119073280103,31.6688,121.393181828861));
#11613=CARTESIAN_POINT('',(144.900467065052,31.6688000000001,120.586429756554));
#11614=CARTESIAN_POINT('',(144.094650510882,31.6688,119.367321540986));
#11615=CARTESIAN_POINT('',(143.900639359633,31.6688,118.414960891424));
#11616=CARTESIAN_POINT('',(143.900504342536,31.6688,117.936536549632));
#11617=CARTESIAN_POINT('',(147.550504222472,31.6688,9.28699934941994));
#11618=CARTESIAN_POINT('',(148.028358444398,31.6688000000001,9.28702166917873));
#11619=CARTESIAN_POINT('',(148.980967268396,31.6688,9.48125789765935));
#11620=CARTESIAN_POINT('',(150.199845377862,31.6688000000001,10.2868848471585));
#11621=CARTESIAN_POINT('',(151.006802502945,31.6688,11.5056790642499));
#11622=CARTESIAN_POINT('',(151.200367105734,31.6688,12.4587987577911));
#11623=CARTESIAN_POINT('',(151.200504222472,31.6688,12.93699934942));
#11624=CARTESIAN_POINT('',(151.200504222472,31.6688,12.93699934942));
#11625=CARTESIAN_POINT('',(149.700504222472,30.1688,12.9369993494199));
#11626=CARTESIAN_POINT('',(151.200504222472,31.6688,12.93699934942));
#11627=CARTESIAN_POINT('',(151.200481905175,31.6688,13.4148535677676));
#11628=CARTESIAN_POINT('',(151.006245664821,31.6688,14.367462409576));
#11629=CARTESIAN_POINT('',(150.200623892961,31.6688,15.5863326846918));
#11630=CARTESIAN_POINT('',(148.98184918035,31.6688,16.3932835199784));
#11631=CARTESIAN_POINT('',(148.028750604947,31.6688,16.5868548115699));
#11632=CARTESIAN_POINT('',(147.550177104705,31.6688,16.5869992573578));
#11633=CARTESIAN_POINT('',(147.550535957492,30.1688000000001,15.0869993489514));
#11634=CARTESIAN_POINT('',(147.550177104705,31.6688,16.5869992573578));
#11635=CARTESIAN_POINT('',(147.550177104705,31.6688,16.5869992573578));
#11636=CARTESIAN_POINT('',(146.59400236155,31.6688,16.5912802620883));
#11637=CARTESIAN_POINT('',(144.692679438912,31.6688,15.7944800620938));
#11638=CARTESIAN_POINT('',(143.897084048697,31.6688000000001,13.8926381973507));
#11639=CARTESIAN_POINT('',(143.900504342536,31.6688,12.9374621435276));
#11640=CARTESIAN_POINT('',(145.400504223305,30.1688,12.937039239153));
#11641=CARTESIAN_POINT('',(143.900504342536,31.6688,12.9374621435276));
#11642=CARTESIAN_POINT('',(147.550504222472,30.1688,10.7869993494199));
#11643=CARTESIAN_POINT('',(147.550504222472,31.6688,9.28699934941994));
#11644=CARTESIAN_POINT('',(143.900504342536,31.6688,12.9374621435276));
#11645=CARTESIAN_POINT('',(143.900526357375,31.6688,12.4591790078885));
#11646=CARTESIAN_POINT('',(144.094753519083,31.6688,11.5065545338154));
#11647=CARTESIAN_POINT('',(144.900383974874,31.6688,10.287661490812));
#11648=CARTESIAN_POINT('',(146.119184111712,31.6688,9.48070128958407));
#11649=CARTESIAN_POINT('',(147.072303547665,31.6688,9.28713636070244));
#11650=CARTESIAN_POINT('',(147.550504222472,31.6688,9.28699934941994));
#11651=CARTESIAN_POINT('',(132.550504222472,30.1688,15.0869993494199));
#11652=CARTESIAN_POINT('',(132.550122980385,31.6688,16.5869992525228));
#11653=CARTESIAN_POINT('',(136.200504125423,31.6688,12.9366189470172));
#11654=CARTESIAN_POINT('',(136.200481706799,31.6688,13.4148547750582));
#11655=CARTESIAN_POINT('',(136.006245303977,31.6688,14.3674630436694));
#11656=CARTESIAN_POINT('',(135.200618519005,31.6688,15.5863406411925));
#11657=CARTESIAN_POINT('',(133.981824508236,31.6688000000001,16.3932976293866));
#11658=CARTESIAN_POINT('',(133.028704813822,31.6688,16.5868622329268));
#11659=CARTESIAN_POINT('',(132.550122980385,31.6688,16.5869992525228));
#11660=CARTESIAN_POINT('',(136.200504125423,31.6688,12.9366189470172));
#11661=CARTESIAN_POINT('',(134.700504222472,30.1688,12.937000181231));
#11662=CARTESIAN_POINT('',(132.550122980385,31.6688,16.5869992525228));
#11663=CARTESIAN_POINT('',(131.593909079918,31.6688000000001,16.5912693947442));
#11664=CARTESIAN_POINT('',(129.69258722405,31.6688,15.7943936411461));
#11665=CARTESIAN_POINT('',(128.897044628936,31.6688000000001,13.89250146898));
#11666=CARTESIAN_POINT('',(128.900504319505,31.6688,12.937379179934));
#11667=CARTESIAN_POINT('',(130.400504222473,30.1688,12.9369981174198));
#11668=CARTESIAN_POINT('',(128.900504319505,31.6688,12.937379179934));
#11669=CARTESIAN_POINT('',(128.900504319505,31.6688,12.937379179934));
#11670=CARTESIAN_POINT('',(128.900526825829,31.6688,12.4591432911655));
#11671=CARTESIAN_POINT('',(129.09476336906,31.6688,11.5065351430527));
#11672=CARTESIAN_POINT('',(129.900390227015,31.6688000000001,10.2876577904108));
#11673=CARTESIAN_POINT('',(131.119184143224,31.6688000000001,9.48070101148738));
#11674=CARTESIAN_POINT('',(132.072303700012,31.6688000000001,9.28713646596961));
#11675=CARTESIAN_POINT('',(132.550885463837,31.6688,9.28699944631705));
#11676=CARTESIAN_POINT('',(132.550504221996,30.1688,10.78699934942));
#11677=CARTESIAN_POINT('',(132.550885463837,31.6688,9.28699944631705));
#11678=CARTESIAN_POINT('',(132.550885463837,31.6688,9.28699944631705));
#11679=CARTESIAN_POINT('',(133.507099398736,31.6687999999999,9.28272928941061));
#11680=CARTESIAN_POINT('',(135.408421052722,31.6688,10.0796050112744));
#11681=CARTESIAN_POINT('',(136.203963704445,31.6688,11.981496941079));
#11682=CARTESIAN_POINT('',(136.200504125423,31.6688,12.9366189470172));
#11683=CARTESIAN_POINT('',(27.5505359574922,30.1688,15.0869993489514));
#11684=CARTESIAN_POINT('',(27.5501771047045,31.6688,16.5869992573578));
#11685=CARTESIAN_POINT('',(31.2005041025921,31.6688,12.9365371524693));
#11686=CARTESIAN_POINT('',(31.200482088765,31.6688,13.4148199354029));
#11687=CARTESIAN_POINT('',(31.0062548485474,31.6688000000001,14.3674443129074));
#11688=CARTESIAN_POINT('',(30.2006295964397,31.6688,15.5863294118123));
#11689=CARTESIAN_POINT('',(28.9818490070676,31.6688,16.3932833010911));
#11690=CARTESIAN_POINT('',(28.0287506875808,31.6688,16.5868549161956));
#11691=CARTESIAN_POINT('',(27.5501771047045,31.6688,16.5869992573578));
#11692=CARTESIAN_POINT('',(27.5501771047045,31.6688,16.5869992573578));
#11693=CARTESIAN_POINT('',(26.5940023615504,31.6688000000001,16.5912802620883));
#11694=CARTESIAN_POINT('',(24.6926794389124,31.6688000000001,15.7944800620938));
#11695=CARTESIAN_POINT('',(23.8970840486969,31.6688000000001,13.8926381973507));
#11696=CARTESIAN_POINT('',(23.9005043425362,31.6688,12.9374621435277));
#11697=CARTESIAN_POINT('',(25.4005042233047,30.1688,12.937039239153));
#11698=CARTESIAN_POINT('',(23.9005043425362,31.6688,12.9374621435277));
#11699=CARTESIAN_POINT('',(23.9005043425362,31.6688,12.9374621435277));
#11700=CARTESIAN_POINT('',(23.900526354789,31.6688000000001,12.4591790115569));
#11701=CARTESIAN_POINT('',(24.0947535286278,31.6688,11.5065545195566));
#11702=CARTESIAN_POINT('',(24.9003789027832,31.6688000000001,10.2876691652392));
#11703=CARTESIAN_POINT('',(26.1191599004228,31.6688,9.48071513551982));
#11704=CARTESIAN_POINT('',(27.0722586125046,31.6688000000001,9.2871436432237));
#11705=CARTESIAN_POINT('',(27.5508323518207,31.6688,9.28699944156074));
#11706=CARTESIAN_POINT('',(27.5504730805779,30.1688,10.786999349871));
#11707=CARTESIAN_POINT('',(27.5508323518207,31.6688,9.28699944156074));
#11708=CARTESIAN_POINT('',(29.7005042216517,30.1688,12.9369597517837));
#11709=CARTESIAN_POINT('',(31.2005041025921,31.6688,12.9365371524693));
#11710=CARTESIAN_POINT('',(27.5508323518207,31.6688,9.28699944156074));
#11711=CARTESIAN_POINT('',(28.5070073784288,31.6688,9.28271867157964));
#11712=CARTESIAN_POINT('',(30.4083299497428,31.6688000000001,10.0795196635526));
#11713=CARTESIAN_POINT('',(31.2039246806554,31.6688,11.9813617053122));
#11714=CARTESIAN_POINT('',(31.2005041025921,31.6688,12.9365371524693));
#11715=CARTESIAN_POINT('',(14.8548182190439,28.49000324,10.1618000000002));
#11716=CARTESIAN_POINT('',(14.8548182190439,30.90300324,10.1618000000002));
#11717=CARTESIAN_POINT('',(9.88568000000003,30.90300324,10.1618000000002));
#11718=CARTESIAN_POINT('',(14.8548182190438,30.90300324,10.1618000000002));
#11719=CARTESIAN_POINT('',(4.91654178095632,30.90300324,10.1618000000002));
#11720=CARTESIAN_POINT('',(9.88568000000004,28.49000324,10.1618000000002));
#11721=CARTESIAN_POINT('',(14.8548182190441,28.49000324,10.1618000000002));
#11722=CARTESIAN_POINT('',(4.91654178095594,28.49000324,10.1618000000002));
#11723=CARTESIAN_POINT('',(15.8242257477892,30.90300324,10.1618000000002));
#11724=CARTESIAN_POINT('',(15.9887775217365,32.7838386227303,10.1618000000002));
#11725=CARTESIAN_POINT('',(9.88568000000004,30.90300324,10.1618000000002));
#11726=CARTESIAN_POINT('',(15.8242257477892,30.90300324,10.1618000000002));
#11727=CARTESIAN_POINT('',(3.94713425221087,30.90300324,10.1618000000002));
#11728=CARTESIAN_POINT('',(12.19708,26.4755635054145,10.1618000000002));
#11729=CARTESIAN_POINT('',(12.19708,28.49000324,10.1618000000002));
#11730=CARTESIAN_POINT('',(9.88568000000004,28.49000324,10.1618000000002));
#11731=CARTESIAN_POINT('',(12.19708,28.49000324,10.1618000000002));
#11732=CARTESIAN_POINT('',(7.57428000000004,28.49000324,10.1618000000002));
#11733=CARTESIAN_POINT('',(9.88568000000004,26.4755635054145,10.1618000000002));
#11734=CARTESIAN_POINT('',(12.19708,26.4755635054145,10.1618000000002));
#11735=CARTESIAN_POINT('',(7.57428000000004,26.4755635054145,10.1618000000002));
#11736=CARTESIAN_POINT('',(3.2765155716329,32.7395635054145,10.1618000000002));
#11737=CARTESIAN_POINT('',(3.78258247826351,32.7838386227303,10.1618000000002));
#11738=CARTESIAN_POINT('',(3.2765155716329,33.2475635054145,10.1618000000002));
#11739=CARTESIAN_POINT('',(9.88568000000003,33.2475635054145,10.1618000000002));
#11740=CARTESIAN_POINT('',(3.2765155716329,33.2475635054145,10.1618000000002));
#11741=CARTESIAN_POINT('',(16.4948444283672,33.2475635054145,10.1618000000002));
#11742=CARTESIAN_POINT('',(14.8548182190439,28.49000324,122.3518));
#11743=CARTESIAN_POINT('',(14.8548182190439,30.90300324,122.3518));
#11744=CARTESIAN_POINT('',(9.88568000000002,30.90300324,122.3518));
#11745=CARTESIAN_POINT('',(14.8548182190438,30.90300324,122.3518));
#11746=CARTESIAN_POINT('',(4.9165417809563,30.90300324,122.3518));
#11747=CARTESIAN_POINT('',(9.88568000000005,28.49000324,122.3518));
#11748=CARTESIAN_POINT('',(14.8548182190441,28.49000324,122.3518));
#11749=CARTESIAN_POINT('',(4.91654178095596,28.49000324,122.3518));
#11750=CARTESIAN_POINT('',(15.8242257477892,30.90300324,122.3518));
#11751=CARTESIAN_POINT('',(15.9887775217365,32.7838386227303,122.3518));
#11752=CARTESIAN_POINT('',(9.88568000000004,30.90300324,122.3518));
#11753=CARTESIAN_POINT('',(15.8242257477892,30.90300324,122.3518));
#11754=CARTESIAN_POINT('',(3.94713425221088,30.90300324,122.3518));
#11755=CARTESIAN_POINT('',(12.19708,26.4755635054145,122.3518));
#11756=CARTESIAN_POINT('',(12.19708,28.49000324,122.3518));
#11757=CARTESIAN_POINT('',(9.88568000000004,28.49000324,122.3518));
#11758=CARTESIAN_POINT('',(12.19708,28.49000324,122.3518));
#11759=CARTESIAN_POINT('',(7.57428000000004,28.49000324,122.3518));
#11760=CARTESIAN_POINT('',(9.88568000000004,26.4755635054145,122.3518));
#11761=CARTESIAN_POINT('',(12.19708,26.4755635054145,122.3518));
#11762=CARTESIAN_POINT('',(7.57428000000004,26.4755635054145,122.3518));
#11763=CARTESIAN_POINT('',(3.2765155716329,32.7395635054145,122.3518));
#11764=CARTESIAN_POINT('',(3.78258247826351,32.7838386227303,122.3518));
#11765=CARTESIAN_POINT('',(3.2765155716329,33.2475635054145,122.3518));
#11766=CARTESIAN_POINT('',(9.88568000000004,33.2475635054145,122.3518));
#11767=CARTESIAN_POINT('',(3.2765155716329,33.2475635054145,122.3518));
#11768=CARTESIAN_POINT('',(16.4948444283672,33.2475635054145,122.3518));
#11769=CARTESIAN_POINT('',(2.90068000000008,33.2475635054145,10.1618000000001));
#11770=CARTESIAN_POINT('',(2.90068000000008,31.6688,10.1618000000001));
#11771=CARTESIAN_POINT('',(9.88568000000009,33.2475635054145,10.1618000000001));
#11772=CARTESIAN_POINT('',(2.90068000000009,33.2475635054145,10.1618000000001));
#11773=CARTESIAN_POINT('',(16.8706800000001,33.2475635054145,10.1618000000001));
#11774=CARTESIAN_POINT('',(9.88568000000001,31.6688,10.1618000000001));
#11775=CARTESIAN_POINT('',(2.90067999999997,31.6688000000001,10.1618000000001));
#11776=CARTESIAN_POINT('',(15.6341755423137,31.6688,6.19380000000007));
#11777=CARTESIAN_POINT('',(2.90068000000008,33.2475635054145,122.3518));
#11778=CARTESIAN_POINT('',(2.90068000000008,31.6688,122.3518));
#11779=CARTESIAN_POINT('',(9.88568000000009,33.2475635054145,122.3518));
#11780=CARTESIAN_POINT('',(2.90068000000009,33.2475635054145,122.3518));
#11781=CARTESIAN_POINT('',(16.8706800000001,33.2475635054145,122.3518));
#11782=CARTESIAN_POINT('',(9.88568000000011,31.6688000000001,122.3518));
#11783=CARTESIAN_POINT('',(2.90068000000012,31.6688000000002,122.3518));
#11784=CARTESIAN_POINT('',(16.8706800000001,31.6688,122.3518));
#11785=CARTESIAN_POINT('',(6.13568000000004,-8.33119999999997,10.1618000000002));
#11786=CARTESIAN_POINT('',(6.13568000000004,26.4755635054145,10.1618000000002));
#11787=CARTESIAN_POINT('',(9.88568000000004,26.4755635054145,10.1618000000002));
#11788=CARTESIAN_POINT('',(6.13568000000004,26.4755635054145,10.1618000000002));
#11789=CARTESIAN_POINT('',(13.63568,26.4755635054145,10.1618000000002));
#11790=CARTESIAN_POINT('',(9.88568000000004,-8.33119999999997,10.1618000000002));
#11791=CARTESIAN_POINT('',(6.13568000000004,-8.33119999999997,10.1618000000002));
#11792=CARTESIAN_POINT('',(13.63568,-8.33119999999997,10.1618000000002));
#11793=CARTESIAN_POINT('',(6.13568000000004,-8.33119999999994,122.3518));
#11794=CARTESIAN_POINT('',(6.13568000000004,26.4755635054145,122.3518));
#11795=CARTESIAN_POINT('',(9.88568000000004,26.4755635054145,122.3518));
#11796=CARTESIAN_POINT('',(6.13568000000004,26.4755635054145,122.3518));
#11797=CARTESIAN_POINT('',(13.63568,26.4755635054145,122.3518));
#11798=CARTESIAN_POINT('',(9.88568000000004,-8.33119999999994,122.3518));
#11799=CARTESIAN_POINT('',(6.13568000000004,-8.33119999999994,122.3518));
#11800=CARTESIAN_POINT('',(13.63568,-8.33119999999994,122.3518));
#11801=CARTESIAN_POINT('',(0.,0.,0.));
ENDSEC;
END-ISO-10303-21;
